date,open,high,low,close,volume,log_return
2015-01-05,168.6470660413276,168.8122661140158,166.3177160273211,166.6233367919922,169632600.0,-0.018224421955983547
2015-01-06,166.92894957322903,167.44934175106874,164.2609313452381,165.0539093017578,209151400.0,-0.009463653126384943
2015-01-07,166.3754906183617,167.44930974013607,165.92944926830862,167.1106414794922,125346700.0,0.012383973294837694
2015-01-08,168.5148859394458,170.29082122362388,168.49837475641723,170.0760498046875,147217800.0,0.017589571936535146
2015-01-09,170.4890728778248,170.5055966664213,168.10189588592164,168.71315002441406,158567300.0,-0.008045753129864618
2015-01-12,168.84534696175578,169.00229147312052,166.78856973022198,167.3915557861328,144396100.0,-0.007864222230168139
2015-01-13,168.60580720038158,169.72918563555,165.62389909993922,166.92074584960938,214553300.0,-0.002816589431326966
2015-01-14,164.91346747166824,166.1111962382504,164.02138464722543,165.91294860839844,192991100.0,-0.006055879185062861
2015-01-15,166.54900663505038,166.86288300701946,164.27747086579527,164.3931121826172,176613900.0,-0.009202659789158055
2015-01-16,164.18661346110187,166.70595572276284,164.0048895862307,166.54901123046875,211879600.0,0.01302904280415802
2015-01-20,167.18503146744484,167.44936168573867,165.3430259480595,166.90419006347656,130991100.0,0.0021303077370533326
2015-01-21,166.44167788522262,168.22586961604003,165.97911245959497,167.7467803955078,122942700.0,0.005035647208137979
2015-01-22,168.49838416512793,170.3734244640465,167.12719965980176,170.24127197265625,174356000.0,0.014761094974930597
2015-01-23,169.98520065672528,170.24127526039032,169.17571148901422,169.30787658691406,117516800.0,-0.005497865276992776
2015-01-26,169.09313463881273,169.79523815908667,168.3827629216211,169.70437622070312,92009700.0,0.002339147398339074
2015-01-27,167.65583025769982,168.60573999976427,166.63983797473307,167.46585083007812,134044600.0,-0.013278505052272946
2015-01-28,168.64706860560267,168.74618612993115,165.1282578484053,165.3182373046875,168514300.0,-0.012907127575092658
2015-01-29,165.51650818201227,167.1024518135914,164.1122758358799,166.8463897705078,173585400.0,0.009201240124427221
2015-01-30,165.67343415017112,166.99504739330268,164.48397340858196,164.748291015625,197729700.0,-0.012654767256880011
2015-02-02,165.24393365704213,166.87943616967166,163.43496283666747,166.78857421875,163107000.0,0.012308187560044717
2015-02-03,167.68062446617702,169.20875342530874,167.30892116918625,169.2004852294922,124212900.0,0.014357327263775642
2015-02-04,168.44057206127013,169.64655660572535,168.10190370106497,168.55621337890625,134306700.0,-0.003815010240512738
2015-02-05,169.21707088469543,170.40653195311086,169.14273271890988,170.25784301757812,97953200.0,0.010044706905417948
2015-02-06,170.62122529181084,171.18292062670562,169.26656461865574,169.78695678710938,125672000.0,-0.002769555845178139
2015-02-09,169.1426646169671,169.86129180480972,168.6222724580705,169.0270233154297,87219000.0,-0.004485852359375629
2015-02-10,170.0595726937605,171.08382082082983,169.06834693936443,170.8277587890625,96164200.0,0.010597186918417469
2015-02-11,170.6624860764059,171.3563337260647,170.01819717258653,170.9268035888672,91087800.0,0.0005796253421666293
2015-02-12,171.7198709274691,172.62849042176754,170.95994035221958,172.57066345214844,97545900.0,0.009571380115862267
2015-02-13,172.69454368851316,173.33056462266381,172.43846907159076,173.281005859375,93670400.0,0.0041077922653814354
2015-02-17,172.96714451626255,173.7270876879443,172.71935066023605,173.55361938476562,76968200.0,0.0015720090307547812
2015-02-18,173.18188702097638,173.64445228011232,172.91755681349412,173.5701141357422,80652900.0,9.503672262153512e-05
2015-02-19,172.9753918948121,173.80966051892923,172.83497119197804,173.4462127685547,91462500.0,-0.0007140953485268108
2015-02-20,173.03319335975746,174.56132239525118,172.4136836324964,174.4869842529297,140896400.0,0.005982611590535798
2015-02-23,174.2391617104285,174.46218872070312,173.85919023381086,174.46218872070312,74411100.0,-0.00014211543794183612
2015-02-24,174.38784325925505,175.15604182724803,174.09047810454112,174.95779418945312,72472300.0,0.002836734161392493
2015-02-25,174.83392244920137,175.31301152317158,174.4704746962613,174.80914306640625,73061700.0,-0.0008500010502033137
2015-02-26,174.71824139238635,174.87518585036773,173.99960164289035,174.60260009765625,72697900.0,-0.001182232691645157
2015-02-27,174.50353490182786,174.76786516180445,173.958375797557,174.0079345703125,108076000.0,-0.003411635880131302
2015-03-02,174.10702503800874,175.16432070555928,174.05746627296082,175.10650634765625,87491400.0,0.006293497344205748
2015-03-03,174.67694218695533,175.15603116282256,173.52878480470744,174.38783264160156,110325800.0,-0.004112654420091603
2015-03-04,173.7931153877391,173.86746613042823,172.6862610867606,173.65269470214844,114497200.0,-0.004224444999736548
2015-03-05,173.9748343708267,174.12352324808586,173.338813507535,173.84268188476562,76873000.0,0.0010934660680287209
2015-03-06,172.98361779581307,173.41314802743403,171.06727444635007,171.39767456054688,188128000.0,-0.014164324399104682
2015-03-09,171.59596916334027,172.46327285150772,171.43902465475077,172.10809326171875,89818900.0,0.0041362898710472894
2015-03-10,170.74512768789077,170.8277214133803,169.27481316828494,169.3161163330078,157121300.0,-0.016355250075666232
2015-03-11,169.57222253293673,169.74569082843064,168.83707138338562,168.919677734375,110145700.0,-0.0023441562786931567
2015-03-12,169.5474329380123,171.13337647061587,169.497874171987,171.0673065185547,93993500.0,0.012633762168418052
2015-03-13,170.7947190412468,171.75288458432593,168.98574847515465,170.0182647705078,162410900.0,-0.006151213326517341
2015-03-16,170.74515462838175,172.3806568570192,170.0430385291803,172.289794921875,136099200.0,0.013272042130306843
2015-03-17,171.5546219127697,172.15760780310515,170.96814720565243,171.77764892578125,94510400.0,-0.002977011533621163
2015-03-18,171.30681621137117,174.51175032254008,170.67078274412282,173.84268188476562,228808500.0,0.011949861443830574
2015-03-19,173.4296999300412,173.85096203452886,172.6615012642596,173.0497283935547,117917300.0,-0.004571762591760794
2015-03-20,173.9964371148031,175.08334236742368,173.81390205525543,174.5772247314453,177715100.0,0.008788191796711605
2015-03-23,174.5855025701291,175.1579976944319,174.23703002929688,174.23703002929688,71784500.0,-0.0019505785980274742
2015-03-24,174.11257043384242,174.5688953590549,173.191602819688,173.2579803466797,77805300.0,-0.0056349141367122305
2015-03-25,173.46537261303482,173.69768758352507,170.67758030693514,170.71905517578125,159521700.0,-0.014762446428054745
2015-03-26,170.0553560026632,171.22522364528578,169.358398223387,170.31256103515625,153067200.0,-0.002383909959147611
2015-03-27,170.19636661978635,170.87671404274337,170.00552650267113,170.70248413085938,118939000.0,0.0022868390773952895
2015-03-30,171.73126608164284,173.08368084646452,171.71468120051205,172.7849884033203,96180400.0,0.01212579762388246
2015-03-31,171.963646532205,172.66060427186957,171.21692146997367,171.27499389648438,126768700.0,-0.008777563677138937
2015-04-01,171.2417606998443,171.26665068385918,169.6819208470938,170.6692657470703,137303600.0,-0.003542851011018908
2015-04-02,170.60293450290862,171.73132717172223,170.42039946381973,171.28329467773438,86900900.0,0.00359131447857172
2015-04-06,170.3955014457633,172.95097921240085,170.26275905467685,172.4365692138672,114368200.0,0.006710574424816006
2015-04-07,172.4614980599821,173.20822323643148,171.94708794554901,171.9802703857422,81236300.0,-0.0026496909711094425
2015-04-08,172.2042701655457,173.0007752267654,171.81431007882907,172.56103515625,89351900.0,0.0033712377077025923
2015-04-09,172.39506560943883,173.5566405495446,171.90554564612407,173.32432556152344,85548900.0,0.004413552760537245
2015-04-10,173.57325759435778,174.31169017357283,173.37413767380824,174.27020263671875,72722900.0,0.005442429803716164
2015-04-13,174.12911376097568,174.75969378678676,173.43216888423098,173.48194885253906,74436600.0,-0.0045334306678999105
2015-04-14,173.28291138587718,173.99645414479616,172.66063616566487,173.8139190673828,75099900.0,0.0019117435398127072
2015-04-15,174.27848786713062,175.09988276617088,174.19551280288417,174.59376525878906,99529300.0,0.004476637737056453
2015-04-16,174.26191135152382,175.05012391611444,174.06277876943213,174.54400634765625,68934900.0,-0.00028503883289836463
2015-04-17,173.35757112990004,173.5981786303334,171.75624307452983,172.53616333007812,191113200.0,-0.011570038229779712
2015-04-20,173.45706354171097,174.44440847380847,173.37410114570088,174.11253356933594,92189500.0,0.009094977823988158
2015-04-21,174.79295459151788,174.9505996686606,173.606489280764,173.90518188476562,72559800.0,-0.0011916158281510014
2015-04-22,174.24531243943684,174.94227014118775,173.3243448273341,174.75973510742188,78264600.0,0.004901869342926211
2015-04-23,174.36151849374383,175.8466891674251,174.24536095448013,175.19952392578125,102585900.0,0.0025133728485312364
2015-04-24,175.6143689483349,175.87157401630265,175.15803125022026,175.60606384277344,61327400.0,0.002317751559042048
2015-04-27,176.17019970466308,176.2946496385879,174.68502963866905,174.87586975097656,79358100.0,-0.004166806207641924
2015-04-28,174.8509904598969,175.48155793071655,173.68111036857317,175.43177795410156,86863500.0,0.003173831193323005
2015-04-29,174.5440107847622,175.30733337852325,173.90515080555448,174.7099609375,125684900.0,-0.00412300482319155
2015-04-30,174.13744681855195,174.52740684652383,172.26231664314207,172.9592742919922,161304900.0,-0.01007107483354109
2015-05-01,173.7391862143041,174.87588389704135,173.63962625911066,174.8343963623047,103399700.0,0.010783061323739672
2015-05-04,175.25757748874994,175.9130477655993,175.1497250669073,175.33226013183594,70927200.0,0.002843583738050264
2015-05-05,175.09159061917188,175.44836820377265,173.1832780802404,173.32432556152344,113326200.0,-0.011518249487082811
2015-05-06,173.87189558645014,174.17888047446598,171.54873351387542,172.61074829101562,135060200.0,-0.0041255040990107565
2015-05-07,172.5112563713364,173.7226241798103,172.17938137022506,173.29946899414062,88244900.0,0.003982083088590524
2015-05-08,174.96719142130206,175.7802941151666,174.8842163328538,175.58116149902344,155877300.0,0.013080262056477929
2015-05-11,175.5396971735505,175.80519468415648,174.66850933332694,174.74317932128906,75708100.0,-0.004784045402151531
2015-05-12,173.91341300842794,174.7597105314007,173.09200547199407,174.22039794921875,119727600.0,-0.00299619672202937
2015-05-13,174.62700942418684,175.24928460026194,174.02133179766892,174.25364685058594,94667900.0,0.00019082569829380875
2015-05-14,175.2658989110078,176.16197676947698,174.99209628812372,176.07070922851562,95934000.0,0.01037369307276039
2015-05-15,176.261474609375,176.4025220938169,175.78024707763444,176.261474609375,76510100.0,0.0010828724042326106
2015-05-18,176.09553949672417,177.05798191288406,176.02916197488247,176.80908203125,74549700.0,0.0031019740993769988
2015-05-19,176.92528021508664,177.19908280806544,176.46894256012197,176.75103759765625,72114600.0,-0.0003283426545739341
2015-05-20,176.85058157999936,177.37329672479893,176.31128154758866,176.62657165527344,76857500.0,-0.0007044359589897419
2015-05-21,176.48548802195896,177.3483704292244,176.31953789806212,177.1409454345703,64764600.0,0.0029079783582433225
2015-05-22,176.75930935079924,177.17415941398292,176.65145694332057,176.71783447265625,57433500.0,-0.0023914125497604397
2015-05-26,176.22829770881899,176.65145286603982,174.4029600049852,174.81781005859375,124308600.0,-0.01080995879591427
2015-05-27,175.27409532847898,176.7094725406283,174.8675378396254,176.47715759277344,93214000.0,0.009447103021954003
2015-05-28,176.1701958658901,176.38591330006497,175.58940841986788,176.27806091308594,74974600.0,-0.0011288093861330734
2015-05-29,176.21175530193312,176.25323018911732,174.91742484828134,175.18292236328125,124919600.0,-0.0062319412182047715
2015-06-01,175.8466731518273,176.17854818800532,174.7514627440418,175.53968811035156,93338800.0,0.0020344617624965776
2015-06-02,175.0833224787473,176.0540700977669,174.46104739012816,175.36541748046875,91531000.0,-0.0009932636569476572
2015-06-03,175.89644040068288,176.45233800913786,175.34054279222792,175.83006286621094,87820900.0,0.002646079934707461
2015-06-04,175.1247685850004,175.78022595277886,174.02955861123456,174.3448486328125,151882800.0,-0.008482750137634856
2015-06-05,174.19555883491697,174.7182740253216,173.3907486078771,174.0462188720703,121704700.0,-0.0017143369146580178
2015-06-08,173.93833102314068,174.08768362665737,172.90120588284333,172.9758758544922,89063300.0,-0.006168750797321048
2015-06-09,172.95098876953125,173.49030144767775,172.32042123131572,172.95098876953125,105034700.0,-0.00014388639651289416
2015-06-10,173.71434061537542,175.40693624748826,173.65626818007914,175.0252685546875,134551300.0,0.011922102791113543
2015-06-11,175.46501489863908,175.97113258516208,175.23269982878148,175.5894775390625,73876400.0,0.00321840126618892
2015-06-12,174.7680765860437,175.46502182312045,173.97155870065436,174.245361328125,135382400.0,-0.007684328006505776
2015-06-15,173.1086513386087,173.7807064831923,172.40340109589576,173.4986114501953,124384200.0,-0.004294832314799253
2015-06-16,173.34918707171533,174.52737202341189,173.1749571894299,174.44439697265625,85308200.0,0.0054364526888420915
2015-06-17,174.7265625,175.33225276281615,173.70603479640596,174.7265625,126708600.0,0.0016162030725039424
2015-06-18,175.32394929798113,177.00823971096892,174.75975923225266,176.54360961914062,165867900.0,0.010345673901916218
2015-06-19,176.3018084335659,176.37684161534378,175.38469380583308,175.75987243652344,130478700.0,-0.004449223555339534
2015-06-22,176.6770481598097,177.24398269169183,176.45193581483045,176.66036987304688,70696000.0,0.005110372720914114
2015-06-23,176.8687332929665,177.1188566072924,176.39351044536755,176.7853546142578,68476800.0,0.0007072358654320992
2015-06-24,176.51854725890612,176.89372583021103,175.47637749317096,175.5013885498047,92307300.0,-0.007289356040934015
2015-06-25,176.00165632585197,176.1267116240838,174.8927860349281,174.9678192138672,97107400.0,-0.003044888032156427
2015-06-26,175.32636882131126,175.5681594282429,174.38425562567184,174.9345245361328,104174800.0,-0.00019030840135587652
2015-06-29,173.45875114834269,174.9427999864751,171.19098855307968,171.26602172851562,202621300.0,-0.021193728100929485
2015-06-30,172.8000848380619,172.85011967454733,171.1492914444219,171.62452697753906,182925100.0,0.0020910776398462656
2015-07-01,173.1919387824699,173.44206207348822,172.21646939711758,173.00018310546875,135979900.0,0.007983544965608148
2015-07-02,173.47545965044043,173.6422043099479,172.4249441241193,172.84181213378906,104373700.0,-0.0009158574431667245
2015-07-06,171.55785267148914,173.1252676311306,171.35775146051736,172.3498992919922,117975400.0,-0.0028500868271072516
2015-07-07,172.55000349604325,173.55881690458054,170.17385087151584,173.4337615966797,173820200.0,0.0062690403105047435
2015-07-08,172.09976241238823,172.3832295642684,170.29055704167047,170.5240020751953,164020100.0,-0.016919687500234603
2015-07-09,172.6166525800549,172.87512136158918,170.72408149408113,170.83245849609375,144113100.0,0.0018072398825364816
2015-07-10,172.82510865174763,173.40038845669895,170.87416970419113,172.9835205078125,129456900.0,0.01251303144738541
2015-07-13,174.24250913650008,175.00119930594377,174.20081978785296,174.892822265625,106069400.0,0.010977009326279003
2015-07-14,174.85114022385267,175.96001079082825,174.79277258894697,175.65151977539062,81709600.0,0.004328688861587748
2015-07-15,175.69318389756324,176.15174124239255,175.11790402148668,175.5931396484375,97914100.0,-0.00033241859156791945
2015-07-16,176.6436688574949,177.00218200683594,176.40189097866778,177.00218200683594,106683300.0,0.007992447843530589
2015-07-17,176.99380980423336,177.21058930613975,176.5852873062746,177.1522216796875,89030000.0,0.000847312247236466
2015-07-20,177.37731254025718,177.73581287041966,176.92710075231818,177.24391174316406,70446800.0,0.0005174439384358403
2015-07-21,177.11052872219872,177.36899756318357,176.24344889766735,176.54359436035156,77965000.0,-0.003958976987216344
2015-07-22,175.8599150166322,176.56026287200874,175.82657117675748,176.2267608642578,88667900.0,-0.0017962596720005168
2015-07-23,176.36019849648346,176.4602427588005,174.87614923703148,175.23464965820312,90509100.0,-0.005645648776845548
2015-07-24,175.3346790374915,175.39303394072115,173.08359443714681,173.41708374023438,117755000.0,-0.01042634932955641
2015-07-27,172.53331692506057,173.04189635575844,171.96636987227896,172.4082489013672,132361100.0,-0.005834377099467992
2015-07-28,173.2420249526405,174.66771933333678,172.41663432543018,174.52598571777344,123544800.0,0.012208441303134991
2015-07-29,174.65094480741746,175.95157041875285,174.50921126995624,175.72647094726562,105791300.0,0.006854997917324269
2015-07-30,175.2179958472517,175.93500945948728,174.60102650404292,175.7682647705078,91304400.0,0.00023780625535571592
2015-07-31,176.2684239707699,176.29343502740363,175.21792142675645,175.5013885498047,103266900.0,-0.0015194951771607098
2015-08-03,175.46805330387474,175.5264081982769,173.95898072291158,174.90943908691406,113965700.0,-0.00337860579237008
2015-08-04,174.8344463902207,175.293003760113,174.08408903716236,174.56765747070312,81820800.0,-0.0019559606540324537
2015-08-05,175.45970953616686,176.17672288604265,174.8594186980476,175.1428985595703,85786800.0,0.0032898155217903537
2015-08-06,175.32631450183948,175.4347042383865,173.1252522637311,173.70887756347656,116030800.0,-0.008221423375625755
2015-08-07,173.5505327067585,173.7005991182477,172.4750058705327,173.3754425048828,117858000.0,-0.001921349608091669
2015-08-10,174.4842574429596,175.64314989691428,174.4842574429596,175.55978393554688,80270700.0,0.012520203172557899
2015-08-11,174.22578553646764,174.64265347090495,173.2169595375375,173.9756622314453,126081400.0,-0.009064216905125388
2015-08-12,172.67506764659507,174.36755074979908,171.2160296112949,174.1841278076172,172123700.0,0.001197528301940987
2015-08-13,174.02574688422862,174.70941664884634,173.4254558251804,173.96739196777344,89383300.0,-0.0012450663319353856
2015-08-14,173.7755339284045,174.6759700529076,173.63380037942687,174.60093688964844,72786500.0,0.0036351301427708723
2015-08-17,174.00907700255445,175.5764923095703,173.55051957690992,175.5764923095703,79072600.0,0.005571792253909568
2015-08-18,175.30128558356714,175.65145309465998,174.83439556877664,175.06784057617188,71692700.0,-0.0029012423272200463
2015-08-19,174.32586652045595,175.09290215490807,172.87517394473667,173.68389892578125,172946000.0,-0.007936585015050962
2015-08-20,172.1748126984539,173.65886172552786,169.99876128116887,170.05712890625,194327900.0,-0.021102541235827738
2015-08-21,168.18955347177467,170.0321155609395,164.67953216633668,164.93798828125,346588500.0,-0.03056485832618222
2015-08-24,156.3171156941075,164.64612744671922,152.07339118436803,157.992919921875,507244300.0,-0.04301935325893152
2015-08-25,162.93701933416563,162.9536976161637,155.84193059927358,156.1337432861328,369833100.0,-0.011837252691482853
2015-08-26,160.1440002975013,162.4034175624489,157.0508343737949,162.1282958984375,339257000.0,0.03767500308539959
2015-08-27,164.26264410364965,166.2636050960368,162.75358421963602,166.1385498046875,274143900.0,0.02443410582227623
2015-08-28,165.49658334975751,166.61378645112822,165.01301498010434,166.1468963623047,160414400.0,5.023727469999579e-05
2015-08-31,165.1713806569764,166.02179463627746,164.25426629480884,164.80453491210938,163298800.0,-0.008112180125455908
2015-09-01,161.0111258010714,162.38679812081975,159.01849685471262,159.88558959960938,256000400.0,-0.03030164031686766
2015-09-02,162.26167538279665,162.96202320130396,160.42745896303018,162.9203338623047,160269300.0,0.018802837568406557
2015-09-03,163.62902429870644,165.12141887676555,162.54517766608922,163.03707885742188,152087800.0,0.0007163205716664944
2015-09-04,160.78599337005926,161.62806215377893,159.75215614582967,160.5692138671875,207081000.0,-0.015252563929406047
2015-09-08,163.36224883448918,164.75458655536866,162.72026849359887,164.60450744628906,116025700.0,0.02482058344923442
2015-09-09,166.18023161757117,166.3052869032578,162.03656352783142,162.4033966064453,149347700.0,-0.013462329537188154
2015-09-10,162.21165920366735,164.42939981290357,161.9532031029294,163.2871856689453,158611100.0,0.005427183221621713
2015-09-11,162.89529368431928,164.09587519080304,162.18661321341497,164.0291748046875,119691200.0,0.004533781358465393
2015-09-14,164.20427649476838,164.25429861131062,162.93699441456607,163.42056274414062,79452000.0,-0.0037172896575312447
2015-09-15,163.92080987050704,165.90510531161007,163.3788866438561,165.46322631835938,113806200.0,0.012421955159718385
2015-09-16,165.76342416223778,167.0890615612163,165.42158929428368,166.8972930908203,99581600.0,0.008629639131981197
2015-09-17,166.76390058189295,169.1567191508858,166.14693127954274,166.52210998535156,276046600.0,-0.0022505184782923397
2015-09-18,164.01876403278732,166.5078213622885,163.3902112311698,163.8008575439453,223657500.0,-0.016476686592855706
2015-09-21,164.63057387627785,165.66977312973452,163.5997507243054,164.6473388671875,105726200.0,0.005154439614026194
2015-09-22,162.4850365321148,162.97111872901064,161.37877785202048,162.5101776123047,153890900.0,-0.013065215061451722
2015-09-23,162.6778691251511,163.14718657021248,161.67218705888504,162.25045776367188,92790600.0,-0.0015994543408948284
2015-09-24,161.03525019150445,162.12474445816738,159.70272109335767,161.66380310058594,159378800.0,-0.003622287595346401
2015-09-25,163.1220430473588,163.42374894153775,160.7503019768851,161.6219024658203,155054800.0,-0.00025921736890186165
2015-09-28,160.72515737628274,160.8341106320066,157.2555460629324,157.5656280517578,178515900.0,-0.025417614444643886
2015-09-29,157.78350936374622,159.01547380900044,156.6604853688763,157.6577911376953,159045600.0,0.0005847477246493602
2015-09-30,159.54347975454826,160.76706833242253,158.76408031426854,160.59945678710938,163452000.0,0.018486613866638524
2015-10-01,160.9766180782474,161.32023012685679,159.0825829412327,161.01852416992188,131079000.0,0.002605996211593875
2015-10-02,159.04064658051715,163.44889292368572,158.49589306831552,163.4237518310547,211003300.0,0.014827116583373885
2015-10-05,164.64731598970752,166.55811547378664,164.5383627458455,166.3318328857422,126320800.0,0.017638254410391536
2015-10-06,166.1977325448011,166.7592381565138,165.09986240936743,165.76193237304688,110274500.0,-0.0034321696566233266
2015-10-07,166.6922200188745,167.4716322461538,165.50216142426532,167.11964416503906,124307300.0,0.008157371368653904
2015-10-08,166.73414136871068,168.91313001848616,166.4324354447101,168.62818908691406,153055200.0,0.008986238623269525
2015-10-09,168.7706200665533,169.20640746419622,168.10016119364352,168.7287139892578,107069200.0,0.0005959558224677426
2015-10-12,168.8041578059088,169.089098705504,168.37674645651603,168.88796997070312,56395600.0,0.0009434130528695521
2015-10-13,168.1588314648313,169.4243260345395,167.6559968652406,167.8236083984375,88038700.0,-0.006322117716035175
2015-10-14,167.76494043382095,168.34321110380344,166.72574123600018,167.01905822753906,99106200.0,-0.004805550781899864
2015-10-15,167.68113366653773,169.59193322957273,167.3123806301731,169.58355712890625,134142200.0,0.015237840738454713
2015-10-16,169.98580024510346,170.37130542131746,169.22315320406815,170.35455322265625,114580100.0,0.004536104616038709
2015-10-19,169.70920702914214,170.43832397460938,169.3991251627592,170.43832397460938,76523900.0,0.0004916226790260648
2015-10-20,170.00261102800798,170.8322926630684,169.7511873130431,170.2205047607422,78448500.0,-0.0012788116741914812
2015-10-21,170.639550390483,170.79039695586204,168.9969264357949,169.16455078125,102038000.0,-0.0062227689151851525
2015-10-22,170.1115543212638,172.23187176059804,169.1645433085749,172.02235412597656,174911700.0,0.016752519744758197
2015-10-23,173.6900500758307,174.27669666204596,172.89388593825737,173.90794372558594,144442300.0,0.010901665947727882
2015-10-26,173.73195340040317,173.7906116641302,173.11177685451898,173.48052978515625,69033000.0,-0.002460727333768442
2015-10-27,172.81010415201033,173.48056299169156,172.4664922383321,173.1453399658203,77905800.0,-0.0019340156235647954
2015-10-28,173.4805724101665,175.1399482178146,172.81850242234762,175.11480712890625,135906700.0,0.011310442351749104
2015-10-29,174.61198147797265,175.3830047490535,174.49465212776337,175.01425170898438,90525500.0,-0.000574390614822275
2015-10-30,175.20700293085025,175.5254737879926,174.10075660741566,174.25997924804688,131076900.0,-0.004319091227666229
2015-11-02,174.58681062981634,176.51436208500124,174.46109241234478,176.3216094970703,86270800.0,0.011761336478765027
2015-11-03,175.9696437316192,177.3859847602942,175.74336114194094,176.83285522460938,95246100.0,0.002895311461415882
2015-11-04,177.1262031778266,177.2519086361511,175.76014418697665,176.2965087890625,96224500.0,-0.003037679120640129
2015-11-05,176.3551115211073,176.81605270300022,175.2321004873585,176.12045288085938,78408700.0,-0.0009991342188231836
2015-11-06,175.7768941585432,176.26297653576705,174.7041650460284,176.02830505371094,110471500.0,-0.0005233460415542085
2015-11-09,175.4165194582403,175.56737878519792,173.43867273416632,174.3856964111328,131008700.0,-0.009375314155970654
2015-11-10,173.9079873730397,174.82149384506457,173.63981148972155,174.7879638671875,75874600.0,0.002304112135500707
2015-11-11,175.05616889469752,175.10645107827153,174.03372186888976,174.10076904296875,67846000.0,-0.003939340242758226
2015-11-12,173.06157991191262,173.53089740458597,171.65362743389252,171.67037963867188,121315200.0,-0.014058023288054515
2015-11-13,171.259685447527,171.5278613165477,169.65896796963872,169.74276733398438,153577100.0,-0.011292082946460879
2015-11-16,169.5584285031652,172.3827219761185,169.44108635756888,172.3240509033203,117645200.0,0.015092563380993873
2015-11-17,172.6341033533533,173.5140669260381,171.7038448214845,172.19830322265625,121123700.0,-0.0007299827412769971
2015-11-18,172.6760688912876,175.07295143115627,172.6341755896779,174.93048095703125,121342500.0,0.01574190490594094
2015-11-19,174.8131192434579,175.1986372929131,174.48627226611268,174.77960205078125,88220500.0,-0.0008628799851229535
2015-11-20,175.5338943203775,176.09540011887867,175.0394357081375,175.41656494140625,94011500.0,0.0036377530829056898
2015-11-23,175.4751928567913,175.97802744813458,174.75445176671988,175.21539306640625,64931200.0,-0.0011474818109382928
2015-11-24,174.20967417883455,175.8522976407663,173.82416899099331,175.4500274658203,98874400.0,0.0013382239633099007
2015-11-25,175.5757580407517,175.77689955099623,175.16509891948007,175.42491149902344,51980100.0,-0.0001431619306518623
2015-11-27,175.5170995987319,175.8271943811606,175.03940606095202,175.6260528564453,37317800.0,0.0011459383386245394
2015-11-30,175.78523351525823,175.90256283779144,174.78792787975726,174.89688110351562,112822700.0,-0.004160485572228345
2015-12-01,175.5254827993396,176.68202415007264,175.24891800729733,176.56468200683594,97858400.0,0.009490730123246046
2015-12-02,176.51441225203928,176.83288314795413,174.51142418192845,174.76284790039062,108441300.0,-0.01025737951733936
2015-12-03,175.0142928223939,175.2824687767535,171.5949630856936,172.31570434570312,166224200.0,-0.01410161527444897
2015-12-04,172.3156126654395,175.969599213585,172.3156126654395,175.67626953125,192913900.0,0.01931463890102994
2015-12-07,175.34944691037563,175.76848206425177,173.64816520867367,174.61195373535156,102027100.0,-0.006076819033204333
2015-12-08,173.05318491064102,174.56170160436466,172.45814921945004,173.43869018554688,103372400.0,-0.00674193836095089
2015-12-09,172.8017663177648,174.88855377360304,171.11723635169787,172.0894012451172,162401500.0,-0.0078100497899914354
2015-12-10,172.15639449310737,173.84091114354192,171.9217358389554,172.5335235595703,116128900.0,0.0025774406074169465
2015-12-11,170.42163133411054,171.08370136373824,168.87957198536282,169.18966674804688,211173300.0,-0.01957118298755258
2015-12-14,169.3489225829156,170.1702281432619,167.57220431685354,170.0445098876953,182385200.0,0.005039851571269825
2015-12-15,171.55304028445954,172.7347228377243,170.01936963216863,171.82960510253906,154069600.0,0.01044309211964659
2015-12-16,172.9526108886259,174.64551693695873,171.63684680850224,174.34381103515625,197017000.0,0.014525957361802717
2015-12-17,174.65386687143496,174.72091403822824,171.6703382828012,171.68710327148438,173092500.0,-0.015355622037523258
2015-12-18,170.94696604259596,171.0818456183386,168.46837213360288,168.62855529785156,251393500.0,-0.017975254738176016
2015-12-21,169.800340767622,170.19657911718517,168.6874978631349,170.01953125,99094300.0,0.008214921801645307
2015-12-22,170.90474783070158,171.8574076490797,169.91837134677345,171.5623321533203,111026200.0,0.009033333205241603
2015-12-23,172.5655446669815,173.72896882744485,172.47280777210335,173.6868133544922,110987200.0,0.012307100794183267
2015-12-24,173.4339828372758,173.94824899884821,173.18106273314908,173.40025329589844,48539600.0,-0.0016512290502175026
2015-12-28,172.70886132378988,173.04607937608148,171.93324951228385,173.00393676757812,65899900.0,-0.00228817498521224
2015-12-29,174.0998834463857,175.17899653638057,174.06616679034204,174.85020446777344,92640700.0,0.010615282777489595
2015-12-30,174.60577723904296,174.69008820124438,173.46764356955748,173.6109619140625,63317700.0,-0.007112687999343921
2015-12-31,172.93652912124026,173.577248708989,171.874267578125,171.874267578125,114877900.0,-0.010053737850848189
2016-01-04,169.02475303297206,169.4799988274123,167.42293464087555,169.47157287597656,222353500.0,-0.014078005938941476
2016-01-05,169.7919564218734,170.21348562139548,168.65383530159394,169.75823974609375,110845800.0,0.001690104629300981
2016-01-06,167.21217457398305,168.66223583088512,166.5883196857206,167.61685180664062,152112600.0,-0.012694574972766241
2016-01-07,164.67452645671497,166.45337941363837,163.20760085423277,163.5954132080078,213436100.0,-0.024284343615968932
2016-01-08,164.55648575645847,165.1129070990716,161.51304599731174,161.7996826171875,209817200.0,-0.011037344102137574
2016-01-11,162.7186317529785,163.05586269586863,160.02928734368356,161.9598846435547,187941300.0,0.0009896358634125255
2016-01-12,163.40153973265294,164.01696859123618,161.14213716090515,163.2666473388672,172330500.0,0.008036058557146326
2016-01-13,163.93268573198264,164.27834272629687,158.81532848192018,159.1947021484375,221168900.0,-0.02525674257368241
2016-01-14,159.80166644313084,162.92940481013775,158.20828713856892,161.80813598632812,240795600.0,0.01628329268280781
2016-01-15,157.45794215989585,159.13561930320137,156.40411968734966,158.334716796875,324846400.0,-0.021700034584458766
2016-01-19,160.14735061786772,160.27380420958087,156.97744336907945,158.5455322265625,195244400.0,0.001330568638719027
2016-01-20,155.99102579083947,158.07338014777642,152.61036773180177,156.5137176513672,286547800.0,-0.012898162768227694
2016-01-21,156.98588434296087,159.2284095391439,155.66227669927426,157.3905487060547,195772900.0,0.00558662897693967
2016-01-22,159.99557812528212,160.82177152815098,159.23683091955206,160.61944580078125,168319600.0,0.02030758853918628
2016-01-25,160.11360839355606,160.3075081734972,157.997536987637,158.19143676757812,130371700.0,-0.015231951666568929
2016-01-26,158.8490580439721,160.62791173616895,158.5118398383817,160.34970092773438,141036800.0,0.013551136302837972
2016-01-27,159.82701586924972,161.49626792911857,157.70250506138444,158.60458374023438,185681700.0,-0.01094285097009218
2016-01-28,160.14732966105083,160.3496553813156,157.78676430027338,159.43072509765625,143798800.0,0.005195292426131013
2016-01-29,160.19794749351098,163.45215316238034,160.07991984185455,163.3172607421875,210529300.0,0.0240851915035918
2016-02-01,162.31400336657373,164.0422753468065,161.73229111753486,163.2582244873047,136061600.0,-0.0003615473799841717
2016-02-02,161.83348660747848,161.84191255992488,159.79327407909,160.31597900390625,182564900.0,-0.018186410076858554
2016-02-03,161.36974495700076,161.68167232000985,157.73616680805867,161.27700805664062,205054900.0,0.005976696956314486
2016-02-04,160.77963173464707,162.49946476772794,160.14733809741855,161.5299530029297,139531800.0,0.0015671595013190614
2016-02-05,161.0156624789085,161.58893578129417,157.8204652481133,158.4527587890625,180788300.0,-0.019234095889092886
2016-02-08,156.6149455486678,156.91000823816955,154.1110613436716,156.3198699951172,191526700.0,-0.013552140451586613
2016-02-09,154.58313869535667,157.60128833397698,154.4482463076533,156.32826232910156,184513100.0,5.368548933273052e-05
2016-02-10,157.1544756864922,158.7815717708362,156.06692344935064,156.19338989257812,148214100.0,-0.0008631238439818752
2016-02-11,153.72324244853974,155.2070332423687,152.66941960703548,154.16163635253906,219058900.0,-0.013093279593391478
2016-02-12,155.93206008196765,157.35681772325216,155.0890018292547,157.3399658203125,127632400.0,0.020407212979082046
2016-02-16,159.14410602685712,160.02088092779238,158.18302015711848,159.99559020996094,120250700.0,0.016737401999765103
2016-02-17,161.15903893571564,162.98004807787112,161.03257246348142,162.60910034179688,136009500.0,0.016202909543040173
2016-02-18,162.87881866605304,162.9378389064611,161.63109630818496,161.94302368164062,102343000.0,-0.004104595508751662
2016-02-19,161.167447593684,162.01893181353807,160.56044461143512,161.8671875,114793000.0,-0.0004683989596894624
2016-02-22,163.44370559690904,164.3542100883974,163.37625939042303,164.2108917236328,103640300.0,0.014375358133817927
2016-02-23,163.55327913205167,163.82306391154782,162.01890714277164,162.13694763183594,111455300.0,-0.0127101930021558
2016-02-24,160.71220733876964,163.15707125544148,159.60780302749964,162.8788604736328,150812200.0,0.004565403355339228
2016-02-25,163.3256446324791,164.86001657290862,162.5668974763839,164.85157775878906,110728300.0,0.01203880311934754
2016-02-26,165.71993371250397,165.81265775224122,164.31201539215382,164.47219848632812,129833700.0,-0.002303990587077556
2016-02-29,164.48906992628648,165.43329090200194,162.9884275052904,163.1823272705078,125918100.0,-0.007873401877436893
2016-03-01,164.4047791383236,167.1025757382741,163.93266859254652,167.0182647705078,141799700.0,0.023235028436885834
2016-03-02,166.7062909960473,167.81912084968863,166.29318795132278,167.76853942871094,102415000.0,0.004482111629458736
2016-03-03,167.5915912204497,168.44308852658241,167.01831762317963,168.4262237548828,95172200.0,0.003912524745605505
2016-03-04,168.6200687052301,169.74977648835898,167.79387525766805,168.97415161132812,129293600.0,0.0032479414851297695
2016-03-07,168.05521656875482,169.5137165001027,167.97934441899835,169.10903930664062,100219000.0,0.0007979556871995282
2016-03-08,168.038381279782,168.54420852554634,167.1025860814623,167.26275634765625,123974900.0,-0.010977742630178571
2016-03-09,168.07206345871057,168.43457226724504,167.288012735809,168.08892822265625,94801200.0,0.004927206776955305
2016-03-10,168.57788107599362,169.51367595798664,166.40278992152216,168.22378540039062,156838700.0,0.0008019749447443088
2016-03-11,169.67388925834564,170.98063204544795,168.20697621851687,170.9384765625,137964500.0,0.016008556621371343
2016-03-14,170.43263212624063,171.17451452211145,170.1038399749677,170.71926879882812,73612000.0,-0.0012832010790160124
2016-03-15,169.75822588499912,170.74460258765515,169.4968798608829,170.44110107421875,93169100.0,-0.0016307157033252785
2016-03-16,169.96053148155067,171.8321216399689,169.91837600042388,171.4274444580078,129303200.0,0.005770323906684749
2016-03-17,171.34319450011125,173.02087248951335,170.94695602147704,172.51504516601562,134278500.0,0.006324338317613632
2016-03-18,173.01494060113356,173.53185895502068,172.70140441169823,173.19290161132812,138372400.0,0.00392156049833512
2016-03-21,172.9302388198123,173.66747828660118,172.70143545996896,173.4386749267578,72926700.0,0.001418066750121431
2016-03-22,172.66751604840624,173.91320443773537,172.5065197008016,173.34544372558594,97471900.0,-0.0005376901559411572
2016-03-23,172.9641377131054,173.1505681737441,172.03198540991207,172.20147705078125,81052500.0,-0.006621218626831179
2016-03-24,171.17607690453912,172.15907134055288,170.95575591594056,172.1251678466797,84360900.0,-0.00044323729506089854
2016-03-28,172.54038859451902,172.75224015887895,171.7777281349806,172.2268524169922,62408200.0,0.0005905850251159299
2016-03-29,171.8201124967345,173.93015903226305,171.51504568353033,173.8199920654297,92922900.0,0.00920771814354408
2016-03-30,174.8199143203331,175.30292916554708,174.21825018534045,174.5826416015625,86365300.0,0.004377985012522159
2016-03-31,174.4894540415597,174.91315723940892,173.99795678040715,174.15896606445312,94584100.0,-0.0024297401642460036
2016-04-01,173.16750911313966,175.53176736306241,172.85395994142385,175.3453369140625,114423500.0,0.006788903003879858
2016-04-04,175.26908520458323,175.47246741634427,174.47252103818187,174.777587890625,63497000.0,-0.0032431439408620345
2016-04-05,173.43862696951703,174.78599973639749,172.77765116197594,173.03187561035156,99662200.0,-0.01003840966400026
2016-04-06,173.03190307804113,174.98094025112778,172.85394205681024,174.92161560058594,91839800.0,0.010862133119283216
2016-04-07,173.83692200157756,174.1928310839261,172.0997365590909,172.82850646972656,113859000.0,-0.012038151967354518
2016-04-08,174.00637371850846,174.438559125444,172.76068565803226,173.2945556640625,95040600.0,0.00269296979585923
2016-04-11,173.93012339335658,174.6250026873143,172.79460218314483,172.8878173828125,83757500.0,-0.0023498508305360238
2016-04-12,173.05732137408188,174.7775551858431,172.61666646292107,174.49790954589844,115350600.0,0.009269832165401972
2016-04-13,175.41310699169452,176.34525910921872,175.2775188781648,176.26051330566406,96336400.0,0.010050327983544669
2016-04-14,176.3198524369293,176.76897678579215,175.92157040221767,176.2689971923828,65212900.0,4.8131498032133644e-05
2016-04-15,176.26893542394563,176.40452350109942,175.7520171938887,176.07403564453125,75761600.0,-0.001106657714665916
2016-04-18,176.07407569837335,177.34518511746666,175.41309983487633,177.31129455566406,82531000.0,0.0070023504708682065
2016-04-19,177.73499977198375,178.12479942403957,177.0570721544678,177.87057495117188,88316100.0,0.003149264676844941
2016-04-20,177.91299661996968,178.73498198033556,177.43845103674758,178.0401153564453,81100300.0,0.000952713266076242
2016-04-21,178.05706242161108,178.16722941224492,176.81137374277495,177.08255004882812,85695000.0,-0.005392883764702351
2016-04-22,176.7266408449318,177.35371342448335,176.1843011632234,177.08255004882812,99251700.0,0.0
2016-04-25,176.48083791459973,176.81980820538138,175.87070432158723,176.77743530273438,66166500.0,-0.0017244946269084937
2016-04-26,177.14184577319264,177.5486101955067,176.56561557050952,177.0401611328125,75864200.0,0.0014850922114202421
2016-04-27,176.65880402601422,177.79432543947834,176.30289490822972,177.40452575683594,77329400.0,0.002055975252834594
2016-04-28,176.65032222852545,177.751940069478,175.37921278398585,175.79443359375,97216200.0,-0.009117259683869125
2016-04-29,175.1758401291601,175.5232798328265,173.74372134169164,174.84535217285156,142424100.0,-0.005413440101126302
2016-05-02,175.34531294727643,176.41304024801133,174.91314038206343,176.23509216308594,62188000.0,0.007916973283732994
2016-05-03,175.00634545912317,175.24361817887922,173.95555703563667,174.70127868652344,106422100.0,-0.00874131820236426
2016-05-04,173.70982204814575,174.4385919831778,173.22679425067844,173.7267608642578,92243800.0,-0.005593811362798903
2016-05-05,174.1928530123202,174.54876213947264,173.26918316349162,173.69288635253906,67619200.0,-0.00019500631065320277
2016-05-06,172.9217325732904,174.37080307810095,172.76920564141264,174.32843017578125,89315000.0,0.0036523310472442875
2016-05-09,174.2013708073119,174.9047068655351,174.0234097423171,174.4725341796875,74374900.0,0.0008262821885906501
2016-05-10,175.1758363826888,176.65879745012035,175.10804232510174,176.641845703125,77472200.0,0.012356879984360218
2016-05-11,176.18425645121343,176.71811365637674,174.98941040039062,174.98941040039062,81727000.0,-0.00939875189269893
2016-05-12,175.65888632277918,175.82837796577218,174.03186740714267,175.040283203125,89586300.0,0.00029067707124416783
2016-05-13,174.7436573056343,175.29446622372728,173.1929022383585,173.51490783691406,96474600.0,-0.008752617338348943
2016-05-16,173.68442685674904,175.70124535905617,173.62510220030677,175.22669982910156,77486800.0,0.009817043348266483
2016-05-17,174.95552656862571,175.24364163397829,173.0658010349655,173.59120178222656,114924900.0,-0.009377443212015087
2016-05-18,173.24371636381073,174.81989232902387,172.55731944725517,173.64199829101562,120062100.0,0.0002925786424840751
2016-05-19,172.9217383836145,173.32848981268344,171.83705928583413,173.04037475585938,115430500.0,-0.003470751245897741
2016-05-20,173.65050185323304,174.65044803642593,173.59965954280523,174.13352966308594,104990400.0,0.006297469400873085
2016-05-23,174.1504823243016,174.4301279842803,173.70984031196735,173.89627075195312,58682600.0,-0.0013634404157610938
2016-05-24,174.7097415792183,176.46387868885245,174.6843204266491,176.15032958984375,93537800.0,0.012878799514730498
2016-05-25,176.8282507665179,177.7604027616489,176.15032321827653,177.3451690673828,76621400.0,0.006760165447113467
2016-05-26,177.48080294319328,177.7096062974516,177.08252089075677,177.39605712890625,55280700.0,0.0002869024410731144
2016-05-27,177.55704249760646,178.16717607316846,177.50620018804196,178.15870666503906,64211200.0,0.0042899197727369635
2016-05-31,178.42991216225533,178.5400791459648,177.26048704410013,177.8197784423828,109879400.0,-0.0019042067947835745
2016-06-01,177.20961797158864,178.36209116510832,177.0147181247832,178.18414306640625,69936200.0,0.0020469704362011914
2016-06-02,177.78583423166788,178.74339450363115,177.31128879947488,178.72645568847656,63044700.0,0.0030389293079052747
2016-06-03,178.16722105071435,178.54008198883983,176.98932650367107,178.19264221191406,101757100.0,-0.0029912317818008563
2016-06-06,178.54852805069498,179.45525911623767,178.3875187638868,179.09934997558594,64887000.0,0.0050754549775239655
2016-06-07,179.25186150671053,179.93825857110662,179.22644035102138,179.37896728515625,60974800.0,0.0015600238720995811
2016-06-08,179.51459018821174,180.09083333308234,179.38748438513582,179.96371459960938,66170900.0,0.003254541472919096
2016-06-09,179.23489823755855,179.83656238777846,178.96373495084086,179.71792602539062,73786900.0,-0.0013667009083371776
2016-06-10,178.3451822401027,178.68413967661186,177.47234162681673,178.0146942138672,113829200.0,-0.009522445454873272
2016-06-13,177.41298856148404,178.26886429403115,176.55711282893694,176.641845703125,117751200.0,-0.007741886660654329
2016-06-14,176.2605430248504,176.88762845786226,175.34534249980456,176.29443359375,125059300.0,-0.0019686965719390276
2016-06-15,176.29444825824095,177.41303108091927,175.8622755842411,176.0487060546875,109124500.0,-0.0013948197155007167
2016-06-16,176.04866312222205,176.74354251177266,174.21826236624872,176.5740509033203,149533100.0,0.0029796445461701244
2016-06-17,176.4701621006193,176.49571546014107,175.26058875857578,175.91648864746094,117055700.0,-0.00373095413834624
2016-06-20,177.87562194878873,178.54854859459653,176.96417567156655,177.0493621826172,82789600.0,0.006419189973127726
2016-06-21,177.4326875929435,177.96080760410712,176.98974110100497,177.55194091796875,72461700.0,0.0028346149180903655
2016-06-22,177.73086185282682,178.4549084465351,177.1175551610752,177.2623748779297,95560500.0,-0.0016322120694368966
2016-06-23,178.71891135430852,179.62183119566257,178.2589379814508,179.5707244873047,102731400.0,0.012938159683585984
2016-06-24,173.45468885661674,179.60477988078662,172.67953589151026,173.1224822998047,333444400.0,-0.0365698044500229
2016-06-27,171.71702689879322,171.7255533496306,169.21269390864185,170.0219268798828,230775800.0,-0.018071923784035104
2016-06-28,171.62332019504794,173.11399329763964,171.31666692260927,173.08843994140625,159382400.0,0.017875267027582905
2016-06-29,174.48544479534866,176.26573159068695,174.3832313518315,176.03575134277344,137328600.0,0.016884429632110527
2016-06-30,176.50424407060433,178.4889576718171,175.95055761303408,178.43785095214844,165021900.0,0.013553259616624437
2016-07-01,178.4378526432485,179.2981924246243,178.27600603100393,178.81265258789062,106055300.0,0.002098257494611333
2016-07-05,177.98638642688363,178.09712631512292,176.93014625342386,177.5264129638672,109803700.0,-0.007219220874864823
2016-07-06,177.03236656426765,178.71043987015673,176.37646665849195,178.5911865234375,96021500.0,0.00597991637635038
2016-07-07,178.77005163259213,179.43446496128354,177.71381146782082,178.48043823242188,85593800.0,-0.0006203141716599632
2016-07-08,179.77516827919834,181.38509461612574,179.5451750888838,181.1380615234375,133971000.0,0.014780505871741767
2016-07-11,181.5980887568401,182.34768865826774,181.39364887527617,181.77696228027344,73633900.0,0.0035209422314844865
2016-07-12,182.7394995083198,183.39539936460767,181.8024997136228,183.09725952148438,101275600.0,0.007237030871577089
2016-07-13,183.51461698511312,183.52313043699377,182.5861438223003,183.07167053222656,87324100.0,-0.00013976603255615467
2016-07-14,184.3324092932635,184.56240254403048,183.70207571376685,184.09390258789062,91230900.0,0.005568249159102424
2016-07-15,184.6560981398424,184.85201157224094,183.40393146762003,183.8468780517578,107155400.0,-0.0013427409313957223
2016-07-18,183.96611194887564,184.50275846526557,183.71056536975473,184.34091186523438,58725900.0,0.002683598552131393
2016-07-19,183.9234797281342,184.187539704826,183.67645965247817,184.15347290039062,54345700.0,-0.0010173234044190175
2016-07-20,184.15347838031607,185.1586116115223,184.15347838031607,184.92010498046875,58159500.0,0.0041543650297168454
2016-07-21,184.80943298769506,185.03089978296316,183.77873309932338,184.2216796875,67777300.0,-0.003784053474175382
2016-07-22,184.34089084954488,185.0990040493372,184.07683084702495,185.0478973388672,62787500.0,0.004474882749570277
2016-07-25,184.84342784603365,184.8945345483049,183.9660614633495,184.5452880859375,55873100.0,-0.0027197988630742105
2016-07-26,184.44309323845644,184.98825311359136,183.78719349883522,184.6304931640625,70080500.0,0.00046159625828874666
2016-07-27,185.00531412403691,185.07346074090879,183.6679611384984,184.43460083007812,84083900.0,-0.0010615599013194795
2016-07-28,184.23871846764345,184.93721170929925,183.77874494086717,184.64759826660156,65035700.0,0.001154200666900912
2016-07-29,184.38343102482335,185.30337754371217,184.10233120052754,184.94561767578125,79519400.0,0.001612689091219847
2016-08-01,185.00534225200298,185.39716911154125,184.34092888353362,184.79238891601562,73311400.0,-0.0008288505147216166
2016-08-02,184.54535479474276,184.6986879546182,182.77359448659124,183.60836791992188,92295500.0,-0.006427918786353949
2016-08-03,183.54872231596235,184.20462218226243,183.25059546592718,184.14498901367188,53993600.0,0.0029183770290385253
2016-08-04,184.25572533964777,184.65607861415472,182.5009920927308,184.34091186523438,46585500.0,0.0010633941193285616
2016-08-05,184.3409325222498,185.89122608006628,184.3409325222498,185.8486328125,71892200.0,0.008145715111135371
2016-08-08,186.03601136483033,186.13823779474342,185.4738244896835,185.73788452148438,39906500.0,-0.0005960834913463349
2016-08-09,185.80605254257415,186.34268612145965,185.52495257380536,185.8486328125,51251700.0,0.0005960834913464827
2016-08-10,185.9593393883668,186.03599945766584,185.03937956386426,185.3886260986328,57941100.0,-0.002478236967108703
2016-08-11,185.91674052230485,186.49598024514216,185.65268051536748,186.2489471435547,72504300.0,0.004629900977098521
2016-08-12,185.94229274869974,186.3000657210769,185.6867591936269,186.0871124267578,61313500.0,-0.0008692938694941563
2016-08-15,186.45334300615156,186.97294944478733,186.44482955548477,186.6237030029297,49813500.0,0.002879395631645122
2016-08-16,186.20638433318723,186.2745179562473,185.66122436523438,185.66122436523438,53213600.0,-0.005170667471740306
2016-08-17,185.69531599815977,186.14677604770182,184.86054252888354,186.01048278808594,75134300.0,0.0018793925872290502
2016-08-18,185.98487945182433,186.46189273466416,185.87415258107467,186.42782592773438,52989300.0,0.0022411406376012175
2016-08-19,185.95939050269533,186.3341904969175,185.47386359937414,186.15530395507812,75443000.0,-0.0014628790162456151
2016-08-22,185.91673532345644,186.3767217077936,185.5504619041114,186.146728515625,61368800.0,-4.606711060765619e-05
2016-08-23,186.76006735483244,187.05820721101114,186.46192749865375,186.5215606689453,53399200.0,0.0020116134943479586
2016-08-24,186.37669414673954,186.47039410023814,185.15008130007953,185.56747436523438,71728900.0,-0.005128280088137683
2016-08-25,185.18419646592582,185.85713621615523,185.03087631886928,185.4397430419922,69224800.0,-0.0006885651938607635
2016-08-26,185.62716170076396,186.64933511037958,184.20463498108924,185.09051513671875,122506300.0,-0.0018850174903341822
2016-08-29,185.21827125245898,186.26599788851843,185.18419144450021,186.00193786621094,70502200.0,0.0049121158608879546
2016-08-30,185.9168098484478,186.19790986319148,185.14166944158274,185.69534301757812,58114500.0,-0.0016497022385389521
2016-08-31,185.3631192582429,185.4823726174024,184.39205247718948,185.16720581054688,85269500.0,-0.0028481579804753654
2016-09-01,185.1586345348241,185.46528781237726,184.01720794523555,185.17567443847656,97844200.0,4.5733985356905184e-05
2016-09-02,186.0275226949481,186.4363894761551,185.43976938579013,186.01048278808594,79293900.0,0.0044980651400062565
2016-09-06,186.29159288198082,186.6493529596769,185.57607272658865,186.57269287109375,56702100.0,0.0030179060485978106
2016-09-07,186.41078109706655,186.73447424370875,185.9508077286711,186.5555877685547,76554900.0,-9.168483569097759e-05
2016-09-08,186.22343021291192,186.49601672347939,185.8230768990411,186.12973022460938,74102900.0,-0.0022853474968443648
2016-09-09,184.81792135656548,184.86902807179513,181.64917503593986,181.6747283935547,221589100.0,-0.02422602342807132
2016-09-12,180.91668060666322,184.68169496379443,180.84853396247817,184.28134155273438,168110900.0,0.014245738521662398
2016-09-13,183.0035456328748,183.26760564649985,181.010305854894,181.6321258544922,182828800.0,-0.014480265003943959
2016-09-14,181.6832181629531,182.88427780483661,181.0102915040864,181.56396484375,134185500.0,-0.0003753400066138294
2016-09-15,181.40218712475806,183.76170088109808,181.22330059205066,183.37838745117188,134427900.0,0.009943694100637165
2016-09-16,182.76363739250482,182.94342749776695,181.9845817718176,182.66946411132812,155236400.0,-0.003873396459838045
2016-09-19,183.32015528309017,183.96224239525162,182.37842229326847,182.70375061035156,80250500.0,0.00018767932482517184
2016-09-20,183.55985516954945,183.71394979635636,182.67805663625666,182.71229553222656,69665300.0,4.676818090917891e-05
2016-09-21,183.41431802619306,184.94676009783961,182.7294225333122,184.76698303222656,110284400.0,0.01118271985342916
2016-09-22,185.77721029026128,186.23095081871756,185.52894234694025,185.93130493164062,76678700.0,0.006281797170308096
2016-09-23,185.5374977686876,185.67447949134535,184.81836331967855,184.91253662109375,73630900.0,-0.005494338906322752
2016-09-26,184.08207611232544,184.2618531667787,183.21739054421255,183.414306640625,89827300.0,-0.00813537362885472
2016-09-27,183.25161760787776,184.64707769209988,182.88348096470668,184.55291748046875,78494800.0,0.006188673334135915
2016-09-28,184.77552697769812,185.62308656236328,183.8166811905737,185.46897888183594,87411000.0,0.004951400346377394
2016-09-29,185.26352112161058,185.6658967386846,183.24308657792002,183.79100036621094,128070600.0,-0.009088393867963602
2016-09-30,184.62143417016583,185.87992589879707,184.37316624574723,185.17791748046875,117202900.0,0.007517834588753028
2016-10-03,184.76693322463706,184.95526669769765,184.09915082820336,184.73268127441406,83512100.0,-0.002407265012478841
2016-10-04,184.84403258789584,185.0666180738813,183.20029122302313,183.79100036621094,119948100.0,-0.0051105695762741175
2016-10-05,184.4159167752435,185.0323212269306,184.34742594024593,184.60426330566406,72816000.0,0.004415172184762077
2016-10-06,184.38167063273147,184.95526669769765,183.84232651798825,184.73268127441406,62927400.0,0.0006953973915119685
2016-10-07,185.00664541001723,185.17786597198614,183.3714609571374,184.09915161132812,89788300.0,-0.003435334098904444
2016-10-10,185.05804443359375,185.52034134257795,184.91250627588957,185.05804443359375,51855000.0,0.005195049638101224
2016-10-11,184.6300194685232,184.69851033087284,181.99318005289527,182.7208709716797,130367400.0,-0.01270983640534459
2016-10-12,182.85782847749783,183.48280261492656,182.3612795887013,182.9605712890625,73866100.0,0.0013109790326319665
2016-10-13,181.63357631731463,182.8578159446073,180.82026871823211,182.36126708984375,101357000.0,-0.003280968580972883
2016-10-14,183.3372428027531,183.79955277491104,182.37839702834248,182.4554443359375,93346200.0,0.0005162989810292394
2016-10-17,182.42978031832754,182.686617766202,181.642155057929,181.8219451904297,58275700.0,-0.003478117513509191
2016-10-18,183.4143117616483,183.47423309370768,182.58387812767933,182.9605712890625,76869700.0,0.006242787113452746
2016-10-19,183.22597713186872,183.75676495027773,182.86640992617598,183.4485626220703,66519200.0,0.0026636433230991753
2016-10-20,183.09752483983908,183.6625645353384,182.44688138226903,183.10609436035156,73639800.0,-0.0018685800594358567
2016-10-21,183.10613816081155,183.27735878920382,182.14727912788103,183.19174194335938,89089100.0,0.00046763904167657506
2016-10-24,184.06496797457876,184.33893140659717,183.6197839291966,183.97079467773438,60146600.0,0.004243645937720252
2016-10-25,183.7910151836165,184.04785265018015,183.19173647049877,183.35440063476562,66542300.0,-0.003356124923643939
2016-10-26,182.53248092126256,183.56837386828238,182.29275644560417,182.98622131347656,75705500.0,-0.002010038871979843
2016-10-27,183.70537192840828,183.73961082038784,182.42119793483377,182.4982452392578,77220200.0,-0.002670298788786329
2016-10-28,182.47258296054287,183.14890892401726,181.24834322181863,181.9589080810547,140623200.0,-0.002959676038685975
2016-10-31,182.2927681902188,182.51536670410897,181.8047888776386,181.9674530029297,61272500.0,4.6959620353600895e-05
2016-11-01,182.29280454167187,182.34418248355638,179.44194927362747,180.64906311035156,122781800.0,-0.007271570064927404
2016-11-02,180.34091512975436,180.7261779618789,179.12523140466482,179.56185913085938,103330800.0,-0.006036503691477579
2016-11-03,179.77582014393815,179.98984916370236,178.4659635880447,178.7399139404297,88939300.0,-0.004588013200176188
2016-11-04,178.85117098823267,179.6901608899193,178.39743061851397,178.54296875,109122100.0,-0.0011024609345638204
2016-11-07,178.5430438028722,182.5154226192163,178.5430438028722,182.48117065429688,109794900.0,0.021817699663199516
2016-11-08,182.08732580286676,183.86804876461554,181.8219319159806,183.30300903320312,106772100.0,0.004493577401320427
2016-11-09,181.81336513348813,185.86280353964403,181.78768269651837,185.24639892578125,258429000.0,0.010546254386115665
2016-11-10,186.03396159949187,186.8986338344741,184.25323920956563,185.70863342285156,172113300.0,0.0024921335256093153
2016-11-11,184.98959378734756,185.52038166177718,184.33895016503715,185.28067016601562,100552700.0,-0.0023071470930869794
2016-11-14,185.80285585272793,186.00832839708144,184.68134597429705,185.42616271972656,94580000.0,0.0007849467464555751
2016-11-15,185.81138220218224,186.8729705810547,185.60592275441377,186.8729705810547,91652600.0,0.00777232614994958
2016-11-16,186.25657880926144,186.75312761404004,186.13672310212814,186.52197265625,65617700.0,-0.001880036323717439
2016-11-17,186.676099078109,187.54077154766955,186.5647998162659,187.48085021972656,69797200.0,0.005127660037828435
2016-11-18,187.54936330481615,187.72058391490273,186.88158071787657,187.06137084960938,86265800.0,-0.0022399586583930512
2016-11-21,187.63493274925955,188.49960516314167,187.48939460414826,188.4739227294922,72402600.0,0.007522906985701543
2016-11-22,188.7821676498624,189.02187912694623,188.11439809751522,188.84210205078125,67429000.0,0.0019515706408614866
2016-11-23,188.32840436105832,188.9961738326538,188.13150132797097,188.94480895996094,56620200.0,0.000543729328447542
2016-11-25,189.28723768592408,189.68104369898273,189.21017732398442,189.6468048095703,37872300.0,0.003708463835994752
2016-11-28,189.33863545407894,189.61258580686132,188.65373997718095,188.7564697265625,76572500.0,-0.004705755927053914
2016-11-29,188.79068806458108,189.57831315059707,188.49104226452081,189.12457275390625,69886700.0,0.0019482487999964244
2016-11-30,189.74101303143192,189.90367717850862,188.61093352329578,188.67086791992188,113291800.0,-0.00240185562478121
2016-12-01,188.97047105412133,188.97047105412133,187.6178062778789,187.97738647460938,79040500.0,-0.003682386528297786
2016-12-02,188.06297674697552,188.55952553277262,187.71196609547022,188.071533203125,74840300.0,0.0005007153354585917
2016-12-05,188.90198382342916,189.54407080184095,188.7050808077716,189.20162963867188,67837800.0,0.005990883671805522
2016-12-06,189.3900322254395,189.83521631989439,188.9106092298559,189.80096435546875,59877400.0,0.0031626971734351438
2016-12-07,189.6468220127813,192.34358221640227,189.5269662940269,192.28366088867188,110738100.0,0.012995715140937754
2016-12-08,192.2579960253395,193.22539832109896,191.99258906506745,192.75453186035156,99714400.0,0.0024458415569246785
2016-12-09,192.9771338845785,193.93597973954576,192.94288192501824,193.91885375976562,88005800.0,0.006022268206982138
2016-12-12,193.82468599748915,194.30412200195045,193.27677219854309,193.69627380371094,102016100.0,-0.0011484586884844949
2016-12-13,194.35549606822372,195.48556261678567,194.33837008714514,194.989013671875,110477500.0,0.006651883549652476
2016-12-14,194.68938860416048,195.39139709678585,192.94290423688426,193.37953186035156,142501800.0,-0.008288472607516223
2016-12-15,193.61921946002988,195.0318057935021,193.38806445632346,194.17568969726562,124972600.0,0.004108622011046648
2016-12-16,194.6312573112015,194.6915449704416,193.47730315707153,193.79592895507812,156420200.0,-0.0019576734235985885
2016-12-19,193.97677116092234,194.63986968501598,193.830375174617,194.2178955078125,90341100.0,0.0021750086851514455
2016-12-20,194.7517810332149,195.11348063664968,194.51927675423596,194.96707153320312,89838800.0,0.0038499788749022067
2016-12-21,194.8379452358374,195.0101750455565,194.42459106445312,194.42459106445312,67909000.0,-0.0027862991009700304
2016-12-22,194.27820185658513,194.39876404162973,193.69260471473083,194.0887451171875,56219100.0,-0.0017288777482929979
2016-12-23,194.13177206117248,194.38151643666708,193.94232848222345,194.37290954589844,36697800.0,0.0014630246048034882
2016-12-27,194.63987303648184,195.2512908050914,194.62264611418124,194.85516357421875,42672500.0,0.0024780035583144887
2016-12-28,195.1135149259041,195.13072870792,193.13283934987078,193.24478149414062,64095000.0,-0.008298848494575078
2016-12-29,193.31366332831337,193.66674294079067,192.7625201133474,193.20172119140625,48696100.0,-0.00022285259467145672
2016-12-30,193.52893622499533,193.61505768273278,191.80661219256285,192.49554443359375,108998300.0,-0.003661822936486611
2017-01-03,193.79592722132304,194.47625268810015,192.79698909968164,193.96817016601562,91366500.0,0.007621066632502825
2017-01-04,194.2953794720281,195.26849680321703,194.28677258194588,195.12210083007812,78744400.0,0.005931446418561062
2017-01-05,194.855129408606,195.12208752614507,194.17480407008122,194.96707153320312,78379000.0,-0.0007948403391855092
2017-01-06,195.0790604986911,196.12967937135483,194.53652414010315,195.66465759277344,71559900.0,0.00357158289561814
2017-01-09,195.40636505984844,195.5441541987337,194.9843907496231,195.0188446044922,46939700.0,-0.0033060703760585857
2017-01-10,195.0360583916312,195.87138697821683,194.63131100884038,195.0188446044922,63771900.0,0.0
2017-01-11,194.93266630385088,195.56993103027344,194.2695677639523,195.56993103027344,74650000.0,0.0028218260525469394
2017-01-12,195.0531762032134,195.2684666846739,193.72699261914352,195.07901000976562,72113200.0,-0.0025133629064986486
2017-01-13,195.25129252946203,195.82826959885762,195.21685182484828,195.52687072753906,62717900.0,0.0022931601192868398
2017-01-17,194.88960402791093,195.29435128955922,194.45041606199737,194.8379364013672,61240800.0,-0.0035296985223218454
2017-01-18,195.08762859655678,195.31153912048646,194.53648545658123,195.2684783935547,54793300.0,0.0022073062665277066
2017-01-19,195.34596398850047,195.4837530474012,194.11450876783078,194.5450897216797,66608800.0,-0.0037114639480622037
2017-01-20,195.2254491108912,195.75075852737518,194.59680444535826,195.25990295410156,129168600.0,0.0036675468354317423
2017-01-23,195.25988085598757,195.32015536434764,193.9939716372401,194.7517852783203,75061600.0,-0.0026056550539302905
2017-01-24,194.96711366334637,196.41387296884554,194.85517151455983,196.00051879882812,95555300.0,0.006391454424934873
2017-01-25,196.9477557982735,197.6969757080078,196.7841329083282,197.6969757080078,84437700.0,0.008618126519925388
2017-01-26,197.55053939409,197.81751062740526,197.21468677055776,197.49026489257812,59970700.0,-0.0010461412365832747
2017-01-27,197.5677723233257,197.71416827749547,196.99940228458058,197.1802520751953,59711100.0,-0.0015709958956379216
2017-01-30,196.49139014809327,196.51722396452,194.97574930978664,195.9574737548828,79737300.0,-0.006220630496884904
2017-01-31,195.46660471431943,196.00053424714602,194.89824761335842,195.94024658203125,75880800.0,-8.791667809570582e-05
2017-02-01,195.94019876504385,196.853028428981,195.4321163128962,196.0177001953125,79117700.0,0.00039521389948192324
2017-02-02,196.0177446598415,196.4311119956221,195.3288253807931,196.1469268798828,69657600.0,0.0006590430667418598
2017-02-03,197.05109133806323,197.67973590662965,196.74107249844477,197.49888610839844,80563200.0,0.006868939029037582
2017-02-06,197.09416062482688,197.4903009625108,196.80997556219742,197.1458282470703,57790100.0,-0.0017892445669496055
2017-02-07,197.53337817012294,197.77450252089744,196.96500799745806,197.1544647216797,57931200.0,4.3806584802311645e-05
2017-02-08,197.1544447735918,197.54196507382068,196.61190846909716,197.4127960205078,51566200.0,0.0013094413117511101
2017-02-09,197.41278823132038,198.88536794214565,197.41278823132038,198.58396911621094,65955200.0,0.005915081200551064
2017-02-10,198.92847252142548,199.59157110911215,198.60122667342299,199.36766052246094,66015900.0,0.003938631537036287
2017-02-13,199.85852425311793,200.71107955863835,199.83269043843177,200.45272827148438,55182100.0,0.005427789294176059
2017-02-14,200.27183115065384,201.2621753275736,199.92737160929255,201.25355529785156,71109000.0,0.003987132489747749
2017-02-15,201.03827471556946,202.49364065914128,200.98660709584573,202.30418395996094,86785800.0,0.005206843698216409
2017-02-16,202.33000632685946,202.51085612595435,201.38273602482136,202.13194274902344,84722400.0,-0.000851759820530473
2017-02-17,201.46886778666237,202.45059204101562,201.4516408656272,202.45059204101562,77204100.0,0.0015752007587036504
2017-02-21,202.8209064325544,203.82846453736573,202.81228640155743,203.65623474121094,88946100.0,0.005937581753114265
2017-02-22,203.25142918134875,203.69922389482315,203.0878063228423,203.47532653808594,62115200.0,-0.0008886965896873149
2017-02-23,203.9920878749946,204.00930165644274,202.8553475654405,203.61317443847656,74615900.0,0.0006772380223397852
2017-02-24,202.76923455546964,203.91456858901134,202.72617382226116,203.87152099609375,82381600.0,0.0012680063576703063
2017-02-27,203.78537731620193,204.36235428548795,203.53564611528,204.19012451171875,56515400.0,0.001561546319647234
2017-02-28,203.81120682091307,204.0523311271555,203.25145678291233,203.63897705078125,96961900.0,-0.002702837018505752
2017-03-01,205.29241099116604,206.95446050303505,205.27518407168895,206.4894256591797,149158200.0,0.01390049792846258
2017-03-02,206.29999552679604,206.30861555778915,205.13743454805757,205.18910217285156,70246000.0,-0.006317200061460144
2017-03-03,205.10291632451822,205.4818296411246,204.72400300791185,205.31820678710938,81974300.0,0.000629000340293633
2017-03-06,204.52598307687302,205.05989933306515,204.10400894970482,204.7068328857422,55391500.0,-0.0029821317982898997
2017-03-07,204.40543208279615,204.75851168969493,203.88872957805205,204.0954132080078,65103700.0,-0.002991275803781483
2017-03-08,204.38819704453468,204.6465482866462,203.57870261805394,203.71649169921875,78168800.0,-0.0018583156267620992
2017-03-09,203.8370796757985,204.30211459855315,203.01037136468838,203.97486877441406,90683900.0,0.0012675132947989158
2017-03-10,204.93076058441957,204.97382132054474,203.74235259688214,204.68963623046875,81991700.0,0.003498068347772194
2017-03-13,204.62934583908455,204.8360294855501,204.30211315754522,204.79296875,57256800.0,0.0005046979796837714
2017-03-14,204.25041693502382,204.3020976979482,203.3978748809851,204.00929260253906,59880800.0,-0.003834015520608558
2017-03-15,204.57770422342756,206.19669347585736,204.34518673412697,205.77471923828125,96081800.0,0.00861642966656956
2017-03-16,205.91242451303236,205.98992593114556,205.04265571575678,205.36988830566406,78344000.0,-0.001969287963505515
2017-03-17,205.6320125701059,205.82229351135118,205.00927734375,205.00927734375,89002100.0,-0.0017574530332692582
2017-03-20,205.00931060056578,205.29473205873504,204.39523280666853,204.78443908691406,52537000.0,-0.001097324192060971
2017-03-21,205.38980684946205,205.51089350230714,202.0253135695641,202.15504455566406,131809300.0,-0.012922958965040398
2017-03-22,202.1896540008086,202.9161739384226,201.56691885500925,202.63075256347656,97569200.0,0.0023504195562247562
2017-03-23,202.63076264780625,203.54756354767736,202.04263120164606,202.41453552246094,100410300.0,-0.0010676191917925065
2017-03-24,202.7172885306516,203.2881181952796,201.48911986212113,202.2675323486328,112504900.0,-0.0007265119557552198
2017-03-27,200.59820862722134,202.31938117796201,200.32144478844586,202.05990600585938,87454500.0,-0.0010270208812356867
2017-03-28,201.75720838274196,203.9540701538015,201.6447660551732,203.5302734375,93483900.0,0.0072505398189264434
2017-03-29,203.24480050816265,203.95401843173678,203.01991591005506,203.72048950195312,61950400.0,0.0009341471918310505
2017-03-30,203.65995321749898,204.5681095486267,203.48697420143966,204.36917114257812,56737900.0,0.003179116010636116
2017-03-31,204.03191476196116,204.55950948750663,203.84163383160336,203.89353942871094,73733100.0,-0.0023300287620520925
2017-04-03,203.94541794497783,204.14434319591695,202.3107414799695,203.53890991210938,85546500.0,-0.0017408019745645453
2017-04-04,203.25351822724852,203.75516679210006,202.8729563368468,203.66867065429688,56466200.0,0.000637319896644087
2017-04-05,204.34324734155686,205.32059802569498,202.85560388501835,203.0631866455078,108800600.0,-0.0029773151288417146
2017-04-06,203.20162468780876,204.15301621103774,202.76051286391876,203.6340789794922,69135800.0,0.0028074578179399542
2017-04-07,203.38325034394884,204.11842792690598,202.94215171264923,203.42649841308594,74412300.0,-0.00101990021106748
2017-04-10,203.56489403083373,204.34330651252617,203.01999737517406,203.54759216308594,67615300.0,0.0005950931834613478
2017-04-11,203.1670161256462,203.40918946743707,201.81776087925203,203.30540466308594,88045300.0,-0.0011905407136995547
2017-04-12,203.02862636532242,203.21890729142282,202.1896640631861,202.41453552246094,81864400.0,-0.004391554292222789
2017-04-13,202.07728092559464,202.81245864609335,201.0999298095703,201.0999298095703,92880400.0,-0.00651580291103767
2017-04-17,201.61881958860167,202.881591796875,201.41989433024537,202.881591796875,68405400.0,0.008820569473952758
2017-04-18,202.14642256401504,202.81240582699647,201.59288163305118,202.27615356445312,83225800.0,-0.002988656591191008
2017-04-19,202.83836923217876,203.21027359661804,201.67938167431168,201.90426635742188,68699900.0,-0.0018402044910944865
2017-04-20,202.5183487901547,203.98870400717547,202.19833682284133,203.54759216308594,92572200.0,0.008106189525292712
2017-04-21,203.46972277708795,203.52161517502364,202.50102948907167,202.8988800048828,110389800.0,-0.003192118783007972
2017-04-24,205.13896965036957,205.33790808615962,202.8729138470728,205.1303253173828,119209900.0,0.010937783521124962
2017-04-25,205.77034225791132,206.6698411068013,205.68384614664433,206.32388305664062,76698300.0,0.005801671548538413
2017-04-26,206.28930854770627,207.17151885724383,206.15093322651757,206.1941680908203,84702500.0,-0.0006288935465236775
2017-04-27,206.51418983204485,206.66986701489674,205.83090478075857,206.36715698242188,57410300.0,0.0008386093956284487
2017-04-28,206.6266069257036,206.65255312133522,205.78764474040307,205.91738891601562,63532800.0,-0.002181834120651355
2017-05-01,206.43637084960938,206.86018079937156,206.02121843190722,206.43637084960938,66882500.0,0.0025171697617957342
2017-05-02,206.57474266484968,206.69582932677102,206.1076978824263,206.5142059326172,57375700.0,0.00037697045751112373
2017-05-03,206.51416698954247,206.60930743435804,205.588708735659,206.26333618164062,73137700.0,-0.0012155204984250069
2017-05-04,206.5661041306076,206.64394273028756,205.65794754197145,206.50555419921875,61462700.0,0.0011736254888646263
2017-05-05,206.87747439671105,207.33587486401794,206.43636259791836,207.31857299804688,62001300.0,0.0039293013212081136
2017-05-08,207.3618199234985,207.50885278980158,206.86017139275205,207.2839813232422,48385700.0,-0.00016686667520214167
2017-05-09,207.54347565445931,207.74240093927168,206.7477481202938,207.09371948242188,51363200.0,-0.0009183016065810728
2017-05-10,207.0504238301856,207.465576171875,206.84284106061338,207.465576171875,54293800.0,0.0017939860139802278
2017-05-11,207.01586288180906,207.20614381507636,205.96067341458388,207.04180908203125,62358300.0,-0.0020446788286847964
2017-05-12,206.79098702830493,207.0850527749916,206.42772701225834,206.6958465576172,53912700.0,-0.0016723766876514882
2017-05-15,207.11963353742098,207.95859581385963,207.10233167263556,207.83750915527344,61918900.0,0.005508195991689204
2017-05-16,208.13156340453983,208.15750960156078,207.25801064410544,207.647216796875,51241800.0,-0.0009160017676602191
2017-05-17,207.6471970595044,207.6471970595044,203.90214234181187,203.9626922607422,172174100.0,-0.017903470604348288
2017-05-18,203.88492663738796,205.63204592794244,203.62545138473777,204.78443908691406,107047700.0,0.004020813213081088
2017-05-19,205.2686808241087,206.78227029307902,205.21678843962218,206.1162872314453,115011400.0,0.006482601384557747
2017-05-22,206.6266353290807,207.32722229980186,206.55745426285634,207.1628875732422,61010600.0,0.005064869671461667
2017-05-23,207.53478073115593,207.78561157318967,207.15421890010862,207.62127685546875,48341700.0,0.0022102553961734837
2017-05-24,207.85484941708714,208.20945192723073,207.51752238000833,208.1056671142578,46927700.0,0.0023303299678770527
2017-05-25,208.6159188746887,209.377042546185,208.40834928970304,209.1002655029297,64071700.0,0.0047679104974046255
2017-05-26,208.91000654420898,209.22137415187208,208.8321679416575,209.0570526123047,46629900.0,-0.00020668245613205872
2017-05-30,208.7370996971925,209.12630604207516,208.58142243822414,208.87548828125,35201900.0,-0.0008688691341857318
2017-05-31,209.16947497747938,209.20407870913107,208.13158738469383,208.82351684570312,91796000.0,-0.00024884634714070143
2017-06-01,209.28189341336648,210.50141746443626,208.9964720483849,210.48411560058594,68962000.0,0.007920711707666775
2017-06-02,210.53604147612447,211.34041330489234,210.24197573118028,211.18472290039062,88666100.0,0.0033230245184796077
2017-06-05,211.01173560965785,211.29715700891515,210.83009901105527,211.02903747558594,44698800.0,-0.000737472088650306
2017-06-06,210.4668297647165,211.0203706729839,210.27654884023806,210.35440063476562,50375400.0,-0.003202012021449282
2017-06-07,210.69172942442873,210.96849329954466,210.02574614132465,210.74362182617188,54144300.0,0.0018486019002085065
2017-06-08,210.83879829100587,211.3231450532426,210.3198477900611,210.84744262695312,65950700.0,0.0004925189911916116
2017-06-09,211.11553629639795,211.91125062202613,209.26463242652287,210.52740478515625,132256400.0,-0.001519017593483427
2017-06-12,210.2851903574007,210.53600799468163,209.63650903629403,210.48411560058594,86108100.0,-0.00020564370629672145
2017-06-13,211.0203777650746,211.56527435779938,210.67441963482645,211.5133819580078,60067000.0,0.004878078208428607
2017-06-14,211.78149355764182,211.79013789146447,210.42358089248344,211.24525451660156,78602300.0,-0.0012684659956031935
2017-06-15,209.89600002888105,210.9598470447608,209.61923615628442,210.83876037597656,66464900.0,-0.001926129642232724
2017-06-16,210.99781733459514,211.04996279608503,210.00701378083883,210.88482666015625,84553100.0,0.00021846671980883076
2017-06-19,211.7104703959348,212.70127383885932,211.61486597329232,212.64044189453125,65123800.0,0.00829053386152268
2017-06-20,212.28412717005747,212.29281365996601,211.18903265983135,211.20640563964844,56906400.0,-0.006766791991975223
2017-06-21,211.59749874860742,211.71047615166384,210.68491346435795,211.15423583984375,55977600.0,-0.0002470391175051282
2017-06-22,211.16294370634014,211.65833882940308,210.8848169088331,211.0586395263672,44148100.0,-0.0004528346750544714
2017-06-23,211.1194753547663,211.64094318419558,210.73705765609583,211.31068420410156,66986800.0,0.0011934801771390975
2017-06-26,211.9798898399386,212.39707999389566,211.2411404748748,211.44972229003906,56700500.0,0.0006577630677548365
2017-06-27,211.23249094792286,211.5280040260247,209.7289058715889,209.7462921142578,82247700.0,-0.008088583010209333
2017-06-28,210.76312587024884,211.82346100773714,210.52845805803364,211.62356567382812,70042600.0,0.008910395204545092
2017-06-29,211.77132102248703,211.82346647947858,208.55555631046235,209.76364135742188,106949700.0,-0.008827683250478136
2017-06-30,210.5719621526262,210.94569343453097,209.96357627003223,210.15478515625,86820700.0,0.00186295188425301
2017-07-03,211.09342148732742,211.52798468158704,210.5111083984375,210.5111083984375,39153800.0,0.0016940918332864474
2017-07-05,210.8761103287231,211.2063692920283,210.06781600456577,210.99778747558594,54427600.0,0.002309224304307858
2017-07-06,210.23300091865235,210.3546780937602,208.88585224021858,209.06837463378906,65400800.0,-0.009186297703075606
2017-07-07,209.64197067450192,210.57192896378987,209.0770305954212,210.42417907714844,57972300.0,0.0064640440086865545
2017-07-10,210.42417841054788,211.023877706191,210.1199788872515,210.650146484375,36663300.0,0.001073289988018924
2017-07-11,210.6501802969023,210.80662995913784,209.32911759842563,210.49374389648438,50354600.0,-0.0007427513429650783
2017-07-12,211.45848910877328,212.24069768736183,211.45848910877328,212.0755615234375,59610400.0,0.007486700974988949
2017-07-13,212.08422425743714,212.54486018070784,211.85824290969333,212.43186950683594,39471600.0,0.001678689422263323
2017-07-14,212.43181936574274,213.7789675973689,212.3362149554515,213.42262268066406,60262700.0,0.004653021064880754
2017-07-17,213.34443047246788,213.7268481601751,213.22275332290783,213.39657592773438,33531900.0,-0.00012205052184593493
2017-07-18,212.98811662584762,213.56174324120425,212.64915785528538,213.5095977783203,42742500.0,0.0005294927091137713
2017-07-19,213.8224433044374,214.67418331440118,213.81374355439402,214.66549682617188,51034300.0,0.0053992017304144895
2017-07-20,214.91756003256464,215.03923718954388,214.21356981991232,214.76112365722656,47135200.0,0.0004453698400332169
2017-07-21,214.18749805873117,214.59598850082523,213.96151672202305,214.56991577148438,82340800.0,-0.0008907247826222603
2017-07-24,214.49169049735036,214.65682662914074,214.04844082397815,214.5177764892578,46622300.0,-0.00024302390128441893
2017-07-25,215.265183138537,215.36948730652418,214.81324703724425,215.03921508789062,54915600.0,0.0024277982432105664
2017-07-26,215.32603937745765,215.36079859402545,214.7871853188609,215.04791259765625,47575400.0,4.044533866242345e-05
2017-07-27,215.50862817084564,215.5433873981289,213.52700740840882,214.84808349609375,70766600.0,-0.0009296626057022122
2017-07-28,214.3700269432227,214.72637195951367,213.91809075173916,214.59600830078125,50088400.0,-0.0011739606113022293
2017-07-31,214.99580262225925,215.09140706086657,214.26573959752176,214.47433471679688,65838700.0,-0.0005671498355729311
2017-08-01,215.07405450167863,215.108813727283,214.43089610254248,214.95237731933594,55050400.0,0.0022264232131357906
2017-08-02,215.08266757439077,215.19565822721768,214.12662342388683,215.0565948486328,47211200.0,0.00048472258991234904
2017-08-03,214.94366690067366,214.96973963403775,214.36135375251345,214.6394805908203,40856000.0,-0.0019414391364920116
2017-08-04,215.12619831902103,215.36085292913972,214.64817608426753,215.0305938720703,60191800.0,0.0018205288779394515
2017-08-07,215.10009986913212,215.43035888671875,214.99579568195313,215.43035888671875,31995000.0,0.0018573816138926348
2017-08-08,215.11748913836746,216.3342741609409,214.52648950080535,214.90020751953125,61719400.0,-0.0024639273934199736
2017-08-09,214.21357724405223,214.94364021122985,213.85723224990033,214.89149475097656,62632600.0,-4.0544145035154205e-05
2017-08-10,214.05710373969825,214.18748063761373,211.80606987759083,211.85821533203125,120479500.0,-0.014215969834386092
2017-08-11,212.08422263855766,212.762140152982,211.84955480300584,212.17112731933594,74869900.0,0.0014758980694534842
2017-08-14,213.4487010455156,214.491649836917,213.41394183258802,214.2743682861328,73291900.0,0.009864135240851247
2017-08-15,214.65679667125985,214.67418290949976,213.9441200451935,214.24830627441406,55242700.0,-0.00012163655880109734
2017-08-16,214.76983547491596,215.16963947317822,214.19620884072893,214.62208557128906,56715500.0,0.001743087882126299
2017-08-17,214.01369614334953,214.32658218751973,211.27593994140625,211.27593994140625,128490400.0,-0.015713688637544097
2017-08-18,211.11081686113576,212.23199744787698,210.50243097699823,210.94569396972656,136748000.0,-0.0015643255224339913
2017-08-21,210.88482598104898,211.37153463580879,210.18083572957025,211.1107940673828,65469700.0,0.0007823602326097207
2017-08-22,211.693127736705,213.47482628195309,211.6757414950578,213.31838989257812,63140100.0,0.010402751822532242
2017-08-23,212.35363249443412,212.97940449734378,212.20588261344366,212.55352783203125,50203800.0,-0.003591985529407141
2017-08-24,212.93594879691088,213.0923851691312,211.84954089488582,212.05813598632812,50741700.0,-0.002333388894784812
2017-08-25,212.84902759401217,213.46611310809237,212.40577795104076,212.55352783203125,64445900.0,0.0023333888947848886
2017-08-28,213.08367786795816,213.10975059411498,212.14501994087084,212.5622100830078,40565600.0,4.084652814951358e-05
2017-08-29,211.24985935435748,213.0663303362766,211.1368686792757,212.80560302734375,51135700.0,0.0011443882841957781
2017-08-30,212.78818857668327,214.08319150724105,212.60566622281107,213.81375122070312,62030800.0,0.0047262275371380245
2017-08-31,214.4308818258023,215.34346726352203,213.84856868751683,215.10011291503906,103803900.0,0.005998246541903942
2017-09-01,215.47379805521166,215.8301430332035,215.25651647279935,215.40426635742188,62007000.0,0.0014130099837906126
2017-09-05,214.90017245863578,215.12615379291992,212.89249275003215,213.8572235107422,91398800.0,-0.007207958697423405
2017-09-06,214.53513481681557,214.91755251446293,214.00496723813447,214.5872802734375,57916900.0,0.0034079441459763152
2017-09-07,214.89149051924016,214.9088767595875,214.15272781535776,214.56121826171875,58034700.0,-0.00012145917713677545
2017-09-08,214.27443161654426,214.7698400644243,214.06584975370407,214.3092041015625,63832800.0,-0.0011752463029482867
2017-09-11,215.57809645054567,216.67320415146062,215.56072347185696,216.59498596191406,71364800.0,0.010609334294115732
2017-09-12,216.95998078899893,217.35977142035233,216.777458449076,217.32501220703125,56896000.0,0.0033647996726119326
2017-09-13,217.03821711288396,217.4640937671046,216.92522645196908,217.4293212890625,59228000.0,0.00047985299281066805
2017-09-14,217.10776144378448,217.55971085193482,216.93393882890064,217.35980224609375,95446300.0,-0.00031978280871400056
2017-09-15,217.21568500777204,217.73974074405513,217.1108765260414,217.65240478515625,95432400.0,0.0013452614821406808
2017-09-18,218.01921653980207,218.4646658509198,217.73097992873957,218.11529541015625,46235200.0,0.002124484209796599
2017-09-19,218.3598660581464,218.42101321790437,218.01049560350478,218.3336639404297,47108100.0,0.0010006601863355405
2017-09-20,218.42102014628162,218.52582862047296,217.41655673397517,218.4122772216797,59574100.0,0.00035999547878950923
2017-09-21,218.25507757696303,218.34241353480814,217.65240215902375,217.82708740234375,48211400.0,-0.002682885671496134
2017-09-22,217.5301324086641,218.0367289698389,217.50393028719216,217.8707733154297,51214000.0,0.0002005330627990044
2017-09-25,217.61749654587692,217.9668804234547,216.6829229945747,217.4253387451172,57064400.0,-0.002046582606397243
2017-09-26,217.85330171224217,218.09786373210036,217.32050302734459,217.55633544921875,54082000.0,0.000602309089477926
2017-09-27,218.25506607895477,218.78786470597146,217.37288365607444,218.40354919433594,81001400.0,0.0038866640783779987
2017-09-28,218.1240924786589,218.7442405296163,218.03675650526645,218.66563415527344,44778800.0,0.0011992837854254799
2017-09-29,218.65682826696917,219.5128085221101,218.47341344631633,219.43418884277344,85578000.0,0.003508586105608045
2017-10-02,219.6613502279669,220.3863067626953,219.4866516296174,220.3863067626953,59023000.0,0.004329581803232431
2017-10-03,220.38628914782512,220.8841427959599,220.30766945379898,220.85794067382812,66810200.0,0.0021377461280691497
2017-10-04,220.70943170529875,221.36451133717839,220.59588030426494,221.1199493408203,55953600.0,0.0011856190257637127
2017-10-05,221.45185340602157,222.44757394086622,221.15488716333428,222.43011474609375,63522800.0,0.0059076497639633865
2017-10-06,221.98466107631256,222.46505550467177,221.7226398677804,222.17681884765625,80646000.0,-0.0011394150954593238
2017-10-09,222.4039128546295,222.46504669165515,221.5479325152339,221.80996704101562,35803100.0,-0.0016525351735043523
2017-10-10,222.3777281817695,222.7707733374642,221.83618656529862,222.3951873779297,43057400.0,0.0026349116829430877
2017-10-11,222.29916606380831,222.74462890625,222.13322369152368,222.74462890625,47674300.0,0.0015700307513190224
2017-10-12,222.4301464750898,222.77951700719035,222.17684151083012,222.4126739501953,47065100.0,-0.0014914054670336274
2017-10-13,222.84933575115855,222.96288714195765,222.41261603593503,222.68338012695312,54800400.0,0.001216394563180294
2017-10-16,222.91055952349745,223.17258078058654,222.56991856164902,222.9804229736328,38221700.0,0.0013330357484712615
2017-10-17,222.9280192023774,223.1813241882859,222.70965926924444,223.1376495361328,31561000.0,0.0007048652753524756
2017-10-18,223.51318501846194,223.55685966334508,223.1638145146575,223.35597229003906,40888300.0,0.000977943516474605
2017-10-19,222.5786196871285,223.45205930604234,222.15937240178653,223.4171142578125,61903800.0,0.0002737047955486774
2017-10-20,224.21198153918792,224.5962971394155,223.39967568822829,224.570068359375,89176400.0,0.005147275153715694
2017-10-23,224.89324417338113,224.9194462959128,223.61800312947534,223.6966094970703,63915300.0,-0.003897055083009781
2017-10-24,224.1246056918486,224.32547973958586,223.73154721149646,224.08966064453125,66935900.0,0.0017555305940113199
2017-10-25,223.75778380080655,223.87133523063355,221.85369158525188,222.9804229736328,103715300.0,-0.004962264252093098
2017-10-26,223.59181270302912,223.86256352467024,223.14634996797955,223.2686309814453,69798000.0,0.0012916914683863447
2017-10-27,224.0109988741691,225.25129452218826,223.27731299353624,225.09405517578125,85562500.0,0.008142668141730513
2017-10-30,224.0110836991353,224.99807483719948,223.95867944890753,224.25564575195312,54285700.0,-0.003731661087218885
2017-10-31,224.63118258968325,224.858285407945,224.30801421308635,224.60498046875,60304800.0,0.0015565401236875835
2017-11-01,225.38237007095873,225.7229976666513,224.5351325618353,224.90196228027344,54202700.0,0.0013213671536119952
2017-11-02,224.8320756098468,225.1290418553702,223.7664783028467,224.98928833007812,56449500.0,0.00038820959857707623
2017-11-03,225.14651932111855,225.7841398341459,224.7360016370278,225.740478515625,59589700.0,0.0033332206403989943
2017-11-06,225.60946643391293,226.22088489302695,225.53960298542842,226.08987426757812,49652600.0,0.00154657968170778
2017-11-07,226.19462311050214,226.52653437760935,225.4259921035712,225.93260192871094,57502200.0,-0.0006958607303638195
2017-11-08,225.75798322124106,226.41306306267828,225.47847609163045,226.3169708251953,50469600.0,0.0016998091858523034
2017-11-09,225.11159509256848,225.68806842051265,223.91496046403017,225.49591064453125,95085500.0,-0.003634518262624304
2017-11-10,225.1115999260466,225.600723974454,224.7971478062067,225.426025390625,59984700.0,-0.00030996608894337345
2017-11-13,224.74473659867962,225.86273819686548,224.70979155194425,225.63563537597656,50228600.0,0.0009294073013597754
2017-11-14,224.83211094747693,225.2164265386195,224.05473683871833,225.1116180419922,61315200.0,-0.0023251059927075764
2017-11-15,224.14207601909382,224.66614513383567,223.27737930569037,223.98486328125,80811500.0,-0.005017884449461078
2017-11-16,224.9281576360003,226.2558028958665,224.8844963178253,225.88894653320312,67777000.0,0.008465016546399098
2017-11-17,225.53956501844647,225.86273339190677,225.1465065530022,225.22511291503906,75756800.0,-0.0029430876002407742
2017-11-20,225.46975490503058,225.80163962703412,225.22516618050204,225.60948181152344,48075500.0,0.0017051441664427448
2017-11-21,226.37810249998583,227.26902808267985,225.57455287648494,227.08558654785156,69176800.0,0.006521431625579149
2017-11-22,227.09427576911906,227.22528636639564,226.71870317183996,226.88465881347656,45033400.0,-0.0008852022772345661
2017-11-24,227.3738035315452,227.5135570664607,227.23404999662972,227.40872192382812,27856500.0,0.0023071581715135604
2017-11-27,227.45240926382237,227.74937552896802,227.09429582945995,227.29519653320312,52274900.0,-0.0004993376497351208
2017-11-28,227.7580990977113,229.62724582071488,227.66200688921438,229.60104370117188,98971700.0,0.01009361225467235
2017-11-29,229.73206784726955,230.26487984974452,229.01586765243735,229.4613037109375,77512100.0,-0.0006088061690891995
2017-11-30,230.37840026108975,232.37855743063676,230.29979390840188,231.47019958496094,127894400.0,0.008716733742622954
2017-12-01,231.25188552927713,231.73226666483723,227.75812700080465,230.98983764648438,164390900.0,-0.0020774210637078466
2017-12-04,232.60569136026692,233.03366822283851,230.65791150982508,230.71034240722656,94040600.0,-0.0012107219597218366
2017-12-05,229.88055419921875,231.59248823067725,229.74954359953608,229.88055419921875,77994500.0,-0.003603150265720618
2017-12-06,229.9766901445847,230.3522895189833,229.46136385793025,229.92428588867188,75898600.0,0.0001902184830270115
2017-12-07,230.6492156982422,230.9636411789777,229.66222462493982,230.6492156982422,77218600.0,0.0031479466609240585
2017-12-08,231.6012579582747,231.9156834339006,230.61426690101155,231.90696716308594,76563900.0,0.005438278035248937
2017-12-11,232.6056671142578,232.6668142754687,231.88072407003264,232.6056671142578,83077500.0,0.003008316358038845
2017-12-12,233.39182329780536,233.4879155290524,232.64067792289777,233.01625061035156,85195800.0,0.0017635922489152942
2017-12-13,233.2607543511489,233.69747410791436,232.9026409519702,232.989990234375,102905400.0,-0.00011270396704020998
2017-12-14,233.2870067611082,233.40055818718739,231.98559013507742,232.03799438476562,100666700.0,-0.004094365117888873
2017-12-15,233.0396994948025,234.43556407095812,232.98702738185418,233.97027587890625,144610300.0,0.008292953973175863
2017-12-18,235.36606166584681,235.80501365448455,235.26071747521428,235.453857421875,83653600.0,0.006320878613791217
2017-12-19,235.69975033749483,235.74363483481503,234.47945053044936,234.54969787597656,82382900.0,-0.0038474630715472457
2017-12-20,235.51533511923463,235.5680072245659,234.1282583596644,234.42674255371094,76751500.0,-0.0005243560847968281
2017-12-21,235.05002902454035,235.6206881078484,234.66374908730396,234.90956115722656,67032300.0,0.0020574533442946916
2017-12-22,234.92712216084462,234.96224582342296,234.3125786274947,234.84811401367188,78720900.0,-0.0002616120913098102
2017-12-26,234.44424977095338,234.78664518691386,234.30380870910167,234.56716918945312,45244400.0,-0.0011969991937486996
2017-12-27,234.73403807744953,235.04130991726413,234.40921779792106,234.68136596679688,57751000.0,0.00048672194388486324
2017-12-28,235.18180557997988,235.20814163841598,234.795525528574,235.1642303466797,45116100.0,0.0020554180082547548
2017-12-29,235.7435927507426,235.76114118823554,234.08436789215662,234.27748107910156,96007400.0,-0.0037778931895947007
2018-01-02,235.1378554585482,235.98942359604385,234.751575470931,235.9542999267578,86655700.0,0.00713191248606838
2018-01-03,236.12102706085975,237.59592598451002,236.12102706085975,237.44667053222656,90070400.0,0.006304911237225366
2018-01-04,238.0875317331796,238.93031191657434,237.5081119847523,238.44744873046875,80636400.0,0.004205892163857209
2018-01-05,239.2375880418106,240.1593763727392,238.74596402644875,240.03648376464844,83524000.0,0.006641982177758736
2018-01-08,239.9399285214409,240.6334801496035,239.6502320036782,240.4754638671875,57319200.0,0.0018271355242160936
2018-01-09,240.89693222383696,241.6431562298976,240.61599642060025,241.0198516845703,57254000.0,0.0022612392343744838
2018-01-10,240.2647516047838,240.91441875952185,239.59756280712446,240.65103149414062,69574300.0,-0.0015314202099032052
2018-01-11,241.20415128096022,242.40687561035156,241.03734735877387,242.40687561035156,62361500.0,0.007269736498560953
2018-01-12,242.67026541950014,244.1538987144319,242.3717544461334,243.98712158203125,90816100.0,0.006497824976695029
2018-01-16,245.24249201477997,245.892132412774,242.4595244982165,243.153076171875,106555100.0,-0.003424255394935812
2018-01-17,244.08365705963055,245.85701356015943,243.15308092859505,245.47073364257812,113258800.0,0.009486540792670107
2018-01-18,245.35665068678648,245.7780275136728,244.56651555336,245.05816650390625,100728000.0,-0.0016821322284208738
2018-01-19,245.6375450366647,246.17308044433594,245.05815193414344,246.17308044433594,140920100.0,0.00453927091060984
2018-01-22,245.96241956189593,248.1747283935547,245.90972066426502,248.1747283935547,91322400.0,0.008098180481496374
2018-01-23,248.21852231277288,248.99108197601214,247.8937021797061,248.70138549804688,97084700.0,0.0021198736948511545
2018-01-24,249.34240170179984,249.93939706411214,247.42857651168103,248.60496520996094,134816100.0,-0.00038777019097731226
2018-01-25,249.46513996238951,249.56169651773774,247.9200207448416,248.7101287841797,84587300.0,0.00042292533267661954
2018-01-26,249.54424737555524,251.63366347839286,249.28964767784194,251.58975219726562,107743100.0,0.011511716564538255
2018-01-29,251.0191484690479,251.45810058127645,249.76375185803687,249.92176818847656,90118300.0,-0.006651851817059104
2018-01-30,248.09578914317598,249.97449063019914,246.8842767828493,247.3583526611328,131796400.0,-0.010309835949031567
2018-01-31,248.2098154832068,248.71020041762685,246.4100961508907,247.48114013671875,108364800.0,0.0004962719422888542
2018-02-01,246.7525738798509,248.49959490497716,246.41017833480868,247.20028686523438,90102500.0,-0.0011354915965323495
2018-02-02,245.883399577148,246.0151066419787,241.78360191588195,241.8187255859375,173174800.0,-0.022010508402432905
2018-02-05,240.0629426086258,242.16990757960036,231.16098010750332,231.7052764892578,294681800.0,-0.042722173523523886
2018-02-06,228.20244317759622,236.77079761721302,227.11385043179706,236.2703857421875,355026800.0,0.019510647392029637
2018-02-07,235.7172962159094,239.10599383417136,234.90961250020038,234.9886474609375,167376100.0,-0.005439647206607552
2018-02-08,235.28707148417266,235.42753934624014,226.13929955438024,226.17442321777344,246449500.0,-0.038230718550907074
2018-02-09,228.95737110626445,231.42427940359678,222.03949613269174,229.57191467285156,283565300.0,0.014909848360438521
2018-02-12,231.61741052872057,234.4091657307602,229.7123737697383,232.94305419921875,143736000.0,0.014577687006135893
2018-02-13,231.74034719721283,234.06678771243006,231.16092727411035,233.52249145507812,81223600.0,0.002484374502198609
2018-02-14,232.03884618797034,237.0341229974219,232.03005857309503,236.67417907714844,120735700.0,0.01340602782470529
2018-02-15,238.41245071551432,239.70297096491808,235.95430287347807,239.69418334960938,111200300.0,0.01267945132667397
2018-02-16,239.07084883629025,241.70456111309323,239.02693755677285,239.76437377929688,160420100.0,0.00029279039510414566
2018-02-20,238.81623691260538,240.25601241008334,237.47304479191206,238.26315307617188,86369700.0,-0.006280917118936842
2018-02-21,238.70205413476359,241.17774944949892,236.98137007107857,237.0779266357422,98883700.0,-0.0049868565847673045
2018-02-22,237.99978217029056,239.71167891273728,236.71804981892203,237.38523864746094,110511300.0,0.0012954095372608818
2018-02-23,238.6055718002206,241.16903686523438,238.13149606679718,241.16903686523438,92766400.0,0.01581378440894435
2018-02-26,242.24010161368724,244.0661573690469,241.65192079774243,243.96957397460938,86491400.0,0.011545435285289037
2018-02-27,244.15391392223984,244.8650409424878,240.86177331085185,240.92323303222656,99099200.0,-0.012565173080961688
2018-02-28,242.0205723469025,242.46831196768898,238.1665876538822,238.4826202392578,121907800.0,-0.010181911052628981
2018-03-01,238.27192412429704,239.81704371338597,233.5224603436801,235.01490783691406,176855100.0,-0.01464748682297538
2018-03-02,233.3469007734564,236.7882966589394,232.48657189571603,236.22642517089844,139083200.0,0.005141824022357102
2018-03-05,235.04131119345968,239.57130027476285,234.93594018007119,238.95675659179688,97307400.0,0.0114918270401596
2018-03-06,239.93118947481386,240.01022442352252,238.0700369945111,239.56248474121094,79213200.0,0.002531678647888902
2018-03-07,237.40276916411483,239.8257655541247,237.20962924687137,239.474609375,87063500.0,-0.0003668833511056758
2018-03-08,240.1506206276118,240.75637651111668,239.1586116449256,240.63348388671875,66901200.0,0.00482756603628032
2018-03-09,242.0381499475418,244.8210906982422,241.72209056756208,244.8210906982422,113625300.0,0.017252739608589956
2018-03-12,245.11086546193317,245.73416994766413,244.12759024461914,244.5138702392578,71924800.0,-0.0012556654393214909
2018-03-13,245.6726653493665,246.1730770862234,242.32785307291076,242.93360900878906,91968900.0,-0.006483844245602008
2018-03-14,243.8905597991625,244.07491217662238,241.1339545863704,241.68701171875,105895100.0,-0.00514464298971469
2018-03-15,242.1961896626177,242.83704251505435,240.92321798909455,241.4236297607422,83433000.0,-0.0010903588598065927
2018-03-16,241.94979427346908,242.7342709987508,241.63249597929055,241.6853790283203,100343700.0,0.001083603445302252
2018-03-19,240.93626628921376,241.86174692882767,236.76713820760952,238.41539001464844,109208400.0,-0.013622305112841787
2018-03-20,238.8119932303427,239.45543966554663,238.1421052648597,238.82081604003906,59757300.0,0.0016990585281626306
2018-03-21,238.77675641430042,240.8657182435724,238.15095552635282,238.36248779296875,78709600.0,-0.0019209741176193214
2018-03-22,236.14135842608349,236.9875145351532,232.13087919787523,232.40414428710938,148785900.0,-0.0253147155692286
2018-03-23,232.84481538646813,233.17093659771976,227.25658694391362,227.45050048828125,183534800.0,-0.02154522293377688
2018-03-26,231.0466640245638,233.95533970718193,228.6492001841799,233.67327880859375,141956100.0,0.026991260846790183
2018-03-27,234.60762172890932,235.13645231917573,228.1467967301256,229.69810485839844,129941400.0,-0.01715803613909123
2018-03-28,229.8303276361625,231.49622480159888,227.91763387941825,229.0194091796875,146452300.0,-0.0029591029475824907
2018-03-29,230.15647280673,233.80556589293712,229.02825585763088,231.9457550048828,111601600.0,0.012696773487472028
2018-04-02,231.41682631878385,231.9280650176336,224.47124538181424,226.93922424316406,186286300.0,-0.021821282670800003
2018-04-03,228.17325309173245,230.3239206279813,226.38397108152986,229.8479461669922,119956900.0,0.012735739653580621
2018-04-04,226.30464403356794,233.01223907187764,226.17243637884116,232.30711364746094,123715300.0,0.010642275306688966
2018-04-05,234.0611514312149,235.0219232354331,232.9770216703882,234.1405029296875,82652600.0,0.007861113053517287
2018-04-06,232.18372032516052,233.67329571244264,227.40641101791257,228.92245483398438,179521200.0,-0.022538054007587946
2018-04-09,230.3768261726803,233.4353557781252,229.11640156292754,230.0507049560547,105442900.0,0.004916419928262024
2018-04-10,232.9329638933706,234.49309524654475,231.79595092270387,233.7086181640625,103529000.0,0.015775376947135298
2018-04-11,232.22774856614302,234.14044196708517,232.1572467955175,232.48336791992188,91140200.0,-0.005256431263768581
2018-04-12,233.80556634497947,235.33922911812886,233.62927151869874,234.39610290527344,68890500.0,0.008193745093593626
2018-04-13,235.70063691390155,235.81522587191054,232.70381287616905,233.7086181640625,85079200.0,-0.0029373138298249986
2018-04-16,235.3392090680808,236.3969241380238,234.51949468322138,235.63006591796875,63405300.0,0.008187939984186763
2018-04-17,237.39290453761745,238.7502992568039,236.88169262714564,238.15093994140625,64682000.0,0.010641616196948204
2018-04-18,238.59165531201305,239.1293087659003,237.8688842340687,238.32723999023438,57303900.0,0.0007400131393167352
2018-04-19,237.67491160741451,237.87764790291487,235.97377736301559,237.0050506591797,77655900.0,-0.005563235518243125
2018-04-20,236.9345575277574,237.1549125737747,234.11400217921198,234.99542236328125,99953100.0,-0.008515417057037206
2018-04-23,235.56837191092225,236.1236709422671,233.88485609641046,234.96018981933594,65558000.0,-0.00014993987984396215
2018-04-24,235.98266000422277,236.20301507306138,230.29748846866164,231.79591369628906,112885500.0,-0.013558792594250486
2018-04-25,231.73421176421306,232.8095455943946,229.91848811799363,232.36883544921875,103840900.0,0.002468615055046795
2018-04-26,233.3912538357174,235.5595399175105,232.9505437516809,234.7310028076172,67731900.0,0.010114272376381527
2018-04-27,235.339151433637,235.63883102034006,234.01702136940307,234.95132446289062,57053600.0,0.0009381731380604414
2018-04-30,235.568391229111,236.12369030599413,233.07395678832052,233.1444854736328,82182300.0,-0.007719992038388391
2018-05-01,232.5803406831274,233.66449719784265,231.02903254476593,233.55873107910156,74203400.0,0.0017751997396292859
2018-05-02,233.36482048739748,234.17571200711808,231.60198008945386,231.98980712890625,86368900.0,-0.006740134533932209
2018-05-03,231.16133924005675,232.13088023032788,228.3319601866038,231.4786376953125,136311500.0,-0.0022058444175466294
2018-05-04,230.50901174745036,235.15411363285418,230.18289056208346,234.47540283203125,91222100.0,0.012863098916100952
2018-05-07,235.24229625773177,236.23827868420156,234.55476254394,235.26873779296875,55304900.0,0.0033777354376424654
2018-05-08,234.89852940083588,235.63009647493584,233.70860651754143,235.26873779296875,67499200.0,0.0
2018-05-09,235.93859414290463,237.8689068720325,235.4185593613736,237.54278564453125,59666100.0,0.00961933148370702
2018-05-10,238.28310618835678,240.09003352947272,238.1773400803513,239.76388549804688,72063900.0,0.009306871326216453
2018-05-11,239.8873622488972,240.75995977528183,239.3761233898816,240.49554443359375,59871500.0,0.003046934452487355
2018-05-14,240.9273599609338,241.57960220851348,240.06355860426416,240.6100616455078,54790600.0,0.00047605853114093637
2018-05-15,239.3849513317959,239.40257005534806,238.00993772791824,238.95306396484375,87036100.0,-0.006910474080600832
2018-05-16,238.98829921102723,240.4161957105122,238.96183078069996,239.9578399658203,53942600.0,0.004196093540589057
2018-05-17,239.69340582604104,240.83044538955156,238.97945763236936,239.75511169433594,56536400.0,-0.0008452066297207064
2018-05-18,239.41128949062792,239.7726749085134,238.80310755550389,239.15567016601562,64368000.0,-0.00250335496327462
2018-05-21,240.6365742714875,241.49155307240963,240.24874717217347,240.95387268066406,58025900.0,0.007490835997414289
2018-05-22,241.47387347025818,241.72949286311118,239.9578296314086,240.28395080566406,52966400.0,-0.002784163151981262
2018-05-23,239.0147672879168,240.97152153385284,238.85609118238685,240.94505310058594,64694200.0,0.0027475597083657976
2018-05-24,240.54837095853705,240.82160904699194,238.67094177741902,240.45140075683594,76043800.0,-0.002050918791904336
2018-05-25,239.87855529785156,240.50435624709846,239.3761392166122,239.87855529785156,56374800.0,-0.00238521759200119
2018-05-29,238.25668371463993,239.0147190473101,236.00907304336295,237.11964416503906,115908600.0,-0.011567934225502733
2018-05-30,238.42416707191094,240.72466091115743,238.35366529050847,240.28395080566406,69678400.0,0.013256510901042547
2018-05-31,239.87852272098635,240.1782023869531,238.21265238681653,238.81201171875,93519900.0,-0.006144671770924117
2018-06-01,240.1076326746418,241.45620423939144,240.03710400918308,241.15652465820312,71258400.0,0.009769521996211018
2018-06-04,241.9763384764614,242.5580791614445,241.73836465484743,242.30245971679688,45385200.0,0.004740576725989424
2018-06-05,242.4345658138058,242.85765710710157,241.66773469998571,242.47865295410156,51135000.0,0.0007268981420999052
2018-06-06,243.08687735879116,244.6117170448222,242.4698724773669,244.50595092773438,62732200.0,0.00832597034396978
2018-06-07,244.9907462065433,245.28160302621228,243.57164575012257,244.47950744628906,72969400.0,-0.00010815651475206114
2018-06-08,244.02121630582116,245.2551993504634,243.85374429631833,245.2023162841797,72139700.0,0.002952159250423944
2018-06-11,245.42256948262613,246.24228356856565,245.30798058697403,245.52833557128906,58892500.0,0.0013287098893923052
2018-06-12,245.9426311585828,246.2070464094195,245.2022415574353,245.84568786621094,72329000.0,0.0012916935935125503
2018-06-13,246.08377601657364,246.33939547711083,244.85858868746203,245.0613250732422,79070600.0,-0.0031955683653503045
2018-06-14,245.92503447086239,246.2070684640839,245.08767460352945,245.67823791503906,77097600.0,0.0025142181853616084
2018-06-15,244.895603562976,245.70130092797672,243.7888808670294,245.36485290527344,120041600.0,-0.0012764055056334691
2018-06-18,243.91286819163997,244.98419542815554,243.43478334616947,244.8602294921875,52917600.0,-0.0020587424407250195
2018-06-19,242.59362460653927,244.14303644252993,242.17749577551783,243.92169189453125,97531500.0,-0.003840316959590668
2018-06-20,244.60338642311115,245.0018173571571,244.00133582821002,244.33778381347656,53785500.0,0.001704388917670715
2018-06-21,244.32894278291016,244.34666763816736,242.3102817141276,242.80609130859375,71061400.0,-0.006288481209212147
2018-06-22,244.06341561622347,244.17851913260048,243.02751098843524,243.2488555908203,54898500.0,0.0018218697598694482
2018-06-25,242.09779424744752,242.25715582365535,238.2552564656156,239.93746948242188,137854200.0,-0.01370667082112773
2018-06-26,240.50403534790925,241.31856778205764,239.75145882404757,240.46861267089844,68547400.0,0.0022112268125981014
2018-06-27,241.05296937359546,242.4784146675122,238.3259906084533,238.4765167236328,105110700.0,-0.008318729277955801
2018-06-28,238.4235078556914,240.60153070616383,237.71518906963607,239.84011840820312,76650500.0,0.005701684944856871
2018-06-29,240.9291087243102,242.29259870231078,240.070290799281,240.18539428710938,97592500.0,0.0014385732812952005
2018-07-02,238.61831146819992,240.8583174600272,238.37924203747139,240.6989288330078,63554800.0,0.002135793231014816
2018-07-03,241.59308793390554,241.69049356304407,239.42392806903175,239.84889221191406,42187100.0,-0.0035377852960734113
2018-07-05,240.97338766695466,241.86760124254315,239.90206063048137,241.8056182861328,56925900.0,0.008125063904806407
2018-07-06,241.83219950579445,244.22270428564602,241.4514663685335,243.85086059570312,66493700.0,0.008422638179142043
2018-07-09,244.8512736099577,246.09965982475168,244.80701551806254,246.04653930664062,50550400.0,0.008963890861634554
2018-07-10,246.4981344115885,247.0293667064297,246.20594449060724,246.9319610595703,51966800.0,0.0035921351716294314
2018-07-11,245.38254542362452,246.1705449354682,244.82475287381996,245.1257781982422,77054700.0,-0.0073413781731770066
2018-07-12,246.3829637811254,247.4011429739848,245.7809132868629,247.3480224609375,60124700.0,0.009024883528462533
2018-07-13,247.170987792406,247.84385669811354,246.71943636678722,247.54283142089844,48216000.0,0.000787280542749696
2018-07-16,247.58717813938293,247.72881487718087,246.8788593523983,247.32154846191406,48201000.0,-0.0008943176463230161
2018-07-17,246.55115905840393,248.71148306959697,246.4980385515374,248.32191467285156,52315500.0,0.004036641835163379
2018-07-18,248.40171700765376,248.95064719365996,247.95902788737786,248.8444061279297,44593500.0,0.002101878689593642
2018-07-19,248.18034885597547,248.56105497851968,247.42777201912497,247.9058837890625,61412100.0,-0.003778652874972409
2018-07-20,247.70223938621334,248.33087733719734,247.46319700882336,247.62255859375,82337700.0,-0.0011435276038823914
2018-07-23,247.41889800487505,248.28655117021037,247.07358760835706,248.0829315185547,47047600.0,0.0018574458679551976
2018-07-24,249.49073321709503,250.1724647113452,248.46369125173717,249.3313446044922,68026900.0,0.005019621539536927
2018-07-25,249.08338888278033,251.77494565505225,249.03913078919018,251.4562225341797,78882900.0,0.008486195828817223
2018-07-26,250.73911347212268,251.54478384538666,250.64170782132058,250.86305236816406,57919500.0,-0.002361726779622322
2018-07-27,251.19058208133256,251.2879877104607,248.2422852620333,249.1630859375,76768700.0,-0.006799536464488253
2018-07-30,249.24279041796194,249.40215198668153,247.33920594196468,247.86160278320312,63742500.0,-0.0052371085723200055
2018-07-31,248.62295674193922,249.69425639583147,248.2422507437213,249.08334350585938,68570500.0,0.004917016234034308
2018-08-01,249.28708818072533,249.79176024823593,248.0210038173346,248.6673126220703,53853300.0,-0.0016716441276238652
2018-08-02,247.36582285557148,250.19015439375062,247.1621761469714,250.02195739746094,63426400.0,0.005432834387134317
2018-08-03,250.14587016215646,251.14635172489284,249.96878373668994,251.09323120117188,53935400.0,0.004275565618573761
2018-08-06,251.128690386701,252.3239293637216,250.73912180973468,252.01406860351562,39400900.0,0.003660604530967328
2018-08-07,252.67813171258652,253.22706194784666,252.54530334890575,252.84632873535156,43196600.0,0.0032969941398590624
2018-08-08,252.67804956580417,253.1384364154706,252.2796186434976,252.74000549316406,42114600.0,-0.0004205938197166879
2018-08-09,252.80199595567012,253.19156446296677,252.26192830940533,252.3947296142578,35717000.0,-0.0013670647004929547
2018-08-10,250.9604568137881,251.5005245360856,249.99537081693893,250.7036895751953,77076000.0,-0.006722527215614748
2018-08-13,250.97813090933042,251.58904395946368,249.4729773325625,249.76516723632812,65732900.0,-0.003750576789195136
2018-08-14,250.49117247783963,251.59789505219464,250.10160397009915,251.35882568359375,43842000.0,0.00636035728596274
2018-08-15,250.0130131442934,250.15467684918175,248.04747314579978,249.48178100585938,102925400.0,-0.007495612140908886
2018-08-16,250.91616596894616,252.36819912554938,250.88074327694193,251.50051879882812,69967900.0,0.008059161851336299
2018-08-17,251.2969003032694,252.82861442412454,250.88963386809417,252.38592529296875,65618500.0,0.0035143132576090155
2018-08-20,252.8374516517211,253.19159751742657,252.38590013667803,252.92599487304688,39807500.0,0.0021375699411224345
2018-08-21,253.4395605213972,254.37805943983827,252.9614486321298,253.5192413330078,67272000.0,0.0023427872902852197
2018-08-22,253.11185465317376,253.89099157841562,252.84622505433717,253.36862182617188,44993300.0,-0.0005942912514425336
2018-08-23,253.19155760642926,254.0503753806769,252.71344590231374,253.03219604492188,49204900.0,-0.0013286938680666044
2018-08-24,253.60773831163402,254.69676324419368,253.5546177802505,254.5550994873047,57487400.0,0.006000575764491655
2018-08-27,255.75032058083627,256.6711214264323,255.5909589978284,256.56488037109375,57072400.0,0.007864264052129519
2018-08-28,257.02514154057883,257.13140956352527,256.2283069957751,256.688720703125,46943500.0,0.0004825697634670921
2018-08-29,256.90130179728936,258.3001872470909,256.66225944752415,258.07000732421875,61485500.0,0.005366747026128545
2018-08-30,257.59195413028306,257.9637978699567,256.432110766729,257.0252990722656,61229500.0,-0.004056374311563782
2018-08-31,256.61792892076545,257.4767465699944,256.13098188051356,257.0340576171875,66140800.0,3.4076006238381594e-05
2018-09-04,256.61802144760213,256.94560706766003,255.59097946442648,256.5914611816406,57594400.0,-0.0017234211654093643
2018-09-05,256.2372658547544,256.4409125342316,254.89150093970582,255.90081787109375,72452400.0,-0.0026952356430023664
2018-09-06,256.0069933078545,256.3080185267249,254.1034363834637,255.13047790527344,65909900.0,-0.0030148468623144003
2018-09-07,254.085789808222,255.60864105884195,253.84672045413873,254.6347198486328,73524800.0,-0.00194504534684223
2018-09-10,255.6440968788717,255.90972655484634,254.8826845841951,255.0774688720703,50210900.0,0.0017372515101186433
2018-09-11,254.43102872622725,256.36114595676304,254.08574541451273,255.91845703125,50530500.0,0.003291567998294548
2018-09-12,255.92739400139993,256.58256515572646,255.19254205962258,255.9805145263672,59810800.0,0.00024245993396839453
2018-09-13,257.0429214397845,257.6803946160753,256.7595940237465,257.49444580078125,51034200.0,0.0058968237141767115
2018-09-14,257.698179952664,257.88410181150124,256.75968121049704,257.538818359375,55079900.0,0.00017230948675096822
2018-09-17,257.48563159353705,257.52102725876375,255.9007974379103,256.1752624511719,68244000.0,-0.005308630467402981
2018-09-18,256.38770941207565,258.1584651362326,256.3611491569968,257.5652770996094,61930400.0,0.005411362091907075
2018-09-19,257.61843821443676,258.25591145639254,257.4944723248046,257.83978271484375,49080600.0,0.0010652035169738802
2018-09-20,259.0971818947862,260.2481631577569,257.8576303566848,259.9294128417969,100360600.0,0.008071710292000132
2018-09-21,260.670163615046,260.78578814845525,259.53175051533134,259.69183349609375,105479700.0,-0.00091443282557272
2018-09-24,259.11374214506895,259.25604717756437,258.25103654562844,258.8291320800781,53409600.0,-0.003327549971234158
2018-09-25,259.2826786788656,259.38940064759277,258.3488343105982,258.5889587402344,44370000.0,-0.0009283531494317437
2018-09-26,258.7313438038446,259.91421551245395,257.3972644981479,257.8152770996094,79739700.0,-0.0029964208881600824
2018-09-27,258.28670897641217,259.620788583103,258.01100136238296,258.5357360839844,59249500.0,0.002790580180993566
2018-09-28,257.9129639756838,259.06027918854977,257.87740808798645,258.5622253417969,70091400.0,0.00010245353805933795
2018-10-01,259.7986068206603,260.52791006634834,258.79362314823425,259.4606628417969,62078900.0,0.0034687208666986692
2018-10-02,259.3094787597656,260.02097697401297,258.93595169695675,259.3094787597656,47258200.0,-0.0005828557744072798
2018-10-03,260.3589158911238,260.7769285042683,259.096002645905,259.4517517089844,64694600.0,0.0005485103528544792
2018-10-04,258.9714428347122,259.0248038303383,255.84081347636905,257.4239196777344,111545900.0,-0.007846538530077295
2018-10-05,257.6462100766158,258.1620419692603,254.56003983967008,255.98306274414062,105951700.0,-0.005612937750293429
2018-10-08,255.29821821295369,256.3388116847822,253.91968088975355,255.98306274414062,87742200.0,0.0
2018-10-09,255.60053011843078,256.90790084053793,255.0490882698788,255.60940551757812,74339000.0,-0.001460761509157276
2018-10-10,255.10254333298064,255.17370940377114,247.1425558886837,247.51608276367188,214731000.0,-0.032174958865057855
2018-10-11,246.43103946135153,248.04972835434208,240.45436497653625,242.06417846679688,274840500.0,-0.022272669487571475
2018-10-12,246.15540825667637,246.44001835410387,242.2421144137428,245.42613220214844,183186500.0,0.013793123525330724
2018-10-15,245.07031967564035,246.3955233707276,243.9585870929312,244.0475311279297,102263700.0,-0.005633008771827043
2018-10-16,246.00425407612462,249.75746531832138,245.5328804265037,249.3839111328125,118255800.0,0.021630514844770337
2018-10-17,249.4194726965644,250.0509293104676,246.85803605064686,249.42837524414062,110626000.0,0.00017827993680288463
2018-10-18,248.4944211939006,249.09032170411564,244.55444807325216,245.82626342773438,134557500.0,-0.014546760614116801
2018-10-19,246.47553508012004,248.40548741105457,244.99915113163212,245.69287109375,139901600.0,-0.00054277576554198
2018-10-22,246.35994223177246,246.68010818995015,244.0564355596308,244.59007263183594,82415800.0,-0.004498628132446679
2018-10-23,240.97916660583792,244.4655448019636,238.89797931644497,243.34490966796875,146352700.0,-0.005103817975625616
2018-10-24,243.0958722305184,243.47832885220126,235.42049357209595,235.97190856933594,177806700.0,-0.030767051865739237
2018-10-25,237.8040571423669,241.7440310079275,236.78126856701027,240.20538330078125,138061500.0,0.017781554683276815
2018-10-26,236.50559671818039,241.02366679537118,233.27712038113032,235.9808349609375,201574600.0,-0.017743727202771783
2018-10-29,239.0669858830614,240.3566066552751,231.10699613836647,234.6734161376953,160749100.0,-0.0055557649087190995
2018-10-30,234.50444807839088,238.46219999139012,234.01526943167627,238.15090942382812,157116000.0,0.014709716914632997
2018-10-31,240.71231225043348,243.00694329919477,240.2409387624176,240.6945343017578,128296300.0,0.0106240910774207
2018-11-01,241.55726602534855,243.4516627284058,240.4722139163721,243.25599670410156,99495000.0,0.010585736175544822
2018-11-02,244.3588782924614,244.78579347421646,239.7696418707761,241.81524658203125,122634100.0,-0.005940382485222308
2018-11-05,242.3043186776565,243.70066118097728,241.33489121602472,243.1492462158203,65622500.0,0.005501446057011384
2018-11-06,243.08695198751172,244.8479186355636,243.02468846268695,244.68783569335938,60085900.0,0.00630782134495542
2018-11-07,246.85799876173513,250.00643309191767,246.43108367126504,249.9263916015625,102752100.0,0.021183182803350766
2018-11-08,249.12593521994543,250.11316793555736,248.3343956800287,249.47280883789062,65584900.0,-0.001816514275543717
2018-11-09,248.16536857627477,248.35213203208713,245.63061310834027,247.03585815429688,98812600.0,-0.009816425833971234
2018-11-12,246.52894247011767,246.76906695308182,241.90412375753766,242.41998291015625,99673600.0,-0.018861812259376488
2018-11-13,242.88248213590185,244.87469860439538,241.24601473079449,241.96641540527344,98176600.0,-0.0018727513366302846
2018-11-14,243.834079644037,244.23428707633516,238.7556929624398,240.31211853027344,125335900.0,-0.00686036490047043
2018-11-15,239.04918691779187,243.28267329833074,237.47498334426214,242.82017517089844,135101400.0,0.010382577209412144
2018-11-16,241.72624899886281,244.35882418194376,241.21038987573397,243.45166015625,126668000.0,0.002597252378031427
2018-11-19,242.846782611707,243.14029512611222,238.41765868432543,239.33372497558594,103061700.0,-0.01705948512884964
2018-11-20,236.00753920602298,237.46614578880062,234.0420030522268,234.9047088623047,136021300.0,-0.018678979060823074
2018-11-21,236.45212852591953,237.5994439666394,235.69617220468442,235.70504760742188,75563700.0,0.003401287396579823
2018-11-23,234.0686873706926,235.52729397724184,233.9708679026985,234.13095092773438,42807900.0,-0.006700646924293987
2018-11-26,236.38100636061282,238.1330978393555,235.98967435527595,237.91075134277344,79981400.0,0.016015030806932878
2018-11-27,236.87909419467337,238.7112274169922,236.27431815159747,238.7112274169922,75502400.0,0.0033589589339663353
2018-11-28,239.7785008821429,244.20762634277344,238.64896315068884,244.20762634277344,127629600.0,0.02276422317446862
2018-11-29,243.4338443710822,245.07031142067817,242.29543133041074,243.6739959716797,82346400.0,-0.00218754123741061
2018-11-30,243.52274345751525,245.71952764718066,243.20257757168687,245.15921020507812,98204200.0,0.00607658720703056
2018-12-03,249.27711038226846,249.38383236101384,246.81352089987206,248.40550231933594,103176300.0,0.013154663794550407
2018-12-04,247.57839310389085,248.00530818364757,240.04529209231492,240.35658264160156,177986000.0,-0.03293891916018987
2018-12-06,236.50559510086424,240.10759842803245,233.41052129024735,239.99197387695312,204185400.0,-0.0015181010944014194
2018-12-07,239.65395115076464,241.2192792431404,233.57945653094646,234.4154815673828,161018900.0,-0.023510377439200935
2018-12-10,234.23758739782187,235.82959594381217,230.01300388121976,234.86016845703125,151445900.0,0.0018952060381896983
2018-12-11,238.05304447291599,238.23980792098703,233.446031807797,234.91351318359375,121504400.0,0.00022710819646377752
2018-12-12,237.8841103617398,239.24487006116965,236.01639405183923,236.096435546875,97976700.0,0.005022929360813036
2018-12-13,237.03914588891996,237.90185139073836,234.90462492684645,236.016357421875,96662700.0,-0.0003392330263469338
2018-12-14,233.87294881626218,234.82459840670106,231.1069712205048,231.65838623046875,116961100.0,-0.018637300365518764
2018-12-17,230.70674603004963,231.8184786411639,225.48605403096258,227.11363220214844,165492300.0,-0.01981333874767242
2018-12-18,228.75011653111562,229.41715610831534,225.26371106517817,226.86460876464844,134515100.0,-0.0010970722382908208
2018-12-19,226.94468174674688,230.70678168429856,221.76846096634372,223.46717834472656,214992800.0,-0.015088852155933549
2018-12-20,222.22199466662704,223.7873091985889,217.58828746517864,219.8295440673828,252053400.0,-0.016412103879697503
2018-12-21,220.72861735508985,223.38552036390047,214.68124937399995,215.32534790039062,255345600.0,-0.020702315973284938
2018-12-24,213.84035620425558,215.45060262563953,209.57322025034426,209.63583374023438,147311600.0,-0.026778230037365805
2018-12-26,211.09402312558956,220.22767639160156,209.1169955121157,220.22767639160156,218485400.0,0.04929000357360946
2018-12-27,216.99823741467299,222.11522151944322,213.76880366004917,221.91842651367188,186267300.0,0.007647962300866049
2018-12-28,223.26923912477056,224.89736734289866,220.46919984471873,221.6321563720703,153100200.0,-0.001290811882097292
2018-12-31,223.25134548294824,223.81493515727374,221.38167686997687,223.57339477539062,144299400.0,0.00872069407482216
2019-01-02,220.04875178700226,224.7274143179528,220.02191548301792,223.8059844970703,126925200.0,0.0010397874976421327
2019-01-03,222.06150186504593,222.36566931905944,217.98222086036947,218.46530151367188,144140700.0,-0.024152337116423693
2019-01-04,221.48898887122783,226.42707273146465,221.11326702808634,225.78297424316406,142628800.0,0.03294704815407728
2019-01-07,226.05132962307513,228.96765431227632,225.15674999016903,227.56317138671875,103139100.0,0.007853629333100623
2019-01-08,229.74599353972656,230.18432891084558,227.2232719214142,229.7012481689453,102512600.0,0.009351667318318862
2019-01-09,230.4079382964577,231.61562631457824,229.18236851303053,230.77471923828125,95006600.0,0.00466244968227769
2019-01-10,229.24496630174812,231.83924156023605,228.56507710144314,231.58876037597656,96823900.0,0.003521220921176928
2019-01-11,230.51531358491874,231.7051199930724,229.9338421818793,231.67828369140625,73858100.0,0.00038648687702040954
2019-01-14,229.7817660410097,231.06996320273115,229.3792214907282,230.2648468017578,70908200.0,-0.006119546789677644
2019-01-15,230.64055347725395,233.2169474781809,230.6315989437874,232.90383911132812,85208300.0,0.011395506421449564
2019-01-16,233.3332136885603,234.35304766189932,233.12747782757188,233.46742248535156,77636700.0,0.002416888409609748
2019-01-17,232.59966906964814,236.09747886046176,232.55492370584037,235.23866271972656,96118400.0,0.007558035715588022
2019-01-18,237.04575985726618,238.83491941669797,235.2744820652817,238.36972045898438,127900300.0,0.013222330800060004
2019-01-22,236.90262700516908,237.11731741906,233.53899825203223,235.14923095703125,115531200.0,-0.013602577677052672
2019-01-23,236.1780803776557,236.87585170289748,233.18123184344998,235.64132690429688,86030300.0,0.002090509753277461
2019-01-24,235.46235613492826,236.34800875620095,234.4514765300922,235.76651000976562,59204100.0,0.0005311032130088014
2019-01-25,237.60932299896712,238.58443898655247,235.86490880279874,237.76141357421875,96883400.0,0.00842575597830211
2019-01-28,235.62337082617444,236.01696079540557,234.1920377820725,235.95436096191406,85613700.0,-0.007629306324965883
2019-01-29,236.09757145171423,236.6611339333045,234.80937403581933,235.64132690429688,66136300.0,-0.0013275528663450472
2019-01-30,237.15304223753876,240.21248898544735,236.3926441661389,239.37158203125,92473700.0,0.015706233409114333
2019-01-31,239.3090246230662,241.9569728947139,239.09430693048517,241.47389221191406,104012100.0,0.008744279353361433
2019-02-01,241.67077991950413,242.61010529345495,240.8030362333058,241.59027099609375,85782500.0,0.0004818357282328565
2019-02-04,241.63490857696522,243.35251360542537,240.9639738049802,243.28988647460938,60744800.0,0.007010484604185775
2019-02-05,243.7192665752043,244.61384616847684,243.2183041870039,244.3096923828125,79552800.0,0.0041829707793232355
2019-02-06,244.03238574275397,244.52439362076777,243.25410583006848,243.98764038085938,58347800.0,-0.0013190817440155937
2019-02-07,242.37745713067275,242.9231377133348,240.00682608227083,241.66180419921875,95482000.0,-0.009578324404242741
2019-02-08,240.41829205368393,242.05536087669893,239.59526672545192,241.95697021484375,75788900.0,0.001220655888028428
2019-02-11,242.6099663583151,242.86937475172184,241.56329635254562,242.09109497070312,68021400.0,0.0005541795079404879
2019-02-12,243.70129126871493,245.57988585318185,243.62970964050368,245.2041778564453,72270200.0,0.012777161657998944
2019-02-13,246.03620281200125,246.84131891507292,245.61574934811713,246.0004119873047,65277200.0,0.003241968192946484
2019-02-14,244.91808059160886,246.58201337914272,244.1040096176557,245.454833984375,83234400.0,-0.0022202559908442465
2019-02-15,247.22599775525475,248.16532268739357,247.02026192566782,248.12953186035156,97088700.0,0.010837961013995909
2019-02-19,247.3334357653313,249.21203152652333,247.32448123109788,248.5590057373047,59120800.0,0.0017293492862313323
2019-02-20,248.52321369738445,249.5162114781635,248.0222511901044,249.05996704101562,76610800.0,0.002013433973997654
2019-02-21,248.42482818267058,248.782654652387,247.21713995951922,248.17434692382812,64214700.0,-0.003562188001904209
2019-02-22,248.79152370679947,249.90974822592406,248.15637982404962,249.7129669189453,78114600.0,0.006180614971605618
2019-02-25,251.13537861516554,251.65422284883292,249.97240858043799,250.05291748046875,69030700.0,0.0013604394560206158
2019-02-26,249.70406634861823,250.75070943647637,249.49830316448794,249.87403869628906,56844100.0,-0.0007156197104532813
2019-02-27,249.15834287634237,250.1155497637619,248.2279995898932,249.7666778564453,56921600.0,-0.00042975217166774294
2019-02-28,249.55188802668022,249.99025054305505,248.97937134667168,249.30140686035156,69268300.0,-0.0018645597470087758
2019-03-01,250.87592925092025,251.26954649667508,249.4267145280981,250.85804748535156,78880500.0,0.006224597526067989
2019-03-04,251.91361209504328,252.15513875053298,247.65540461039754,249.94552612304688,106494600.0,-0.0036442326703835237
2019-03-05,250.07077439856636,250.26758299106885,249.05989514164,249.60557556152344,59114600.0,-0.0013610243791025022
2019-03-06,249.72184535745106,249.7307998879835,247.7716687292413,248.0937042236328,75039800.0,-0.006075459819662078
2019-03-07,247.6463783663507,247.7895143319929,245.1773580351061,246.0182647705078,94885100.0,-0.008400734202221453
2019-03-08,244.16663087774018,245.69635480490905,243.7014591754392,245.52638244628906,85795800.0,-0.0020013746103841475
2019-03-11,246.24203489111082,249.24780979781647,246.21519859017263,249.0867919921875,65098900.0,0.014396992348242332
2019-03-12,249.6414297782207,250.54496408692307,249.45357566962204,250.02609252929688,79667500.0,0.003763884584621272
2019-03-13,250.91178095520416,252.61147731037204,250.7507358243936,251.6811065673828,80639200.0,0.00659755349059883
2019-03-14,251.7079041553978,252.12835773703998,251.08171470002955,251.52005004882812,67518400.0,-0.0006401277975484408
2019-03-15,252.07085990158336,253.5713732521297,251.88215092021466,252.76271057128906,81309000.0,0.004928437514824614
2019-03-18,252.9782784675199,253.97564986095543,252.753648482228,253.6791229248047,62199800.0,0.0036190270752483383
2019-03-19,254.73949825355814,255.50321856970672,252.852600145159,253.74212646484375,90268100.0,0.0002483283482456372
2019-03-20,253.52642876764455,254.73044238296177,251.87315511285124,252.9783172607422,84609200.0,-0.003014718636483239
2019-03-21,252.16071856563832,256.23998047374977,252.11577610387022,255.83566284179688,79550400.0,0.011231513794190498
2019-03-22,254.47886913237073,254.99999873616272,250.8488401747913,250.9117431640625,122659300.0,-0.019434039883963194
2019-03-25,250.57027724900775,251.75633027368409,249.46511515748892,250.72303771972656,85575200.0,-0.0007523619191828496
2019-03-26,252.4752137289537,253.54445509403368,251.19033626357648,252.59202575683594,68125900.0,0.0074267462403008735
2019-03-27,252.58291903886354,253.16697891758005,249.72563230261858,251.27108764648438,72224700.0,-0.005243253976920345
2019-03-28,251.90007198279523,252.67278597333015,250.7499675503961,252.22352600097656,56238500.0,0.00378331551017331
2019-03-29,253.73310132614503,254.13741891416976,252.60995121387023,253.81396484375,82186800.0,0.006285874498859638
2019-04-01,255.80866998313059,257.12050158234626,255.53909751491526,256.823974609375,77617900.0,0.011789349737298291
2019-04-02,257.01267104799234,257.18339204335194,256.1590660711943,256.94976806640625,40070400.0,0.0004896842679806226
2019-04-03,258.16284976811403,258.55820087935837,256.7521663675677,257.35418701171875,68243200.0,0.001572684886727937
2019-04-04,257.67758476056383,258.2885718276397,256.9857341776094,258.0369873046875,48997500.0,0.0026496406087914742
2019-04-05,258.7020084774776,259.339950290705,258.4144753653563,259.2860412597656,58621700.0,0.004828922407395763
2019-04-08,258.8636919237671,259.59149113940293,258.2077622637104,259.4836730957031,53566300.0,0.000761925147245689
2019-04-09,258.522174565323,258.8456286022435,257.6056940400608,258.1537780761719,66142300.0,-0.0051383374312140295
2019-04-10,258.5671757249507,259.12428134186337,258.1538640665501,259.034423828125,52601500.0,0.0034055169851949134
2019-04-11,259.5195720218468,259.52856599827516,258.39642179469354,258.9624938964844,55093100.0,-0.00027772339811947533
2019-04-12,260.5709246028829,260.99323030165215,259.00750782987916,260.7146911621094,69727800.0,0.006743432099509707
2019-04-15,260.786383204038,260.8852346427562,259.7440969246708,260.5437927246094,49596700.0,-0.0006557147707180717
2019-04-16,261.4245299793317,261.4784390114582,260.1216643880503,260.7146911621094,52153200.0,0.0006557147707181199
2019-04-17,261.8288193872547,261.8557739004012,259.66338209560803,260.07672119140625,58268300.0,-0.0024500031094551
2019-04-18,260.6607336464958,260.85840920108075,259.3668622747877,260.5888366699219,68708500.0,0.001967157750030718
2019-04-22,259.8250957710666,260.96620654252615,259.73523826780877,260.8134460449219,40160100.0,0.0008615589012159786
2019-04-23,261.18190502726463,263.39228496883817,260.94830836776504,263.1586608886719,52246600.0,0.00895173797831377
2019-04-24,263.07769295982763,263.4101409908237,262.4307574273886,262.57452392578125,50392900.0,-0.002222181213360035
2019-04-25,262.475714273737,263.06874089132936,261.2267854647723,262.4128112792969,57770900.0,-0.0006160630581148373
2019-04-26,262.45770657786915,263.7066351624023,261.6849650923547,263.634765625,50916400.0,0.0046458023843733084
2019-04-29,263.72467211131345,264.56928329115584,263.634814607374,264.0481262207031,57197700.0,0.0015667010874980873
2019-04-30,263.7066163248907,264.47036378092696,262.29596081647924,264.1828308105469,81111700.0,0.0005100215766254474
2019-05-01,264.8118402899683,265.0185097807534,262.1881495792361,262.1971435546875,71671900.0,-0.007544727276158394
2019-05-02,262.0803024726753,262.9968104059952,260.13949601586444,261.63104248046875,65030200.0,-0.002161400664172652
2019-05-03,263.10460158602905,264.47034195162666,261.73883379978037,264.1918029785156,56543700.0,0.009740089328315393
2019-05-06,259.8968915051246,263.54488025187277,259.5824040433734,263.1046142578125,107198100.0,-0.004123639857005148
2019-05-07,260.70562286447625,261.29864946948265,256.806048601852,258.7109069824219,144729900.0,-0.01684047689119649
2019-05-08,258.3514709472656,260.0586535717971,257.7584444190409,258.3514709472656,91568300.0,-0.001390300700246958
2019-05-09,256.28494681196247,258.17181744485043,254.55078184893665,257.56982421875,103471100.0,-0.003030102978490315
2019-05-10,256.6353077314568,259.6184010578606,253.652214405053,258.8636474609375,112429300.0,0.005010620031679469
2019-05-13,253.7600386155782,254.72143420675988,251.52270509767263,252.3583221435547,127290500.0,-0.02545147457416087
2019-05-14,253.37370819864339,256.168120343081,253.24792962651986,254.640625,77003200.0,0.009003246598218656
2019-05-15,253.01427522562122,256.77008271546595,252.80760572827901,256.13214111328125,73956400.0,0.005840250113878647
2019-05-16,256.8329499899436,259.8609579611438,256.7610804560164,258.50421142578125,76749600.0,0.009218498068097878
2019-05-17,256.2040601319123,259.3129323114473,256.1860721788903,256.8330078125,100353000.0,-0.006485886947010058
2019-05-20,255.23362019273912,256.9408029172049,254.38900909588577,255.13479614257812,62877600.0,-0.006634080835298688
2019-05-21,256.8240439532116,257.8124217622232,256.57245936734176,257.43505859375,46847100.0,0.008975470844207429
2019-05-22,256.482621077497,257.59677743350494,256.1681335000444,256.64434814453125,49482500.0,-0.00307622154244921
2019-05-23,254.4249951802934,254.46991022415784,252.0978310424827,253.50851440429688,98733800.0,-0.01229385725687312
2019-05-24,254.94612889767544,255.3594679586929,253.46357595804218,254.08355712890625,55268100.0,0.0022657681349541724
2019-05-28,254.3620954665406,255.31452474232293,251.7024831919406,251.72044372558594,70029400.0,-0.009344056564189653
2019-05-29,250.6061632518568,251.01048071357127,248.62940870353563,250.03109741210938,104972900.0,-0.006733821656701542
2019-05-30,250.7859350955703,251.6215796387543,249.6178699191781,250.7140655517578,62523800.0,0.002727808928197275
2019-05-31,248.17123097409964,248.99785400522927,247.30863204511155,247.33558654785156,86862800.0,-0.013567044213610874
2019-06-03,247.3715764238145,248.48573261773257,245.37686062526726,246.70668029785156,96428000.0,-0.0025459626915147826
2019-06-04,248.99791717121533,252.1966469375377,248.54865706447725,252.06187438964844,77231900.0,0.021474488867308687
2019-06-05,253.6791519839394,254.27217850352002,251.8731453413565,254.24522399902344,71169700.0,0.008624659422314034
2019-06-06,254.54181262116182,256.5724497666044,253.89487693589513,255.8985595703125,69430400.0,0.006481864185026561
2019-06-07,256.91380361699646,259.53749394521816,256.74308263224987,258.4592590332031,74272200.0,0.009956961967396153
2019-06-10,260.00469666198643,261.307561473152,259.5554367161571,259.6452941894531,60799100.0,0.004578370217461988
2019-06-11,261.4603007892035,261.8286972441243,258.93546202655364,259.5823974609375,58641300.0,-0.0002422703173760076
2019-06-12,259.3488670961745,259.9059451972257,258.61207399835774,259.1242370605469,47096300.0,-0.0017665496797110757
2019-06-13,260.03163238713466,260.5527892422328,259.3307880190692,260.193359375,48945200.0,0.004117418058641375
2019-06-14,259.90582275390625,260.50781561021677,259.1420755084468,259.90582275390625,52324700.0,-0.0011056992983964394
2019-06-17,260.13956380841864,260.76853892968074,259.8340702245848,260.0047912597656,39205700.0,0.00038071354724140055
2019-06-18,261.81977777473696,263.7785449569694,261.4603478082686,262.7272644042969,85434800.0,0.010416417861048887
2019-06-19,262.862058449699,263.85043609708407,261.8916687545038,263.3203125,78674400.0,0.002254732738962007
2019-06-20,265.9979361214567,266.2405267117123,263.38323896605675,265.836181640625,116570000.0,0.009509051201146587
2019-06-21,265.5671482228351,266.8221515056671,265.23308319547755,265.44976806640625,83309500.0,-0.0014546352771732302
2019-06-24,265.6574579000981,265.9734475035229,264.9712523643733,265.124755859375,47582700.0,-0.001225133258486422
2019-06-25,265.1788831412484,265.2059687471691,262.41604112123906,262.5243835449219,82028700.0,-0.009856524620770558
2019-06-26,263.41817988550474,263.9237961241511,262.1541392888887,262.2624816894531,51584900.0,-0.0009981266474542953
2019-06-27,263.0208620398815,263.698029484127,262.6416637013518,263.1924133300781,40355200.0,0.0035395335367917166
2019-06-28,264.1675879780534,265.04339252576335,263.65296153358025,264.54681396484375,59350900.0,0.005132851750710882
2019-07-01,267.8695161656501,268.08622859750477,265.74771822350516,266.9485778808594,78705600.0,0.009037821592783194
2019-07-02,266.9033612093092,267.69790900113674,266.06367992868246,267.64373779296875,61504500.0,0.0026007119202765827
2019-07-03,268.3208916824014,269.80164477374774,268.1764259500246,269.7835693359375,40898900.0,0.007963282931438505
2019-07-05,268.5556853748782,269.63916472557844,267.2645588956779,269.47662353515625,51677300.0,-0.0011383960395659112
2019-07-08,268.16743147205943,269.2960442403786,267.4541404873554,267.9958801269531,45841800.0,-0.005510038725545473
2019-07-09,266.8401319541879,268.6278366109929,266.7859607557403,268.32989501953125,41101300.0,0.0012455673444765562
2019-07-10,269.3953147050236,270.56005064904815,268.8626128525521,269.61199951171875,58448500.0,0.0047667115457492885
2019-07-11,270.2530867910683,270.48781949375126,269.2418542299152,270.2440490722656,50826100.0,0.0023415495704494564
2019-07-12,270.73164779402924,271.5261956250817,270.42466841458145,271.4539489746094,40326000.0,0.004467071758215707
2019-07-15,271.88738375791934,271.88738375791934,271.0386645988323,271.5442810058594,33900000.0,0.0003327157515286034
2019-07-16,271.45396719521267,271.66164188673037,270.3614776311971,270.66845703125,36650100.0,-0.0032305575833257993
2019-07-17,270.64132560824015,270.8038392241641,268.8265075683594,268.8265075683594,36036300.0,-0.006828447866636604
2019-07-18,268.32991298102115,270.18986439626957,267.88750564607955,269.8106384277344,51392600.0,0.003654155535947581
2019-07-19,270.903180082799,270.93026568631416,268.1403383081677,268.3118896484375,58678600.0,-0.0055703025849953725
2019-07-22,268.7092233807768,269.5128091364652,268.19459674660476,268.9710693359375,43638100.0,0.0024537536775195703
2019-07-23,270.090607031503,270.8941650390625,269.259935864137,270.8941650390625,44564500.0,0.007124384808871544
2019-07-24,270.1357635765845,272.1672668457031,270.04546903159616,272.1672668457031,47213200.0,0.004688619239461228
2019-07-25,271.71581505222247,271.76998626708985,270.06351033668966,270.8670959472656,55394100.0,-0.004788549204073717
2019-07-26,271.55321120558057,272.8804606370098,271.4267933768651,272.68182373046875,45084100.0,0.006677354917959274
2019-07-29,272.56449822490094,272.68187835964795,271.6345224202421,272.1852722167969,38126500.0,-0.0018226523672645776
2019-07-30,270.7858119974368,271.9234625037329,270.4065859773304,271.51715087890625,45849000.0,-0.002457674072457649
2019-07-31,271.7608869474775,271.9505137105572,266.53317301954223,268.5466003417969,104245200.0,-0.011000851244031388
2019-08-01,268.70017713336995,271.6526186964665,265.4136429910856,266.20819091796875,142646600.0,-0.008745781682321459
2019-08-02,265.31430025667504,265.55807069993347,262.6507630499362,264.2037353515625,116749700.0,-0.007558144940786855
2019-08-05,260.1136939331715,260.22203637331984,254.36228645172406,256.25836181640625,178745400.0,-0.030534368937477185
2019-08-06,258.14544932334616,260.068610669545,256.6737332676527,259.8518981933594,120711700.0,0.013925684986977284
2019-08-07,256.7819852077057,260.7727722927134,254.6511774136103,260.00531005859375,140572300.0,0.0005902077234000798
2019-08-08,261.495037348534,265.1065979003906,260.94428759030563,265.1065979003906,87713900.0,0.019429947221506108
2019-08-09,264.1675479475779,264.7634586627928,261.5220868217728,263.30078125,93730000.0,-0.006834967685162748
2019-08-12,261.80202916869314,263.29179245654484,259.1475298322207,260.0955810546875,65527600.0,-0.012247850744439286
2019-08-13,259.79769355061575,265.5852247370545,259.4545907653121,264.1405944824219,94299800.0,0.015432333345800535
2019-08-14,260.0956003464888,260.70052138237736,256.204145582048,256.3305358886719,135622100.0,-0.030013748777151725
2019-08-15,257.2153345533102,257.901539842479,254.96714703508582,257.0076599121094,99556600.0,0.002638122086728749
2019-08-16,258.6600201444486,261.23323542718947,257.06188669690755,260.79986572265625,83018300.0,0.014647425628709217
2019-08-19,263.815534727368,264.6190928142968,263.13836696189935,263.9419250488281,53571800.0,0.011975782886073514
2019-08-20,263.43622123692984,263.9689230625115,261.79298227907464,261.91937255859375,51596400.0,-0.007692379997359916
2019-08-21,264.07737857699556,264.4204537634302,263.3911730960728,264.05029296875,49524700.0,0.00810287059834063
2019-08-22,264.7545624531943,265.3865692020705,262.19936718570995,263.9690246582031,51666400.0,-0.0003078232499289781
2019-08-23,262.6688438924776,264.33015864750445,255.94230050225514,257.18829345703125,149161500.0,-0.02602328942512539
2019-08-26,259.3732289407894,260.0323486328125,257.8473424684489,260.0323486328125,72423800.0,0.010997565097532913
2019-08-27,261.4229369175807,261.793125348652,258.2537822776039,259.01220703125,66668900.0,-0.003930849111106359
2019-08-28,258.35305014787957,260.9985121802663,257.5494645347921,260.83599853515625,59696700.0,0.007016659736476973
2019-08-29,263.3911606210267,264.6913248632864,262.3889380553566,264.1676330566406,57899400.0,0.012692023615058015
2019-08-30,265.6483989632906,265.6664468507787,263.12031701361735,264.05029296875,62901200.0,-0.0004442866629071747
2019-09-03,262.3528412178477,263.2647416845759,261.17906729483354,262.5063171386719,69101400.0,-0.005864441640011397
2019-09-04,264.6732746057014,265.5039182477998,263.9238602297381,265.4858703613281,46887300.0,0.011286473255472317
2019-09-05,267.9688277765969,269.81070420416734,265.44975604997495,268.8988037109375,83258100.0,0.012773494152083627
2019-09-06,269.2148152948554,269.74751727016104,268.5376475637681,269.1064453125,49584300.0,0.0007718943718455052
2019-09-09,270.0906319733859,270.1808989649801,268.3028991645869,269.2419128417969,51260300.0,0.0005032709029544086
2019-09-10,268.48337640040836,269.24182830225595,267.22837353862485,269.1786193847656,57947100.0,-0.00023510788885063955
2019-09-11,269.48569071099945,271.17409129973674,268.8356085403277,271.09283447265625,68821100.0,0.007086153022449632
2019-09-12,271.9956759928493,273.08816543274827,271.23725152228974,272.03179931640625,72908700.0,0.0034576438658895105
2019-09-13,272.4742232943265,272.8263637238987,271.4810384912023,271.8512268066406,62104800.0,-0.0006640123251777613
2019-09-16,270.7226651270901,271.89643922675583,270.37055218501104,271.0115966796875,58191200.0,-0.0030933442488486
2019-09-17,270.8129115165538,271.7880208906066,270.64136015983695,271.69775390625,41475500.0,0.0025286374425998177
2019-09-18,271.3095130844703,271.96863296095114,269.2780097922511,271.86029052734375,73375800.0,0.0005980469891031722
2019-09-19,272.2484746882701,273.2416593963996,271.5080981282079,271.8421630859375,76560500.0,-6.668147731356147e-05
2019-09-20,272.4444725268905,272.7256865360811,269.7686626835575,270.55780029296875,89565000.0,-0.0047358601777208395
2019-09-23,269.89563042755236,271.21087820036234,269.64165479267564,270.4942932128906,43476800.0,-0.00023475403249354995
2019-09-24,271.5827644184251,271.97279346935863,267.4102840114436,268.37176513671875,94869400.0,-0.007877798277430563
2019-09-25,268.45338400504926,270.40355684518136,266.9748722488337,269.9591064453125,71854000.0,0.005897287310703835
2019-09-26,269.9682417151954,270.1768477756016,267.99085778219984,269.39678955078125,56179700.0,-0.0020851430472657393
2019-09-27,270.1495830366901,270.2584534548734,266.39437020670596,267.9454345703125,84746600.0,-0.0054019894387890045
2019-09-30,268.462564934567,269.8957076382301,268.4172230044374,269.1882019042969,51662400.0,0.0046274128715894725
2019-10-01,270.06800612770223,270.72109036382295,265.76855105398255,265.9862365722656,88242400.0,-0.011966205069596737
2019-10-02,264.4078850320209,264.41696448642426,259.99958846909385,261.28759765625,122539500.0,-0.017822857835486504
2019-10-03,261.0608737824399,263.4555248952082,258.3487738908161,263.4283142089844,85278800.0,0.008159571232635873
2019-10-04,264.0813879558739,267.2470176140269,264.0269389043035,266.9930419921875,65091200.0,0.0134413194756827
2019-10-07,266.19480049123445,267.818445039267,265.5598476544299,265.8410339355469,59610500.0,-0.004324084752375779
2019-10-08,263.9906876592985,264.7254038708757,261.67766859806807,261.7139587402344,95708100.0,-0.015646366530971158
2019-10-09,263.72761868689645,265.13355020756165,263.10174525349936,264.19927978515625,62359400.0,0.009451519240165558
2019-10-10,264.1176953902786,266.8660857836884,263.9544312515663,265.9862365722656,55296300.0,0.006740899170349383
2019-10-11,268.7345728885581,270.9750115009524,268.61667837739276,268.74365234375,98720400.0,0.010313394743391721
2019-10-14,268.4262685735817,269.09751182039724,268.09974024913794,268.4444274902344,40394800.0,-0.001114041415643935
2019-10-15,269.4874550292948,271.8458158960156,269.36953283376874,271.1020202636719,46754500.0,0.009851290013254632
2019-10-16,270.63941529110076,271.3560002499491,270.23125500917473,270.6666259765625,48928200.0,-0.001607307413839499
2019-10-17,271.8276926759577,272.33564398394304,270.7754999147679,271.4648742675781,45736600.0,0.0029448532967893924
2019-10-18,270.92972608659727,271.5737308704061,269.4240033178338,270.2766418457031,64304000.0,-0.004386720574271244
2019-10-21,271.5918531611871,272.30841046123777,271.15645449887944,272.1088562011719,39048600.0,0.006756158973464582
2019-10-22,272.6440336093649,272.93429940069217,271.12925918317654,271.219970703125,48594700.0,-0.0032720012157083913
2019-10-23,270.9659810160959,272.0635156111766,270.7573472991516,272.00909423828125,34352200.0,0.0029053087956994635
2019-10-24,272.94334172458434,273.0884746005034,271.62809406743776,272.4535217285156,35453100.0,0.001632536655070977
2019-10-25,271.8821290723367,274.11351638561285,271.8277076921369,273.56927490234375,45205400.0,0.00408684301710952
2019-10-28,274.7847388004007,275.6101666626339,274.75752810961376,275.11126708984375,42147000.0,0.005620743325606506
2019-10-29,274.8390662452186,275.9547595486964,274.7120646107723,275.029541015625,44284900.0,-0.0002971096621658883
2019-10-30,275.22916703094626,276.24506964645207,273.92299861636155,275.8731994628906,49643900.0,0.003062824142261897
2019-10-31,275.864092158819,275.864092158819,273.68715424802167,275.138427734375,69053800.0,-0.0026669933183805054
2019-11-01,276.58064197385863,277.73259776958525,276.41735019832123,277.687255859375,71141500.0,0.009221156907617144
2019-11-04,279.2384077691996,279.3744612238009,278.4311111364447,278.8030090332031,60606900.0,0.004009970126393489
2019-11-05,279.00258028848964,279.30192558808307,278.2043630646061,278.49462890625,42933200.0,-0.001106698243215868
2019-11-06,278.4945741205653,278.8301818233875,277.6147249920431,278.5580749511719,46487100.0,0.00022779189386159884
2019-11-07,279.89148638265715,280.8710989172841,279.06605853304166,279.5377197265625,54272300.0,0.003510672507820558
2019-11-08,279.1930197495144,280.2815026770793,278.4945936077772,280.2270812988281,49032100.0,0.0024630413327453343
2019-11-11,278.84827471069235,279.86417703477946,278.7121936255367,279.69183349609375,35797300.0,-0.0019118767079698634
2019-11-12,280.0546986848405,281.1794439203386,279.5104572968919,280.2814636230469,46484600.0,0.0021059230784742314
2019-11-13,279.29278899604503,280.77130091310977,279.0660240438884,280.3721923828125,53917700.0,0.0003236535054599856
2019-11-14,280.09095744342886,280.8619636831978,279.4560046150865,280.7803039550781,51219900.0,0.0014545480841047724
2019-11-15,282.1137714747029,282.85756726611123,281.4244247462533,282.8122253417969,62023600.0,0.007210635645219128
2019-11-18,282.57633203669667,283.2566268714091,282.1228021468884,283.0207824707031,49228000.0,0.0007371685125156715
2019-11-19,283.61947336896316,283.6285528256652,282.2951737101685,282.9391784667969,67804700.0,-0.0002883737723657842
2019-11-20,282.3495416770167,282.86657234836355,280.3358680402715,281.8869323730469,79406200.0,-0.0037259159619866715
2019-11-21,281.99581092576324,282.1046536636578,280.635221339549,281.43341064453125,54664700.0,-0.0016101737923108837
2019-11-22,282.1772483826184,282.31330182529547,281.052503014795,282.059326171875,44850200.0,0.0022215575955934
2019-11-25,282.98444091082035,284.2452392578125,282.98444091082035,284.2452392578125,48647200.0,0.007719958748919123
2019-11-26,284.28162866852205,285.0707663027961,283.96415218727157,284.88934326171875,37569000.0,0.0022634515584871277
2019-11-27,285.3700754304547,286.15924072265625,285.15238993261636,286.15924072265625,44444600.0,0.004447606000237446
2019-11-29,285.5967720976461,285.84169590542126,284.87113549084046,285.097900390625,36592700.0,-0.0037158101906430495
2019-12-02,285.3519574335292,285.41545826710006,282.24982822038623,282.6761474609375,75767800.0,-0.008530744318001908
2019-12-03,279.9639558052549,280.8619636831978,278.5852351006926,280.7803039550781,73941700.0,-0.006729360025663793
2019-12-04,281.82344036418806,283.11144954756696,281.47875327303325,282.5127868652344,49080000.0,0.0061512857204863445
2019-12-05,283.2112849549353,283.2294161852713,281.71461417355385,283.0207824707031,40709000.0,0.0017965184372486
2019-12-06,284.9256316357635,286.0050350565463,284.9165521793852,285.6059265136719,48927000.0,0.009092650109256768
2019-12-09,285.21589807283027,285.88711349587976,284.63536648869166,284.70794677734375,34838500.0,-0.003149074642799664
2019-12-10,284.6535275182076,285.31566348978197,283.73738821573176,284.3904724121094,52649800.0,-0.0011157099983494503
2019-12-11,284.8440177776958,285.4517600872291,284.3088557612892,285.1977844238281,53429100.0,0.0028347233027946044
2019-12-12,285.2068112141044,288.4359419435748,284.97099448527933,287.6558837890625,96389600.0,0.008581997771297105
2019-12-13,287.42002857849036,289.0527527941986,286.6490222278449,287.8282165527344,81503900.0,0.0005989140923991087
2019-12-16,289.5516578841208,290.3952169345024,287.7647488016478,289.8056335449219,82749700.0,0.006846637247349167
2019-12-17,290.18655602615394,290.48587355216506,289.7874475372953,289.86907958984375,61097700.0,0.00021890223512470604
2019-12-18,290.2591048310666,290.4858697567159,289.8327856635954,289.88720703125,48133000.0,6.253469545898304e-05
2019-12-19,290.07772911648044,291.14808077783215,289.823753465592,291.07550048828125,85310500.0,0.004090779317752235
2019-12-20,292.1054650052227,293.48186803995895,291.13016050237536,292.3515930175781,147142100.0,0.004374478245693599
2019-12-23,293.1354754488179,293.19016437902224,292.6523713537724,292.7982177734375,52990000.0,0.0015265316141394487
2019-12-24,293.0260982506087,293.07166308676193,292.5065255951328,292.8073425292969,20270000.0,3.116348777625062e-05
2019-12-26,293.1902210059652,294.3752129631039,293.18112472741444,294.3660888671875,30911200.0,0.0053093342313210974
2019-12-27,295.09535461171913,295.1500435638509,293.764543747561,294.293212890625,42528800.0,-0.0002475998483917394
2019-12-30,294.37512695792304,294.51184926989555,292.1874586969327,292.6705627441406,49729100.0,-0.0055289758839756654
2019-12-31,292.16925296260575,293.6276892705335,291.82287121002,293.3815612792969,57077300.0,0.0024264015258717163
2020-01-02,294.9130269972677,296.14358388648566,293.9923834001532,296.1253356933594,59151200.0,0.009308777356888554
2020-01-03,292.74353546966336,295.00411329960116,292.68884653822107,293.8829345703125,77709700.0,-0.007601289789115088
2020-01-06,292.13287226263657,295.08621432416686,292.01437027823323,295.0041809082031,55653900.0,0.0038080224999159354
2020-01-07,294.43897268463854,294.9129805533922,293.7279886988713,294.1746520996094,40496400.0,-0.0028158830909918255
2020-01-08,294.3660894233574,296.95480128822834,294.1199891894408,295.74249267578125,68296000.0,0.005315472796711178
2020-01-09,297.3011671355,297.8207398631898,296.7177813744384,297.747802734375,48473300.0,0.006757710127399702
2020-01-10,298.33120751452185,298.48615024274386,296.4261352089056,296.8909912109375,53029300.0,-0.0028817901728786805
2020-01-13,297.5107715003253,298.9418355342063,297.0823563543286,298.9327392578125,47086800.0,0.00685355730030045
2020-01-14,298.4953016751799,299.54354357146394,297.9210399203598,298.4770812988281,62832800.0,-0.00152544545357113
2020-01-15,298.3858164658878,299.9080379561586,298.3037830757557,299.1514892578125,72056600.0,0.002256947804994936
2020-01-16,300.52792945323296,301.6399841308594,300.30004962435345,301.6399841308594,54050300.0,0.008284102603373557
2020-01-17,302.3510080804288,302.7885196066415,301.57621099627295,302.5788879394531,95846000.0,0.0031078293237839488
2020-01-21,301.62178693577914,302.78853074420584,301.5488776178504,301.98638916015625,77742400.0,-0.001960082695565921
2020-01-22,302.84315842409643,303.49035714511143,301.867853930092,302.0227966308594,48914900.0,0.00012055270550082044
2020-01-23,301.3756489009387,302.77939649699647,300.2635941747511,302.36920166015625,51963000.0,0.0011462926981407715
2020-01-24,303.02546369041266,303.1074970853696,298.3949302922052,299.68017578125,87578400.0,-0.00893296749799415
2020-01-27,294.4480801750021,296.3531521856209,294.1108224827082,294.8764953613281,84062500.0,-0.016159216373540723
2020-01-28,296.2985175568416,298.8416646744203,294.9677069156235,297.96661376953125,63834000.0,0.010424837013424969
2020-01-29,299.32471133178075,299.55259115613137,297.5198931086739,297.7204284667969,53888900.0,-0.0008265592477092913
2020-01-30,295.66036446661803,298.89627442765044,294.9129398382602,298.6866149902344,75491800.0,0.0032400266873804104
2020-01-31,298.0668193889295,298.22178991387807,292.3516032332454,293.26312255859375,113845600.0,-0.0183246780980309
2020-02-03,294.73976005288546,297.30112696346464,294.6212580975968,295.4416198730469,69083000.0,0.007401018206142155
2020-02-04,299.0421238964606,300.8104734483571,298.723086598825,299.94451904296875,62573200.0,0.015126267583455668
2020-02-05,302.87050163975044,303.61795412672234,301.4120930432873,303.4082946777344,65951100.0,0.011481884593672179
2020-02-06,304.3654472195234,304.62067153969036,303.35364621707834,304.42926025390625,50359700.0,0.0033593401001149256
2020-02-07,303.3718697108561,304.4383317479117,302.25981501693957,302.8067321777344,64139400.0,-0.005343991323873957
2020-02-10,301.9225963763189,305.1311348147873,301.88612780958465,305.06732177734375,42070000.0,0.0074377249897834416
2020-02-11,306.41637021168424,307.20026355708615,305.0673114617923,305.59600830078125,54864500.0,0.0017315159744727775
2020-02-12,307.02702899526753,307.77448148627434,306.6624268441835,307.5648498535156,43992700.0,0.0064219634800999955
2020-02-13,306.1428904532812,308.20293318619815,305.8694457619048,307.2367248535156,54501900.0,-0.001067417666622914
2020-02-14,307.64690946641167,307.8474448392001,306.4528213248784,307.72894287109375,64582200.0,0.0016007987064081133
2020-02-18,306.7353777212436,307.79274347896046,305.550385905375,306.9359130859375,57226200.0,-0.0025803662515891846
2020-02-19,307.9021483533661,309.077988360176,307.6195795625174,308.4034729003906,48814700.0,0.004769929019317823
2020-02-20,307.8565243216202,308.67691395841035,304.15575813081296,307.1364440917969,74163400.0,-0.004116810504394775
2020-02-21,305.78745621324725,306.0973695137125,303.15315143324005,303.9735412597656,113788200.0,-0.01035142985857542
2020-02-24,294.54847666522704,304.0464959569677,292.81656705509187,293.8921813964844,161088400.0,-0.033727692155829374
2020-02-25,295.2774773337713,295.88817950725,284.1113691962221,284.9864196777344,218913200.0,-0.030771441253102407
2020-02-26,286.3810972156628,289.9633610159589,283.2090281846531,283.938232421875,194773800.0,-0.00368480584554277
2020-02-27,278.43268874388383,283.9929622601153,271.1861267089844,271.1861267089844,284353500.0,-0.04595132347932624
2020-02-28,263.15566832306206,271.5325340386913,260.27526361074985,270.0467529296875,384975800.0,-0.004210296547980159
2020-03-02,271.8241810091955,281.80532914475464,268.40598340350584,281.74151611328125,238703600.0,0.04239493806042089
2020-03-03,282.11514424699317,286.0711335616796,271.2407287232659,273.6744689941406,300139100.0,-0.029050710357625287
2020-03-04,279.0343161033958,285.3967315712866,276.49116917188974,285.1779479980469,176613400.0,0.04117403365601125
2020-03-05,277.9951665598652,281.1763600202487,273.4649145191371,275.6981201171875,186366800.0,-0.03380686494034233
2020-03-06,267.2118271902237,272.34368433894815,264.5502069103932,271.1404724121094,228667200.0,-0.016669464457642
2020-03-09,250.94129282702897,259.04471406948755,249.25500410266218,249.9659881591797,309417300.0,-0.0813121737240676
2020-03-10,259.4549092564181,262.9915813511426,249.30056924454237,262.90045166015625,276444100.0,0.05045058848290269
2020-03-11,255.8634682272535,256.9937432117131,246.9123423892593,250.08441162109375,255316300.0,-0.049976942369710765
2020-03-12,233.34889835184046,243.06569566035535,225.76505247924013,226.15701293945312,392220700.0,-0.1005690017902225
2020-03-13,239.8115967480577,247.45925662714072,226.53076847464146,245.49037170410156,329566100.0,0.08202822177093677
2020-03-16,219.84023822786799,234.16932404862888,216.35824141554718,218.6279296875,297240000.0,-0.11588639357402943
2020-03-17,223.35866962977036,233.50389718402428,216.09387404457632,230.43206787109375,262070500.0,0.05258476884134496
2020-03-18,215.34645080566406,226.39406110097966,207.8446502974257,218.7646484375,327597100.0,-0.05195961532347441
2020-03-19,218.08099810602204,225.49165465544974,211.6730183757266,219.22950744628906,289322000.0,0.002122672995010841
2020-03-20,222.3707310405341,224.14947908525951,209.50691583930976,209.781982421875,347158800.0,-0.044050347783463506
2020-03-23,209.22271174158334,210.58885308857097,200.1180920586079,204.4182586669922,326025200.0,-0.025900630036547016
2020-03-24,214.9348561536564,223.81025556170377,214.3663954320049,222.939208984375,235494500.0,0.08673094638883456
2020-03-25,224.5162200852684,235.04200407098807,219.82180274754663,226.27662658691406,299430300.0,0.014859133382244698
2020-03-26,228.7797629312914,240.95590684573168,228.34882847309677,239.48892211914062,257632800.0,0.05674889935387109
2020-03-27,232.21806449765097,239.13132946268587,230.1825909794387,232.3555908203125,224341200.0,-0.03023824427699054
2020-03-30,234.44602980585432,240.61662346155654,232.45640344110245,239.90145874023438,171369500.0,0.03195933314067212
2020-03-31,238.90208181788717,241.4418275508448,234.92282878626662,236.32565307617188,194881100.0,-0.015017510671139296
2020-04-01,227.36774076850008,236.24314028710725,223.62687128450554,225.68984985351562,189554600.0,-0.04604902881142868
2020-04-02,224.80964222485147,231.67705936295383,224.25950903784965,230.89772033691406,177660400.0,0.02281313240384707
2020-04-03,229.91664470662855,232.26386743063676,224.83713961830722,227.56027221679688,135561200.0,-0.014559707242754114
2020-04-06,236.4081376209245,244.8067547366427,227.54191713385043,242.84461975097656,188061200.0,0.06500667780457545
2020-04-07,251.41744466183374,252.16929234238347,242.87215154323118,243.09219360351562,201427200.0,0.0010189550046670742
2020-04-08,245.6870219261838,253.05874090906812,243.20228632655915,251.2524871826172,153774500.0,0.03301758962575546
2020-04-09,254.50736272812495,257.8264895451894,252.57276069196072,255.0758514404297,189999200.0,0.015102598997524573
2020-04-13,254.10406238917162,254.4433034131023,248.8503314510118,252.7470703125,114839100.0,-0.009171690968999169
2020-04-14,257.6247434043118,261.2188944182337,252.60941275513804,260.201171875,134143400.0,0.029065803228269637
2020-04-15,254.4981997482188,260.3387165438089,252.5635698315606,254.6724090576172,121775000.0,-0.021477020915622095
2020-04-16,255.94683374609875,256.75369195266023,252.83862767870144,255.9010009765625,131798300.0,0.00481260585099749
2020-04-17,261.6590540286196,263.41944685021514,258.92674327686353,262.8143310546875,146684800.0,0.026657162544440477
2020-04-20,259.11931962908403,262.95189746439894,257.9640704078135,258.1841125488281,100109300.0,-0.01777487234501617
2020-04-21,253.72799788074695,254.9291074264228,249.40947658688037,250.34471130371094,126385700.0,-0.030834131607229368
2020-04-22,255.21334154791583,257.64306593294725,253.89303320643955,255.9010009765625,92951600.0,0.02195184140780516
2020-04-23,257.17549374033564,260.33873886010645,255.58013253954968,255.8826904296875,104709700.0,-7.155580449426477e-05
2020-04-24,257.39560066112443,260.11873398584896,255.3509492350438,259.44940185546875,85063200.0,0.013842601432062951
2020-04-27,261.4206455682229,264.3088100325091,260.9622058760842,263.1902160644531,77896600.0,0.01431532537450717
2020-04-28,266.8302527082662,267.17867138306195,261.67739457497856,261.97998046875,105270000.0,-0.004608935335778486
2020-04-29,267.29778446877594,270.369335297768,266.27088427087654,268.838134765625,118745600.0,0.0258413785771176
2020-04-30,267.4628265283742,268.9390166066362,264.6021678699744,266.3350830078125,122901700.0,-0.00935424242642421
2020-05-01,261.594889070107,266.50020001311435,258.11990791498647,259.28436279296875,125180000.0,-0.026829841306408964
2020-05-04,257.4046969992286,260.30203907180845,255.92853469244014,259.9994812011719,80873200.0,0.0027542503720909325
2020-05-05,262.814248648765,265.20728975991784,260.12777151810104,262.4016418457031,79569900.0,0.009196678450859705
2020-05-06,264.09796681903833,264.48304052192884,260.1920513755059,260.62298583984375,73632600.0,-0.00680144975353119
2020-05-07,263.8320105300923,265.6932743331002,263.2635498583758,263.767822265625,75250400.0,0.011994390747685693
2020-05-08,266.89434866344646,268.59975843411314,265.7665772347648,268.13214111328125,76452400.0,0.01641066777189978
2020-05-11,266.2068230583022,269.56260579427084,265.7850662716561,268.1872863769531,79514200.0,0.00020564335744574535
2020-05-12,269.37006673219304,269.78264576548486,262.7043341023588,262.8418884277344,95870800.0,-0.020132899499417427
2020-05-13,262.2825424788248,263.3186207708161,255.77269255804435,258.1932678222656,144721100.0,-0.0178442621358815
2020-05-14,255.76347804149395,261.41142959963264,250.29885756390482,261.2830810546875,121977900.0,0.011896016736780937
2020-05-15,258.89919065123917,262.53002466488874,257.95480613821377,262.48419189453125,111146300.0,0.004586437554862787
2020-05-18,268.6914747602291,272.08393945209053,268.3705893815132,270.4794006347656,119703800.0,0.03000508360123814
2020-05-19,269.88340997902395,271.58879193513707,267.6829053984864,267.70123291015625,95189300.0,-0.010324386383154338
2020-05-20,271.2313006225374,273.11089240666524,271.0020807473539,272.2490234375,85861700.0,0.016845618717991652
2020-05-21,272.1206583812847,272.92751677002803,269.278326504917,270.3694152832031,78293900.0,-0.006927946188474809
2020-05-22,270.08513201578137,271.05702179895974,268.8473394108852,270.8828125,63958200.0,0.0018970725455339256
2020-05-26,276.83341854716673,277.0718161691973,270.90120710948116,274.2203063964844,88951400.0,0.012245520108828496
2020-05-27,277.0075509205538,278.3370370080894,272.1939349208289,278.30035400390625,104817400.0,0.014769119287599781
2020-05-28,279.3272767982314,281.3352447299404,277.1175942986496,277.78692626953125,90405200.0,-0.0018465730056417384
2020-05-29,277.3192788350179,279.6114768667384,274.57781894297864,279.0246887207031,119090800.0,0.0044459003966614025
2020-06-01,278.3828651183529,280.75757894742645,277.8694149921172,280.1524353027344,55758300.0,0.004033598881675429
2020-06-02,281.06943482955415,282.51812029080867,279.7399761761647,282.4722595214844,74267200.0,0.008246482554397926
2020-06-03,284.4526967836339,287.18500785953836,284.1776441166722,286.2314453125,92567600.0,0.013220383517766344
2020-06-04,285.2503028822557,286.98321817364206,283.3890390401753,285.4795227050781,75794400.0,-0.0026304307002735167
2020-06-05,290.86163222663976,294.56580447547407,290.79744395981476,292.7962341308594,150524700.0,0.025306618231230066
2020-06-08,293.60310815038525,296.52795553104175,293.0621526886974,296.3354187011719,73641200.0,0.012015063628322144
2020-06-09,293.67647298750563,296.4087837876376,292.8146040767573,294.1257629394531,77479200.0,-0.007484543084379366
2020-06-10,294.7033572907335,295.59273133209695,291.76933233464445,292.4844970703125,95000800.0,-0.005595777175188146
2020-06-11,285.57125517345406,286.2039042091924,275.07300264511355,275.62310791015625,209243600.0,-0.05937728234577518
2020-06-12,282.61891221793167,283.3890875968667,273.78020888553783,278.92388916015625,194678900.0,0.011904564443420515
2020-06-15,273.24835223856235,282.6555425806839,272.07474788246594,281.52777099609375,135782700.0,0.00929215044521539
2020-06-16,289.2571484357814,289.4038525103005,282.0963219351536,286.94659423828125,137627500.0,0.0190650193094977
2020-06-17,287.96441365595854,288.2578218749393,285.0212096771576,285.7547302246094,83398900.0,-0.0041622593957979315
2020-06-18,284.2418184413267,286.34145231822947,283.7833786982742,285.86468505859375,80828700.0,0.0003847134383497055
2020-06-19,289.3235800973279,289.5169641791191,282.28778324973854,284.2309265136719,135549600.0,-0.005731540409172128
2020-06-22,283.6323128106449,286.45030759053503,282.490388367676,286.0543212890625,74649400.0,0.006394698077701436
2020-06-23,288.69736494870455,289.6274972240298,286.9660418676936,287.3712463378906,68471200.0,0.004593193741214745
2020-06-24,285.3359343924869,285.952959017189,278.2080704245772,280.0406799316406,132813500.0,-0.025840043016437948
2020-06-25,279.46981736237365,283.3100417218154,277.45301313177083,283.04296875,89468000.0,0.010663841070154669
2020-06-26,281.94708210428337,282.1589024781775,275.7401296700566,276.3202819824219,127961000.0,-0.024038084266527777
2020-06-29,277.5727838921979,280.5196928041572,275.28890629956817,280.3815612792969,79773300.0,0.014590759475096101
2020-06-30,279.9486930198918,285.6675903215087,279.792153347328,283.97308349609375,113394800.0,0.012728062882226146
2020-07-01,285.08739818187286,287.22392574002134,284.62694111006857,285.9622497558594,72396500.0,0.006980350999832694
2020-07-02,289.38806675534465,290.7326217108491,286.8739889973159,287.53704833984375,69344200.0,0.005491907478676106
2020-07-06,291.3495847273951,292.5559799310515,290.6036465664798,291.9757995605469,61713800.0,0.015319204890446407
2020-07-07,290.43791531370204,292.408657022588,288.5868688394488,288.9644470214844,82910000.0,-0.010367260758525778
2020-07-08,289.728779659392,291.2851267804882,287.9698584105039,291.17462158203125,54638600.0,0.007619501506179278
2020-07-09,291.78247001320926,292.0219167134949,286.10963481375455,289.51702880859375,83354200.0,-0.005709044634984706
2020-07-10,289.45251680342045,292.74018697945144,288.02511114921197,292.4731140136719,57550400.0,0.010158627816169339
2020-07-13,294.81219454195264,297.18814022544717,289.2867107064114,289.9405517578125,102997500.0,-0.00869683651741265
2020-07-14,288.5223162049318,294.4714402869831,287.3251393658656,293.6978759765625,93657000.0,0.012875698201555685
2020-07-15,296.9119193662305,297.4920997478603,294.02023559241456,296.3962097167969,87196500.0,0.009145499380694434
2020-07-16,294.4990994168282,295.87125229977755,293.8544483675677,295.4200134277344,54622500.0,-0.003298987544579547
2020-07-17,296.42383888823116,297.0592718738817,294.4530691984586,296.2764892578125,62774900.0,0.002894985602800045
2020-07-20,296.00932194171793,299.4167143118635,295.26338399704196,298.6707763671875,56308800.0,0.008048780701861052
2020-07-21,300.6324848085871,301.0745056864678,298.320980919731,299.3063659667969,57292200.0,0.002125799780514358
2020-07-22,298.94714058873586,301.32311478404205,298.83663538971115,301.0099792480469,57792900.0,0.0056757336966429105
2020-07-23,300.65081332964456,301.35071700630476,296.05546117826077,297.41839599609375,75738000.0,-0.012003529661310608
2020-07-24,295.5674004213925,296.5251308789289,294.00183516323403,295.5029296875,73766600.0,-0.00646113704888372
2020-07-27,296.19358696402725,297.8328128298591,295.4015862760953,297.6578369140625,48293000.0,0.007265877408685188
2020-07-28,296.93029101258077,298.04461717526414,295.4752592743561,295.76995849609375,57495000.0,-0.006362643615678888
2020-07-29,296.64485042658015,299.9693649980808,296.60800599281623,299.4075927734375,48454200.0,0.012223846698576613
2020-07-30,296.4422138237154,298.7537169791964,294.3609672745089,298.33929443359375,61861700.0,-0.0035744208799142383
2020-07-31,300.1259370973195,300.79821459184643,295.9173523890963,300.6968994140625,84986800.0,0.007871367965617162
2020-08-03,302.3545227663099,303.5516998495723,301.8111868221174,302.787353515625,53077900.0,0.006927976836768573
2020-08-04,301.93082626585755,303.95684814453125,301.93082626585755,303.95684814453125,41917900.0,0.0038549888866565535
2020-08-05,305.2553866917395,306.1026399985558,304.988313743364,305.8447570800781,42697700.0,0.00619189897558824
2020-08-06,305.26457778295924,308.008883470918,304.94225226748324,307.88916015625,43679400.0,0.006662205168990544
2020-08-07,306.9222424636981,308.39571060773704,306.0197365507583,308.1102294921875,57308300.0,0.0007177583262038843
2020-08-10,308.56139183848416,309.2152328018001,306.62746713576945,309.03106689453125,44282100.0,0.0029842050470773895
2020-08-11,310.2098820833046,310.84531498254,305.7526617595523,306.48016357421875,69601100.0,-0.008288777844363656
2020-08-12,308.91146746286313,311.52686046889016,308.88384116049235,310.7532958984375,53774400.0,0.013846302493371826
2020-08-13,309.9889565628064,311.4992695414481,309.2706445155212,310.1915588378906,41816100.0,-0.0018092982315648127
2020-08-14,309.80475825655594,310.73489061846544,309.07722814860483,310.20074462890625,47260400.0,2.9612846468228474e-05
2020-08-17,311.2137530113555,311.58211307766084,310.2099598864431,311.1861267089844,35481000.0,0.0031715601069457634
2020-08-18,311.58210731482745,312.2820111007127,309.98891563003593,311.8583984375,38733900.0,0.002158022299476605
2020-08-19,312.23591780968894,312.7516274630557,309.9981032669653,310.55987548828125,68054200.0,-0.004172515131844283
2020-08-20,308.83774337602864,312.0056901723592,308.70883001435334,311.5268249511719,42207800.0,0.0031087314386920284
2020-08-21,311.19524299382766,312.85287680171285,310.85448123734926,312.6318664550781,55106600.0,0.003540902894422132
2020-08-24,315.06302626396814,315.87343490848775,312.6042021444987,315.7997741699219,48588700.0,0.010082033889259611
2020-08-25,316.36172368925685,316.987938738221,315.20136254835245,316.9050598144531,38463400.0,0.003493846449438374
2020-08-26,317.4943564112972,320.34916765874164,316.9510204608459,320.0821228027344,50790200.0,0.00997536346152654
2020-08-27,320.94779884525434,322.2278548973866,319.1243787139967,320.7820129394531,58034100.0,0.002184208402173223
2020-08-28,321.804237442081,322.983006410203,320.61625033931085,322.85406494140625,48588900.0,0.00643860476856946
2020-08-31,322.64226783208227,323.51711938437126,321.4542807471516,321.68450927734375,66099200.0,-0.0036291294097447447
2020-09-01,322.51332671022755,324.8156120146118,321.6200388879637,324.7143249511719,54908700.0,0.009374515243826808
2020-09-02,326.6206419236981,330.37795938167653,325.4786892390397,329.4110107421875,69540000.0,0.01436044821371398
2020-09-03,327.7256853866652,328.1953605553692,315.4959476689743,318.07452392578125,148011100.0,-0.03502053655413634
2020-09-04,318.75605256613443,320.3215899223895,308.38654915956926,315.47760009765625,139156300.0,-0.008198025936811884
2020-09-08,310.0809566891278,315.5419982728342,306.5538683027617,306.8577575683594,114465300.0,-0.027703371534818718
2020-09-09,310.8545526760322,315.37624441716423,309.98889114735533,312.91741943359375,91462300.0,0.01955501023370008
2020-09-10,314.78685053527204,315.4406916483202,306.52625029812896,307.4840087890625,90569500.0,-0.017516238097666288
2020-09-11,309.26138178450964,310.32042738546795,304.8225690491499,307.64056396484375,84680200.0,0.0005090194282456399
2020-09-14,310.79930858274395,313.46076397555305,307.78792941912315,311.6925964355469,65605700.0,0.013085332894732234
2020-09-15,314.14215483655477,314.9709717515064,311.7017385465061,313.2673034667969,52920900.0,0.005039396492595076
2020-09-16,314.5014007189514,315.92880641145365,311.74784829653964,312.0241394042969,82096000.0,-0.003976276069731627
2020-09-17,307.1801324619214,310.9927306673699,306.65520463292705,309.2798156738281,91523300.0,-0.00883413522708796
2020-09-18,310.08323122180803,310.1941787550104,303.24119391420174,305.7191162109375,105877900.0,-0.011579659949329262
2020-09-21,301.142417821237,302.4645898682485,297.4717524188794,302.316650390625,99450800.0,-0.011191780227594834
2020-09-22,303.7959671425477,305.9502737084909,301.29027968535905,305.3955078125,63612100.0,0.01013270418534695
2020-09-23,305.9503223752341,306.22771947563723,297.8138486616711,298.3131408691406,93112200.0,-0.023463940404942107
2020-09-24,297.0001882528296,302.1594468796686,295.6872430633771,299.1082763671875,76681300.0,0.0026618930778580996
2020-09-25,298.25762343564503,304.7298270780176,297.38852490576954,303.9439392089844,71069400.0,0.01603763774734835
2020-09-28,308.09538490645014,309.70418077413325,307.10605558287943,308.99224853515625,64584600.0,0.016472917032598382
2020-09-29,308.78890660469386,309.5285759012924,306.61608924814516,307.3095397949219,51304000.0,-0.005460678367278112
2020-09-30,307.97519790754353,312.78313211808506,307.781039690102,309.6394958496094,104081100.0,0.0075531915837384715
2020-10-01,312.22836509125534,313.1991843917802,309.7504423645945,311.62738037109375,88698700.0,0.006399476237247487
2020-10-02,306.69000965854815,311.59963625667905,306.2184543549931,308.66864013671875,89431100.0,-0.009539840900942214
2020-10-05,310.7213002044158,314.3272371892056,310.6750814573515,314.142333984375,45713100.0,0.017577836656795187
2020-10-06,314.2809115493329,316.37051739087525,309.1678726905185,309.6763916015625,90128900.0,-0.014318321967259377
2020-10-07,312.6259658002967,315.87132309591203,312.5982289095894,315.0669250488281,56999600.0,0.017257222552920275
2020-10-08,316.99932011187576,317.9239207082548,316.08394633419226,317.85919189453125,45242500.0,0.008823415202437125
2020-10-09,319.50498071538817,321.1600236881462,318.8855141153723,320.6977233886719,59528600.0,0.008890515858304587
2020-10-12,323.23107167134015,327.3270449402805,322.74103455582997,325.85693359375,80388500.0,0.015959423242888356
2020-10-13,325.7182319216309,325.89390825718806,322.7687543508322,323.7303466796875,73255500.0,-0.006547525100579932
2020-10-14,324.30366960004284,325.39469156684834,320.96587488382295,321.6962890625,57727900.0,-0.006303007154062393
2020-10-15,317.79443172197927,321.7794576418191,317.2581758442864,321.2986755371094,60357700.0,-0.0012367548673400887
2020-10-16,322.6485591089017,324.30360178414776,320.9288158479538,321.1044921875,89501900.0,-0.0006045529202834545
2020-10-19,322.36195837394564,322.99067994136914,315.3257621196153,316.2226257324219,68425600.0,-0.015320113646513374
2020-10-20,317.5632439464316,320.72538971441617,316.80509306669023,317.4892883300781,60051900.0,0.003997602874137171
2020-10-21,317.4430433315355,319.6066331009399,316.5831717303874,316.8883056640625,63575000.0,-0.0018947164953390838
2020-10-22,317.1010319977672,319.2091203575822,314.9652067470299,318.6266174316406,55399300.0,0.005470575244216172
2020-10-23,319.8470889921267,319.9025627725712,317.25821851614603,319.7084045410156,49143900.0,0.0033894055872695996
2020-10-26,316.33359795190205,317.1195140807674,310.31443920384794,313.8002014160156,91473000.0,-0.0186528623968744
2020-10-27,314.1422458102279,314.47508841544396,312.5056850182194,312.7183532714844,65994100.0,-0.0034535265131089587
2020-10-28,307.0598897426626,312.7461782493359,301.54002258547484,302.0300598144531,127094300.0,-0.03477640741576792
2020-10-29,302.26117045534187,308.2618190207296,300.57839067530114,305.0997009277344,90597700.0,0.010112063247772298
2020-10-30,303.5278632885841,304.8315534323046,298.27613900813606,301.9190673828125,120287300.0,-0.01047961881790881
2020-11-02,305.3030700683594,307.300182145621,302.56623250835605,305.3030700683594,86068300.0,0.011145962936294837
2020-11-03,308.5299198245358,312.74609552911073,305.38628400502864,310.6934814453125,93294200.0,0.01750188036072483
2020-11-04,315.15928696801785,321.70547377095147,313.9850545875487,317.6372375488281,126959700.0,0.022103133232549216
2020-11-05,322.9074612913422,325.63504398286517,322.55610859572175,323.8320617675781,82039700.0,0.01931508434576329
2020-11-06,323.5454798982403,325.0063646417054,321.43739166729375,323.7581481933594,74973000.0,-0.00022827267430175233
2020-11-09,336.5269118315226,336.90600149766686,327.36411567397204,327.826416015625,172304200.0,0.012487467971687562
2020-11-10,326.83703383089585,328.39961099114294,324.0817422973662,327.3455810546875,85552000.0,-0.001467813183153554
2020-11-11,329.5275920192219,330.60013191836515,328.2886308124271,329.7772521972656,58649000.0,0.007400997557951349
2020-11-12,328.76945432758134,329.8235125087104,324.7752013576145,326.5781555175781,67546200.0,-0.009748139423298262
2020-11-13,328.48279119885393,331.83909534174575,327.9650172049905,331.09942626953125,62892200.0,0.013749417965486954
2020-11-16,333.762310414162,335.42658008620566,332.4771021299016,335.232421875,74541100.0,0.012405376150704887
2020-11-17,332.82842818706325,334.6314103678308,331.32132492500256,333.4294128417969,66111000.0,-0.005392900594555112
2020-11-18,333.697561213107,334.2430721080145,329.379664574458,329.4166564941406,70591300.0,-0.012107804678413332
2020-11-19,328.7879360767462,331.1733928980095,327.44725409515723,330.8035583496094,59940900.0,0.004201337263932676
2020-11-20,330.5447565683479,330.7481698548991,328.46440495358206,328.5383605957031,70417300.0,-0.006871113760230105
2020-11-23,330.3412081054278,331.76510052862625,328.11291790166666,330.50762939453125,63230600.0,0.005976137294338405
2020-11-24,333.0503176608031,336.37888489880055,332.1997010545498,335.8333740234375,62415900.0,0.015985382888018974
2020-11-25,335.7502678177485,335.7780047110036,334.22468225557213,335.3157043457031,45330900.0,-0.0015426372383666612
2020-11-27,336.4066780190502,336.7210388362217,335.24167223686067,336.24951171875,28514100.0,0.0027809897014932326
2020-11-30,335.47282708749947,335.74096916518056,332.08881368370197,334.7608947753906,83872700.0,-0.004436948730128081
2020-12-01,338.00621842500254,339.95711197569057,337.4144605490259,338.4222717285156,74231400.0,0.010877910319627359
2020-12-02,337.3127522431998,339.2913825881508,336.7395044630417,339.13421630859375,45927000.0,0.0021015069729636766
2020-12-03,339.03255404637883,340.42871003443537,337.94153206913154,339.04180908203125,62882000.0,-0.000272516938596217
2020-12-04,339.6242628374325,341.9635009765625,339.5317971440086,341.9635009765625,50749900.0,0.008580578675308516
2020-12-07,341.1961354377298,341.75090149337296,339.99416583098116,341.2608642578125,48944300.0,-0.0020568264312988867
2020-12-08,339.9941774018219,342.82345334365795,339.94795865251774,342.25946044921875,42458900.0,0.0029219230673350922
2020-12-09,342.915836132159,343.0730024150456,338.35756246336115,339.189697265625,74098300.0,-0.009009575883484222
2020-12-10,337.82132486772645,340.12357138803657,336.95219802540623,339.07879638671875,57735400.0,-0.00032701173925191884
2020-12-11,337.38668688428726,339.0879482674164,335.870356871384,338.6811218261719,57698600.0,-0.001173496972886113
2020-12-14,340.844683926744,341.9171954938573,336.98908808183313,337.1647644042969,69216200.0,-0.004487295098461893
2020-12-15,339.6982365511047,341.7231140136719,338.329845795208,341.7231140136719,63865300.0,0.01342907498719818
2020-12-16,341.9358445543657,343.17480613140845,341.0574625849894,342.25946044921875,58420500.0,0.0015683047068861128
2020-12-17,343.8959099470601,344.3766920459077,343.0730019635639,344.17327880859375,64119500.0,0.0055761423045247675
2020-12-18,344.4612007715748,344.6283315180656,340.79344881476123,342.7991027832031,136542300.0,-0.004000678615528713
2020-12-21,338.8898629814059,351.41588135786776,336.15994813580005,341.5733337402344,96386700.0,-0.003582173355629336
2020-12-22,341.8983673411588,342.0097878229692,339.87415302334546,340.9976806640625,47949000.0,-0.0016867203573045207
2020-12-23,341.96339496968784,343.20763766131074,340.9791428653168,341.30413818359375,46201400.0,0.0008983049192418663
2020-12-24,341.77762611632846,342.6597520909689,341.1926686317637,342.63189697265625,26457900.0,0.0038827036121836986
2020-12-28,345.17611443159626,345.96538061700096,344.5540073036612,345.5754089355469,39000400.0,0.008554195477752104
2020-12-29,347.09824735774396,347.27467258670123,344.33118227864804,344.9161682128906,53680500.0,-0.0019094828808336863
2020-12-30,345.7332289197448,346.4389297116673,345.0182619794542,345.4082336425781,49455300.0,0.0014256066038011161
2020-12-31,345.2132949330659,347.8875000497571,344.7026082398412,347.1632385253906,78520700.0,0.005068093936480277
2021-01-04,348.4909400649353,348.6209494885431,338.7505479042426,342.4368591308594,110210800.0,-0.01370780955275277
2021-01-05,341.7962383123607,345.88181651795514,341.74979422078724,344.79541015625,66426200.0,0.006863939284539201
2021-01-06,343.29118386394964,350.04170094295614,342.743347597711,346.8567810058594,107997700.0,0.005960732805820846
2021-01-07,349.22459781978796,352.75304553896814,349.0481726001441,352.0102233886719,68766800.0,0.014748258999199728
2021-01-08,353.3937336428552,354.22941562712896,350.1531317059406,354.015869140625,71677200.0,0.005681521315733366
2021-01-11,350.84948394564515,353.38438462890787,350.7287689918053,351.62945556640625,51034700.0,-0.006763802121722499
2021-01-12,351.8152452148604,352.7159036317569,349.4660070637659,351.70379638671875,52547700.0,0.00021139572281809508
2021-01-13,351.6294468854472,353.6443664384586,350.84947528394184,352.6508483886719,45303600.0,0.0026891355929606715
2021-01-14,353.3936919642144,353.8951124303812,351.0816321351394,351.4158935546875,49989100.0,-0.003508065434465527
2021-01-15,349.80025180486865,350.5987841141442,346.99606590019863,348.8531494140625,107160000.0,-0.007319345635698737
2021-01-19,351.3045005009363,352.13091630295105,349.8281224423444,351.59234619140625,51233300.0,0.007821338728945864
2021-01-20,353.8766338068959,357.2936899587992,353.48666202915456,356.4580078125,61836100.0,0.013744045706555678
2021-01-21,357.01500286554875,357.4421524664681,355.86362018115483,356.7828674316406,47840100.0,0.0009109394957034383
2021-01-22,354.9350947122526,356.68075778914084,354.55438918277406,355.52008056640625,52860500.0,-0.0035456491980660125
2021-01-25,356.25362897614195,357.2750022410849,351.415906011499,356.92218017578125,70402000.0,0.0039360422501454094
2021-01-26,357.869315038569,358.2778757163541,356.1329463264064,356.3650817871094,42665300.0,-0.001562059303896186
2021-01-27,353.05019098865546,353.1430508430368,345.4268701693278,347.6553649902344,123351100.0,-0.024744057427761104
2021-01-28,349.46599738570745,354.6379822958076,349.02960991918064,350.645263671875,94198100.0,0.008563409025167737
2021-01-29,348.7881786860428,349.75387014169314,341.95409595375736,343.62548828125,126765100.0,-0.02022270015491201
2021-02-01,347.01468762606163,350.3760048440203,343.91336101234145,349.3453369140625,75817600.0,0.016508569562093258
2021-02-02,352.52084118245415,355.83574176244537,349.42880987347587,354.2850646972656,64450700.0,0.014040919568495448
2021-02-03,355.11152644432576,356.2814981741382,353.2915924599428,354.5636901855469,52427100.0,0.0007861352671113902
2021-02-04,355.59433635934124,358.63995212915546,354.67508910571235,358.5935363769531,47142600.0,0.011301544551078603
2021-02-05,360.4598874996903,360.71058354923707,358.54709392712255,360.0048828125,48669800.0,0.003928058321788542
2021-02-08,361.4534473259199,362.6512741525483,360.59920475972706,362.6048583984375,38365200.0,0.007196102286990588
2021-02-09,361.76918395765694,362.95774475328056,361.3606516052226,362.36346435546875,35551100.0,-0.0006659437228178781
2021-02-10,364.09979957873327,364.24836966450124,359.8099410732521,362.20556640625,59154400.0,-0.0004358396371212195
2021-02-11,363.2826838806573,363.7005390243798,360.3670773709089,362.7905578613281,42913300.0,0.0016137785084739396
2021-02-12,361.9920325190132,364.82407372216704,361.91773330512245,364.5826721191406,50593300.0,0.004927643224243409
2021-02-16,365.80828939947554,366.0033035639086,363.5519398125603,364.26690673828125,50972400.0,-0.0008664761832209266
2021-02-17,362.5213268153556,364.6012515218009,361.5091912477151,364.3505554199219,52290600.0,0.0002296093254761402
2021-02-18,361.7505784893111,363.54265727343494,360.0327705772848,362.7998352050781,59712800.0,-0.004265204518141264
2021-02-19,364.05341301185115,364.34125872083973,361.71346939446187,362.1591796875,83241000.0,-0.0017674259404748638
2021-02-22,359.4013597570989,361.77842431901905,359.1042196026477,359.3735046386719,67414200.0,-0.0077215875321144335
2021-02-23,357.1727904105643,361.15624153178067,353.0315030969583,359.8098449707031,107284100.0,0.0012134329467108898
2021-02-24,358.7235712258007,364.2019909749651,357.7393191021612,363.77484130859375,72433900.0,0.010959424926960667
2021-02-25,362.5119712403062,363.8769286831077,353.5701100677541,355.00933837890625,146670500.0,-0.02439101398906328
2021-02-26,356.88507715052293,358.0271655270358,351.2024053803291,353.18017578125,152701600.0,-0.005165754727185777
2021-03-01,358.03639956573255,362.9855428178806,353.3751303176071,361.74127197265625,105348800.0,0.023950898290353174
2021-03-02,361.96410294439573,362.1962383505726,358.41706713717036,358.9184875488281,79595300.0,-0.007833929459260331
2021-03-03,358.22218274333903,359.18784590388924,354.0623048857202,354.1644592285156,119940200.0,-0.013333929181544121
2021-03-04,353.9787373865895,356.5600826850542,345.3061596092031,349.78173828125,183433000.0,-0.012452024294165894
2021-03-05,353.27306228530506,357.26580967154143,346.0118857739026,356.216552734375,152039600.0,0.018229485063462322
2021-03-08,357.17290844727864,359.977094609663,354.16444194612137,354.4429931640625,123149200.0,-0.004991316200956181
2021-03-09,358.2778580660894,362.04773549523804,357.7764375613555,359.5035400390625,113633600.0,0.014176500318177854
2021-03-10,361.84342629734385,363.4312247093334,360.4320530796693,361.74127197265625,109899400.0,0.006205213754286255
2021-03-11,364.2019037645304,367.37750035793965,363.7468990842494,365.40899658203125,86245000.0,0.010088026843335984
2021-03-12,364.05339494438545,366.0404596864284,363.2455681020347,365.90118408203125,64653600.0,0.0013460432722719948
2021-03-15,366.15180845909873,368.34318144087337,364.0161740450138,368.08319091796875,73427200.0,0.005945666796886857
2021-03-16,368.6960999272851,369.40177242737843,366.84828247321997,367.6189880371094,73722500.0,-0.0012619316776285039
2021-03-17,366.33759873657715,369.6710604301495,365.1954821103504,368.8725280761719,97959300.0,0.003404088769849596
2021-03-18,366.291148848804,368.37107323916246,362.8276780230335,363.5055236816406,115349100.0,-0.014656639308950649
2021-03-19,363.205574280837,364.77995178052817,360.66234252833834,362.83294677734375,113624500.0,-0.0018519660568284118
2021-03-22,363.34528306947146,367.1088860050199,363.2893903689639,365.7301330566406,73778600.0,0.007953193431981835
2021-03-23,365.09671154896347,366.54065388487237,362.06906667782835,362.8515930175781,90686600.0,-0.007901804049361909
2021-03-24,364.2489071923662,365.8791772373448,360.9604207531097,361.0069885253906,97588600.0,-0.005096599065257956
2021-03-25,359.5723827433269,363.82969504622673,357.63467436503356,363.0378723144531,116128600.0,0.005609843325880797
2021-03-26,364.18373344592686,369.28881849367565,363.5875351124933,368.88824462890625,114409100.0,0.015986577817406353
2021-03-29,367.4163456691813,369.60557150137186,365.9351320456119,368.7019348144531,108107600.0,-0.0005051851925579989
2021-03-30,367.43499693096027,368.39452632963565,366.13075792489735,367.7237854003906,76262200.0,-0.0026564797030745003
2021-03-31,368.2919145543434,370.7699280377111,368.26396820951646,369.21417236328125,112734200.0,0.004044815385471781
2021-04-01,371.1426257443496,373.2573371455199,370.93767636691575,373.201416015625,99682900.0,0.01074137464535265
2021-04-05,375.8564897892532,379.09840904135075,375.7819756542243,378.5580749511719,91684800.0,0.01425123236886002
2021-04-06,377.9991469225459,379.3778716395841,377.66376224160524,378.3345031738281,62021000.0,-0.0005907622569104827
2021-04-07,378.16678511784755,379.1169894924743,377.7103185696919,378.7723083496094,55836300.0,0.0011565216899815402
2021-04-08,380.02068189018087,380.6262052108521,379.089098803099,380.5703125,57863100.0,0.004735694958538282
2021-04-09,380.4491821914655,383.5047731912766,380.328071856803,383.3370666503906,61104600.0,0.007243721749190712
2021-04-12,382.74084817389485,383.7469452179368,382.13532496213276,383.476806640625,56704900.0,0.0003644691277730003
2021-04-13,383.374318989603,385.2374848347506,382.99236657978923,384.6133117675781,56551000.0,0.0029593036783709735
2021-04-14,384.58536523914717,385.6380584899132,382.7594706720506,383.2998046875,61659900.0,-0.003420981704680069
2021-04-15,385.433112724498,387.687555926274,385.38654494981597,387.4173889160156,60229800.0,0.010685173339851674
2021-04-16,388.70301638087244,389.3178645876654,387.28702042046496,388.71234130859375,82037300.0,0.003336951398157298
2021-04-19,387.7807610260529,388.2279026853113,385.4797498055928,386.8025817871094,78498500.0,-0.004925149278351253
2021-04-20,385.59152639170094,386.6907875184191,382.4986639809094,383.9705810546875,81851800.0,-0.007348500474719713
2021-04-21,383.35574340510965,387.808709170284,383.2159832062883,387.603759765625,66793000.0,0.009417642271137918
2021-04-22,387.43610589568067,388.26520006438915,383.001761278924,384.0637512207031,97582800.0,-0.009175022475232213
2021-04-23,384.6227137075241,389.6346353832558,384.5481995678462,388.2279357910156,73209200.0,0.010784072901074882
2021-04-26,388.8800074072831,389.60664100563645,388.2931055721406,389.0383605957031,52182400.0,0.002085321599912524
2021-04-27,389.33648125494796,389.53213415675737,387.8179963971385,388.95452880859375,51303100.0,-0.0002155078499445481
2021-04-28,389.2246953658085,390.342606350338,388.3769514146441,388.8427429199219,51238900.0,-0.000287442225640926
2021-04-29,391.56302148849824,391.9356490483459,387.94847445568877,391.32080078125,78544300.0,0.006352683908805353
2021-04-30,389.0569499796858,389.90469378427656,387.85520014354586,388.74951171875,85527000.0,-0.00659247848253595
2021-05-03,390.7338415630485,391.1157939955126,389.0942748542552,389.5880126953125,68128300.0,0.0021545955954611665
2021-05-04,387.60364133366414,388.097379053619,383.5046829225757,387.1844177246094,101591200.0,-0.006188691946377085
2021-05-05,388.82417966319684,389.05707545067736,386.7467390041926,387.3056945800781,60162200.0,0.00031317857912760335
2021-05-06,387.3801805344539,390.5289359008101,385.3772825937991,390.3985290527344,74321400.0,0.007953797044661337
2021-05-07,391.16233454379056,393.8918654572951,390.4822688320736,393.23974609375,67733800.0,0.007251380084349909
2021-05-10,393.59381081117,393.81738162988034,389.2246843410474,389.3457946777344,81852400.0,-0.00995158573534319
2021-05-11,384.8368977997584,386.85841675179097,382.0048778519801,385.8709411621094,116888000.0,-0.008964916848921492
2021-05-12,383.0949159919616,384.3618553205323,376.3595601632733,377.673095703125,134811000.0,-0.021473968977206628
2021-05-13,379.21952621514686,384.13828367571983,379.17293000396353,382.20989990234375,106394000.0,0.011940938624492126
2021-05-14,384.9393967974584,388.9265708311616,384.9114504451291,388.0788269042969,82201600.0,0.015238547229160404
2021-05-17,386.97025720812496,387.9018401628468,385.07911651757036,387.0913391113281,65129200.0,-0.002547797555768718
2021-05-18,387.3522140021612,387.59443468838975,383.5979355139091,383.7563171386719,59810200.0,-0.008652923192290277
2021-05-19,379.07983263909597,382.92724721570744,377.59859039400345,382.750244140625,106467100.0,-0.0026250879682291842
2021-05-20,383.6258484249689,388.12541000565056,383.50476652206805,386.8677673339844,78022200.0,0.010700275769332817
2021-05-21,388.3489736323711,389.58799485674376,386.09455884988506,386.551025390625,76578700.0,-0.0008190697305179876
2021-05-24,388.7868558465473,391.5629834929008,388.54463516280316,390.4916687011719,51376700.0,0.010142755664315755
2021-05-25,391.5723104358726,391.92631656128196,389.047728204707,389.62530517578125,57451400.0,-0.0022211127576350857
2021-05-26,390.2122010644439,390.9015634477315,389.17815748951244,390.3985290527344,43088600.0,0.001982565394261549
2021-05-27,391.4232522007512,391.9356114927395,390.3239626244938,390.60345458984375,56707700.0,0.0005247759829149266
2021-05-28,392.1684282039611,392.42927026125136,391.06916727892735,391.30206298828125,58520200.0,0.001786938622707525
2021-06-01,393.65901283958925,393.7987445957446,390.5195828561252,390.9574279785156,54216600.0,-0.0008811271350307094
2021-06-02,391.6095674253817,392.410743642536,390.60347022695476,391.5722961425781,49097100.0,0.0015714886518636006
2021-06-03,389.2619476298755,391.2555203916502,387.79935555163786,390.1189880371094,58138800.0,-0.003718372737090046
2021-06-04,391.96360773445116,393.98515566544813,390.1842805183219,393.6870422363281,55938800.0,0.009104494500547488
2021-06-07,393.6776507018846,393.85465374362394,392.3734402072181,393.3050231933594,51555000.0,-0.0009708333533582153
2021-06-08,394.1620869131879,394.2552509032389,391.5629906976117,393.3888854980469,47134300.0,0.00021320186689805366
2021-06-09,394.22723105049744,394.301773600504,392.57833960967673,392.8019104003906,48436300.0,-0.001493213122775383
2021-06-10,394.0223453765083,395.5781015257895,392.7088099094243,394.62786865234375,51020100.0,0.004637776150710471
2021-06-11,395.17747727144723,395.39172314331665,393.89188832161483,395.2799377441406,45570800.0,0.0016510008753787642
2021-06-14,395.3917787091995,396.26746903201445,394.1527857880061,396.1650085449219,42358500.0,0.0022365956694391314
2021-06-15,396.31407535492747,396.3513182077345,394.5626946646038,395.4383850097656,51508500.0,-0.0018358277519994047
2021-06-16,395.5780145995695,395.8015853772953,391.1902675087935,393.23040771484375,80386100.0,-0.005599265709394941
2021-06-17,392.8205731235447,394.07818729216916,390.63134762723126,393.10003662109375,90949700.0,-0.00033159365985034703
2021-06-18,389.82509911514796,390.51671667728624,387.5913466663332,387.7969665527344,118676300.0,-0.013582205004707387
2021-06-21,389.5540951870982,393.53563141151994,388.74097097735967,393.34869384765625,72822000.0,0.014214559601300735
2021-06-22,393.3394137510601,396.28349533498147,392.6197297149281,395.45166015625,57700300.0,0.00533207491698956
2021-06-23,395.52640432656335,396.33017311106846,394.8908622379778,394.9749755859375,49445400.0,-0.0012061451538874963
2021-06-24,397.11522847080494,397.73205959660106,396.8628599421337,397.3114929199219,45110300.0,0.005898180015754302
2021-06-25,398.05925946140326,399.17147241602134,397.73213297075046,398.72283935546875,58129500.0,0.00354594734711487
2021-06-28,399.2462335097463,399.69483801915226,398.04990728021846,399.526611328125,53159600.0,0.002013837262555145
2021-06-29,399.9097733050363,400.545315311481,399.20880030663477,399.7415466308594,35970500.0,0.0005378302782993647
2021-06-30,399.28365252537725,400.75102986074927,399.25561473972493,400.0780944824219,64827900.0,0.0008415594069597715
2021-07-01,400.83506919032,402.4519905914438,400.76963819499144,402.2930908203125,53441000.0,0.005521140352752919
2021-07-02,403.45209077508554,405.72323677808726,402.37724253484845,405.3680725097656,57697700.0,0.007614570779853552
2021-07-06,405.42411100289456,405.63908633581775,401.90056347036705,404.6296691894531,68710400.0,-0.001823223663093416
2021-07-07,405.31199914635374,406.34009873848606,403.3025486160357,406.0596923828125,63549500.0,0.0035279226405202147
2021-07-08,400.7509751205796,403.50814726468866,399.57333123869796,402.7510986328125,97595200.0,-0.008181424486386554
2021-07-09,404.25584763381096,407.349473214676,402.55481277928465,407.0503845214844,76238600.0,0.010618222792146035
2021-07-12,406.9662573135737,408.76076088893643,406.5363351584208,408.5083923339844,52889600.0,0.0035754856845450524
2021-07-13,407.72331850573784,409.2187334442086,406.854118733952,407.1158142089844,52911300.0,-0.0034147575979629665
2021-07-14,408.8074721795963,409.29349840963926,406.4802508086064,407.7232971191406,64130400.0,0.0014910502312879608
2021-07-15,406.38676403559714,407.0596992666777,404.43338933545084,406.3306884765625,55126400.0,-0.0034214192810843357
2021-07-16,407.5083537824567,407.555073909898,402.75108678868395,403.14361572265625,75874700.0,-0.00787446668984434
2021-07-19,398.3302836206056,403.20905730096297,394.38614069493224,397.1900329589844,147987000.0,-0.014878026419812704
2021-07-20,397.85360950811923,404.1530401378472,397.0591676686946,402.8819274902344,99608200.0,0.014228696522466357
2021-07-21,404.07824240394586,406.28398573679834,402.83519609526724,406.1437683105469,64724400.0,0.008063670935850004
2021-07-22,406.3213579405747,407.23730633204167,405.3400070746696,406.9942932128906,47878500.0,0.002091957695175921
2021-07-23,408.91963853760046,411.5179109011736,408.2373763394922,411.18145751953125,63766600.0,0.010235455788960474
2021-07-26,410.59261588453984,412.20018185039044,410.5458957579973,412.1908264160156,43719200.0,0.0024517934883450743
2021-07-27,411.15338725210887,411.18142503169713,407.4896224241449,410.3122253417969,67397100.0,-0.004568017922608907
2021-07-28,410.93851547172494,411.5179820776677,408.7234447581243,410.1440734863281,52472400.0,-0.00040989838962368077
2021-07-29,411.0693007705477,412.91985138960683,411.05994533585215,411.84503173828125,47435300.0,0.0041386453154428834
2021-07-30,409.28415602981516,411.29360644207577,409.1532940336554,409.8449401855469,68951200.0,-0.00486824853954286
2021-08-02,411.55528082300833,412.1067095157106,408.62988215553224,408.98504638671875,58783300.0,-0.002100299522563497
2021-08-03,409.7794757496443,412.43382344600275,407.59244339115173,412.31231689453125,58053900.0,0.00810251891633294
2021-08-04,411.03187281061224,412.28427447929056,410.0505220211944,410.2841796875,46732200.0,-0.004931072099260055
2021-08-05,411.4431375086628,412.96659014888616,411.12536648595767,412.8824768066406,38969700.0,0.006312951886172318
2021-08-06,413.20023664333985,413.9853230057107,412.9198303207797,413.5647277832031,46930000.0,0.0016510458932051863
2021-08-09,413.53671760242094,413.8544886377314,412.4618979342041,413.2283020019531,41222600.0,-0.0008138089889434787
2021-08-10,413.67697011442283,414.45272973628727,412.99470781002555,413.7424011230469,43339300.0,0.001243331076611708
2021-08-11,414.80780947459465,414.8638850355054,413.6862412110491,414.7704162597656,44034300.0,0.0024815926627063728
2021-08-12,414.62092846348145,416.1537367311729,413.72369084389135,416.0135192871094,38909400.0,0.0029926046999494012
2021-08-13,416.4620637284058,416.78919015715337,415.9760660634455,416.7705078125,39470300.0,0.0018179713088771084
2021-08-16,415.4713908619817,417.8827255582406,413.9199004513762,417.75189208984375,73740000.0,0.002351967376444953
2021-08-17,415.2003672937734,415.87330259419554,412.03198379117543,415.0134582519531,92673900.0,-0.006576747477196846
2021-08-18,414.0039719428465,415.5648176300806,410.22808476985836,410.4710693359375,89351900.0,-0.0110054994669066
2021-08-19,407.7513077712783,412.30298304453,407.6111188768107,411.10662841796875,92812200.0,0.0015471676277202682
2021-08-20,411.45246811100355,414.70496457219946,410.96644191047403,414.3778381347656,72008700.0,0.007925592722210927
2021-08-23,416.0601278593251,418.9294504160143,414.45256221569844,418.0228576660156,54973000.0,0.008757904330517912
2021-08-24,418.6865539550781,419.2193003480419,418.17251843232447,418.6865539550781,38744700.0,0.0015864442757400508
2021-08-25,418.8734154308783,420.0790683883611,418.4995403666085,419.5650329589844,40529700.0,0.002095980107228966
2021-08-26,419.2846465858296,419.5183042507706,416.9948185830064,417.0882873535156,57829600.0,-0.005920619162715259
2021-08-27,417.89207569885787,421.1913209422029,417.8360001384459,420.8174743652344,77235100.0,0.008901267433201823
2021-08-30,421.4904469021432,423.4531772582027,421.24743377041483,422.6680908203125,48357400.0,0.004388028677424795
2021-08-31,422.57458594782264,422.9110393113264,421.44369077915854,422.0418395996094,59300200.0,-0.0014827606800606177
2021-09-01,422.9764722664043,423.4905077483613,422.03248612109024,422.2661437988281,48721400.0,0.0005313326627398527
2021-09-02,423.68684470342555,424.369106938718,422.36901184150173,423.5653381347656,42501000.0,0.003071995747173074
2021-09-03,422.434483761454,423.9766190394055,422.03257079787886,423.4625549316406,47170500.0,-0.0002426914260341486
2021-09-07,423.1167750312063,423.2102438319875,421.2755508942432,421.948486328125,51671500.0,-0.0035818558035670012
2021-09-08,421.41564382630884,422.1446546206983,419.51831615140816,421.434326171875,56181900.0,-0.0012192807639124792
2021-09-09,421.23808970978325,422.9858446456514,419.38751055980504,419.6305236816406,57970400.0,-0.004289336918881737
2021-09-10,421.5558370150139,421.9764037145198,416.2003928599835,416.3218994140625,89948200.0,-0.007915860886139658
2021-09-13,419.31281705012566,419.5745125589616,415.0789117278803,417.387451171875,83738600.0,0.0025561722133930287
2021-09-14,418.8267538323482,419.032373751366,414.24706856986353,415.1349792480469,78197100.0,-0.005411211368677745
2021-09-15,415.55548138185304,419.09773958576324,414.4526240434599,418.6023864746094,78792200.0,0.008317792533565444
2021-09-16,418.0790011528334,419.0509965202967,414.99470280608074,417.9388122558594,77786700.0,-0.0015864714348455466
2021-09-17,417.1681649070518,417.59007902636665,413.5114041887088,413.8677062988281,118425000.0,-0.00978866689132363
2021-09-20,407.7543985068498,409.3296017705494,402.10987722418974,406.966796875,166445500.0,-0.0168147708004547
2021-09-21,409.30147394535885,410.59540113058426,406.0572991890718,406.5823669433594,92526100.0,-0.0009450687858844732
2021-09-22,408.8513325900805,412.58309005146594,406.69480673198865,410.5484313964844,102350100.0,0.009707370241481212
2021-09-23,412.41440315728903,417.1400416411326,412.1799968838808,415.53668212890625,76396000.0,0.012076991293458926
2021-09-24,413.90522575092706,416.9337651199925,413.6895616772255,416.2211608886719,62094800.0,0.001645861040024204
2021-09-27,415.18971469523467,416.3523605127942,414.33647253059087,415.03033447265625,61371100.0,-0.0028651430699125477
2021-09-28,412.2643708805607,412.5925453791143,405.93540163406385,406.666748046875,130436300.0,-0.020357563499775928
2021-09-29,408.045029638689,409.77964162679973,406.7886155612909,407.3511962890625,82329200.0,0.0016816543375963871
2021-09-30,408.8232109595568,409.52642965582174,402.0348156347722,402.37237548828125,140506000.0,-0.012297736465981542
2021-10-01,404.0975677717047,408.8325618141087,400.5814745875316,407.1542053222656,129240100.0,0.01181402949424613
2021-10-04,405.9916570765266,406.89176913571015,399.76581284989487,401.90362548828125,128570000.0,-0.0129796742542692
2021-10-05,403.4037355215152,408.3262663404989,402.6067772325321,406.0853576660156,90682500.0,0.010351055774941813
2021-10-06,402.49426854273986,407.97938044868795,400.8721956255004,407.7731018066406,113032200.0,0.004147518626485831
2021-10-07,411.0454050378357,414.1301704422201,410.86725401277494,411.2985534667969,72437500.0,0.00860846156436642
2021-10-08,412.0674077940218,412.4518374427157,409.9202387275282,410.5484313964844,74557400.0,-0.0018254548411807273
2021-10-11,409.8921372238028,412.7987803671197,407.5105617770027,407.5762023925781,65233300.0,-0.007265988475610121
2021-10-12,408.4950853785661,408.89825725037673,405.7853354665387,406.57293701171875,71181200.0,-0.002464575199143103
2021-10-13,407.594929147859,408.8513431322092,404.6226741156243,408.0356140136719,72974000.0,0.0035911201079815965
2021-10-14,411.69235787459854,415.0490712799511,411.2235453911505,414.8990478515625,70236800.0,0.016680772605747185
2021-10-15,417.00870250976914,418.42452536112467,416.3898666001841,418.058837890625,66260200.0,0.007586950673193901
2021-10-18,416.27735526871015,419.6340400404351,415.621006350095,419.2965087890625,62213200.0,0.0029561447351053914
2021-10-19,420.91862541650084,422.59695355572194,420.3091462784129,422.5313415527344,46996800.0,0.007685297377925079
2021-10-20,422.99082000892685,424.491025906163,422.87830957409244,424.19097900390625,49571600.0,0.003920150765518653
2021-10-21,423.5908483463569,425.5223536137635,423.1595488456662,425.2973327636719,41305400.0,0.002604754815263022
2021-10-22,424.86601382430814,426.30996431243693,422.91573783259383,424.85662841796875,58845100.0,-0.0010367637046963083
2021-10-25,425.9442973142117,427.46324528395957,424.1722008875209,427.13507080078125,45214500.0,0.00534852115684905
2021-10-26,428.68211402620443,429.89162954029996,427.14439546156063,427.5194396972656,56075100.0,0.0008994720502320856
2021-10-27,427.9789361517596,428.6446418796485,425.55046225853243,425.62548828125,72438000.0,-0.004439936205906366
2021-10-28,427.05064707991323,429.8072666921166,427.04129028806375,429.7322692871094,51437900.0,0.009602561095359327
2021-10-29,427.4350712129975,430.8949094853391,427.1444097745334,430.604248046875,70162400.0,0.0020270650862229418
2021-11-01,431.5887642564896,431.96383713747196,429.61977470154915,431.3450012207031,48433600.0,0.0017187864757008907
2021-11-02,431.51381650455664,433.3984520764042,431.38253525829714,433.0890197753906,48908400.0,0.004035058497525871
2021-11-03,432.5264637419388,436.1363262379375,432.085778783507,435.733154296875,52509800.0,0.006086729284246627
2021-11-04,436.33310224976924,437.87082079414984,435.98618562096254,437.78643798828125,52847100.0,0.004701182414669223
2021-11-05,440.00863863956613,441.29318025230174,437.79585747597196,439.305419921875,66390600.0,0.0034636815711099373
2021-11-08,440.4024705143944,440.89941061596096,438.9960330253521,439.68048095703125,50405200.0,0.000853394935103719
2021-11-09,440.0461676231419,440.2805738708811,436.8207353651275,438.2271728515625,51149100.0,-0.003310848075480575
2021-11-10,436.53942763125457,438.2271697715408,433.220255788708,434.7016906738281,69429700.0,-0.008077408121609085
2021-11-11,436.1924978999976,436.2675239203641,434.8235734757579,434.8423156738281,34848500.0,0.0003234453925262453
2021-11-12,436.10819616468393,438.6772798660223,435.16118562628634,438.12408447265625,53466700.0,0.007518695469476252
2021-11-15,439.40859470618256,439.56797493267015,437.14891501750157,438.2740478515625,46980500.0,0.0003422266087495094
2021-11-16,438.01152112700873,441.1431852512349,437.9365237158013,440.0086669921875,48857500.0,0.003950029681121956
2021-11-17,439.74604087663033,439.9241918816736,438.3208614503229,438.939697265625,47858300.0,-0.0024323846475583265
2021-11-18,439.9711168325113,440.6931063478928,437.25201023461375,440.4305725097656,50625600.0,0.003390782526578519
2021-11-19,440.31809847431913,441.5651558500262,439.2773483740664,439.6430358886719,57315600.0,-0.0017897067331376058
2021-11-22,441.518225650883,444.00292604113224,438.1990253218852,438.4053039550781,72762000.0,-0.0028192815754107432
2021-11-23,438.0771054886185,439.83984487309516,435.47989482517465,438.9866027832031,73206500.0,0.0013250610330770656
2021-11-24,436.98951426235885,440.2805872370219,436.17378507370955,440.15869140625,61858800.0,0.00266642914485417
2021-11-26,433.5016196517179,434.96431263450035,429.2166657377995,430.3418273925781,112669600.0,-0.02255548386737171
2021-11-29,435.1236653350825,437.4583425612124,432.9296261441328,435.62060546875,86268800.0,0.012191853278433296
2021-11-30,433.18277789277585,435.0861556207731,426.9006785426518,427.14447021484375,148559600.0,-0.019649399842292053
2021-12-01,432.84521097923056,435.6862135337651,422.2031616971008,422.4000549316406,131939200.0,-0.011169431306458253
2021-12-02,422.6157168413784,430.43550572803196,422.22190176024696,428.8696594238281,127637800.0,0.015200186138676184
2021-12-03,430.5292213858788,431.58871344638754,420.9185665300391,425.13787841796875,137331600.0,-0.008739512458541909
2021-12-06,427.6788270649763,432.0481622961489,425.2691243350437,430.17291259765625,98977500.0,0.011773714059551578
2021-12-07,435.44238012792107,439.63356454550274,430.04165158605986,439.07098388671875,95484700.0,0.02047384432857346
2021-12-08,439.4649032824723,440.68380448756346,437.71152027988126,440.2337341308594,72238800.0,0.002644705295103447
2021-12-09,438.9491577219033,440.3368530852221,437.06455084489505,437.2614440917969,61272600.0,-0.006774513365657836
2021-12-10,439.96186050690244,441.52767848734806,437.4115189481302,441.3776550292969,77159800.0,0.009369583153706642
2021-12-13,440.86187964178026,441.20879629669554,437.1863772299923,437.4676818847656,87724700.0,-0.00889803649848341
2021-12-14,434.20476780499797,436.6894683893485,431.5419161774256,434.4579162597656,97264100.0,-0.006903748635477352
2021-12-15,434.51422720060384,441.49013147147207,432.0013702393154,441.2463684082031,116899300.0,0.015504293521279116
2021-12-16,443.09342361388826,443.37469964954175,435.8080595359977,437.35516357421875,116568600.0,-0.008857781677802278
2021-12-17,434.28120719660683,437.2827414785998,430.9974086651927,432.7004699707031,135511600.0,-0.010699862934014754
2021-12-20,427.62887521925904,428.4945046145701,424.4862092214544,428.0993347167969,107134800.0,-0.010690474252675716
2021-12-21,431.5148339230484,435.8430669166713,429.350731783521,435.7019348144531,69806300.0,0.01760311470411638
2021-12-22,435.44797367017134,440.1713773813337,435.2503599777173,440.0584716796875,58890200.0,0.009949234447402141
2021-12-23,441.0558332086626,444.2925972471357,440.9523458894644,442.7965393066406,56439700.0,0.006202777062319339
2021-12-27,444.17025861450196,449.11008378457836,444.12322414632985,449.06304931640625,56808600.0,0.014052914197545618
2021-12-28,449.4958623974338,450.52146074512336,447.9339332846144,448.6960754394531,47274600.0,-0.0008175330938399207
2021-12-29,448.79965148280036,450.28629118812887,447.8022794254561,449.2701110839844,54503000.0,0.0012785241389723476
2021-12-30,449.6934008752194,450.7001910745442,447.5669435079559,448.0279846191406,55329000.0,-0.0027685944374829076
2021-12-31,447.5387725895835,448.68666632067624,446.6260799179109,446.89892578125,65237400.0,-0.002523243906974769
2022-01-03,448.15975083339737,449.61819265083415,445.8545162929149,449.4864501953125,72668200.0,0.005773257061887718
2022-01-04,450.9071932731494,451.6223008842784,447.48223441413006,449.3358459472656,71178700.0,-0.0003351146274467495
2022-01-05,448.96894028365364,449.74050080120287,440.61357447061033,440.7076721191406,104538900.0,-0.019388814024497672
2022-01-06,440.2466056724417,443.0034914570786,437.93192425280233,440.29364013671875,86858900.0,-0.0009399123636776245
2022-01-07,440.30316424651267,441.47931328156096,437.1981135652395,438.55303955078125,85111600.0,-0.003961106987272301
2022-01-10,435.36331312046167,438.2236867337772,429.6237004184561,438.0072937011719,119362000.0,-0.00124519876025082
2022-01-11,437.74376052174716,442.0908017452963,434.7516162526011,441.9967041015625,74303100.0,0.009066862742521933
2022-01-12,443.7280116585806,445.2429062617321,441.2345819172256,443.1916809082031,67605400.0,0.0026999394768227342
2022-01-13,444.29258772329274,444.9418241930247,436.05954567988096,437.08514404296875,91173100.0,-0.013874350998788091
2022-01-14,433.9425333832712,437.6121125646515,432.7287395605385,437.26397705078125,95890900.0,0.0004090654545005764
2022-01-18,432.578128611285,432.7851319574491,428.4098639787604,429.5201416015625,109709100.0,-0.017868443410409086
2022-01-19,431.0632487949444,432.455790611051,424.7873060995941,425.0601806640625,109357600.0,-0.010437875325865296
2022-01-20,426.9419932565545,431.6371698449728,418.2384925675779,420.3555603027344,122379700.0,-0.011129835175668993
2022-01-21,419.2359139440063,421.58821170548157,412.0755333410702,412.103759765625,202271200.0,-0.01982576355324339
2022-01-24,406.50524550753806,414.3619251147175,395.901098425589,413.85382080078125,251783900.0,0.004237659887779831
2022-01-25,407.47447842180327,413.74100392359156,401.91364234074007,408.8011779785156,167997300.0,-0.01228390118374446
2022-01-26,414.6818862839636,417.80574473347866,403.5225703047687,407.7755432128906,186391100.0,-0.0025120365994991058
2022-01-27,412.36723366568094,415.50048178403745,404.07773829561154,405.761962890625,149878300.0,-0.004950194475262817
2022-01-28,407.11686454826264,415.886237349482,402.54401155859085,415.8392028808594,164457400.0,0.024531964639574452
2022-01-31,415.17113717300543,423.677053931945,413.82562974282484,423.32891845703125,152251400.0,0.01785080788619063
2022-02-01,424.0534262540882,426.82914917104256,420.5343978995624,426.1893310546875,123155400.0,0.006734224742591227
2022-02-02,428.58867006151223,431.05387362428513,426.28340667304684,430.3293762207031,117361000.0,0.00966722004592607
2022-02-03,424.30741975423217,426.2080657307745,419.3769848400867,420.21441650390625,118024400.0,-0.023785810182796352
2022-02-04,419.97932468063993,426.0294287351917,417.60818972725326,422.19049072265625,118454400.0,0.004691515508275588
2022-02-07,422.95251700944823,424.3450587788941,419.5087499574974,420.83544921875,84472900.0,-0.003214711687184235
2022-02-08,420.33680377789557,425.2201762493433,418.91600673505786,424.2980651855469,81012000.0,0.008194291867373112
2022-02-09,428.32514818742595,430.82799617234946,428.1275632375704,430.5080871582031,92589900.0,0.01452991700971938
2022-02-10,424.67435811188443,430.668007266661,420.77896856601785,422.7737121582031,140103700.0,-0.01812903272483867
2022-02-11,422.85849404433793,424.92849902096657,413.0070690365457,414.437255859375,153214600.0,-0.019915486427767987
2022-02-14,413.9291255162954,415.5098626456239,409.6197001412661,413.082275390625,123006300.0,-0.003274802898347634
2022-02-15,417.51401451434305,419.91334657222757,416.99649181538837,419.7439880371094,88482700.0,0.015998185990851642
2022-02-16,417.7021502270157,421.5881501559702,415.8297306709073,420.21441650390625,84863600.0,0.0011201233619187346
2022-02-17,417.0341632264874,420.186247943638,410.63592485416507,411.23809814453125,102259100.0,-0.0215927355154077
2022-02-18,411.49214366579196,412.74358216810356,406.3076988713617,408.5753173828125,132642900.0,-0.00649608819569194
2022-02-22,406.37358261467153,409.7702869392554,400.6998126141375,404.1906433105469,124391800.0,-0.010789616744197778
2022-02-23,407.098048185768,407.66260537056274,396.4562558034865,397.02081298828125,132578000.0,-0.017897951062721115
2022-02-24,386.7365552102814,403.42847944353576,386.3790300752348,402.9956359863281,213942900.0,0.014937028093816198
2022-02-25,404.2282639234101,411.97203889724267,402.5816554040874,411.8873596191406,121804500.0,0.021824179916536228
2022-02-28,406.505202258136,412.31068466320824,405.25379272155976,410.83343505859375,145615000.0,-0.0025620481307132522
2022-03-01,409.3374336179091,411.34159579885494,401.8759236906789,404.5763854980469,137785900.0,-0.015347306882221055
2022-03-02,406.825151607102,413.74091213892484,406.0724278778105,412.01904296875,117726500.0,0.018229011105706565
2022-03-03,414.44664922565886,415.0488225356622,408.1707060110163,409.9678649902344,105501700.0,-0.004990790525282374
2022-03-04,406.2417947777143,407.76607902539786,402.600442693899,406.6369934082031,113978200.0,-0.008157899186072052
2022-03-07,406.0536235461076,406.7593128666358,394.5838174926232,394.6496887207031,137896600.0,-0.029922371961603512
2022-03-08,394.82845492231417,401.9700272063481,390.5943191141427,391.6575622558594,164772700.0,-0.00761061507057257
2022-03-09,400.02235763522094,404.134169484024,397.8394184443937,402.1582336425781,116990800.0,0.02645773486308426
2022-03-10,397.55708322285636,401.2360799371363,395.5999843486872,400.34222412109375,93972700.0,-0.004525885571250112
2022-03-11,402.8263104395944,403.4379021571393,394.7438182155745,395.2519226074219,95636300.0,-0.012796401267965602
2022-03-14,396.02340888185535,399.4671471285895,391.2247162730047,392.36322021484375,95729200.0,-0.007335347400745938
2022-03-15,394.969610741959,401.62191584683524,393.6993928949382,400.99151611328125,106219100.0,0.02175227729911806
2022-03-16,404.4917305799787,409.9396315604553,399.7024270341616,409.8831787109375,144954800.0,0.02193191886674776
2022-03-17,407.9731146505722,415.0111999511719,407.5967527483876,415.0111999511719,102676900.0,0.012433318575909265
2022-03-18,413.40286121868064,419.8776045343294,412.6666654946888,419.55670166015625,106345500.0,0.010893173935935863
2022-03-21,419.3868421211315,421.3877829881189,415.9323761926658,419.4340515136719,88349800.0,-0.00029237544488811023
2022-03-22,420.8214384644653,425.27637447242336,420.8214384644653,424.34197998046875,74650400.0,0.011633380505988077
2022-03-23,421.8125310374547,423.3037890750717,418.79222440449075,418.8771667480469,79426100.0,-0.012961967874041837
2022-03-24,420.8969363393452,425.2008538879378,419.7832096061072,425.19140625,64736900.0,0.01496171636272974
2022-03-25,425.8238668662759,427.54166664957455,423.247167191328,427.2679443359375,77101300.0,0.004871885543338523
2022-03-28,426.67326991890525,430.30706787109375,424.7855856636152,430.30706787109375,68529800.0,0.00708774442981719
2022-03-29,434.18629362949696,436.1211874892994,431.50578514438973,435.63037109375,86581500.0,0.012295045906189886
2022-03-30,434.4883159212036,435.30003519309184,430.83565120715195,432.9404296875,79666900.0,-0.006193968307123298
2022-03-31,432.1759304126346,432.997068540125,425.8238618663555,426.27691650390625,121699900.0,-0.015510968931363524
2022-04-01,427.8530993439852,427.99466991123313,423.91729355560483,427.4850158691406,89048800.0,0.0028300633367619055
2022-04-04,427.6832403411355,431.2509628688752,426.8621021980193,431.1471252441406,59601000.0,0.008530152565413354
2022-04-05,429.6557500304338,432.1191637881486,424.55900906665335,425.7010498046875,74214500.0,-0.012712050831455006
2022-04-06,421.793612229182,423.71902938512,418.5656595556562,421.4443664550781,106898000.0,-0.01004955959786599
2022-04-07,420.5666126114327,425.3802132507673,418.62230012164184,423.5680236816406,78097200.0,0.005026344518446629
2022-04-08,422.8129864370016,425.32361011547357,420.89698794603316,422.4354553222656,79272700.0,-0.002677457159638517
2022-04-11,419.16963711517997,420.009670281553,414.71473073594825,415.2149658203125,89770500.0,-0.0172402906102381
2022-04-12,418.19752691427806,420.7175978859881,412.1286293865626,413.6765441894531,84363600.0,-0.0037120018211503143
2022-04-13,413.4311873130841,419.16973507105604,413.25185499529334,418.4146728515625,74070400.0,0.011388606865162196
2022-04-14,418.64119283709516,419.7549485147844,413.1008437773758,413.2046813964844,97869500.0,-0.012529914297446529
2022-04-18,412.2797123367979,415.05461073103595,411.1470901663332,413.37457275390625,66002500.0,0.0004110709504531419
2022-04-19,413.2706473332826,420.76475517269427,413.1007626849386,420.0474548339844,77821000.0,0.01601355484903979
2022-04-20,421.82193478222695,422.4354264021452,418.57511557097627,419.73602294921875,65224400.0,-0.0007416957043847028
2022-04-21,423.3509483444846,424.7383973991878,412.55339229515056,413.45947265625,85417300.0,-0.01506649773479681
2022-04-22,412.3740611145033,413.47834025677906,401.5481909244776,402.114501953125,132471800.0,-0.027822620363949262
2022-04-25,399.8775479777912,404.61562439113396,395.3187750428099,404.44573974609375,119647700.0,0.005780707166735057
2022-04-26,401.9162615672227,402.1144891433886,392.7043824228615,392.7326965332031,103996300.0,-0.029388366996979436
2022-04-27,393.8087220181219,399.1697677643689,391.7039722839688,393.8370361328125,122030000.0,0.0028079908986381784
2022-04-28,398.57509707971343,405.51234242525084,394.14847523083597,403.78509521484375,105449100.0,0.02494558403199926
2022-04-29,399.8021034252902,401.9540624319965,388.11733269096055,388.86297607421875,145491100.0,-0.03765575892280668
2022-05-02,388.92904179526005,392.56283983474725,382.2749373532382,391.2037048339844,158312500.0,0.0060013735811353065
2022-05-03,391.7039196895496,395.40376459664327,390.1465571793375,392.9969787597656,100028200.0,0.004573515655188629
2022-05-04,393.65769528593023,405.53124638806986,390.4769516548114,404.9649353027344,144247900.0,0.029998559653369505
2022-05-05,400.7081437907731,401.132884248546,386.4467037789483,390.5712890625,172929100.0,-0.03618997282222227
2022-05-06,388.01350785652954,391.50570647733946,382.9450801949944,388.2400207519531,151770800.0,-0.005986752488362477
2022-05-09,382.3505435030445,383.5869746829245,374.2334934949819,375.8097229003906,155586100.0,-0.032540799364011566
2022-05-10,381.7746896823651,383.27539519585025,372.6477525173204,376.6779479980469,132497200.0,0.002307613842763323
2022-05-11,375.71530920049423,381.3500488525497,369.94841780135306,370.6940612792969,142361000.0,-0.016013483286545577
2022-05-12,367.5038552140162,373.57275401716174,363.5208397349999,370.30706787109375,125090800.0,-0.0010445151246432144
2022-05-13,374.43161982347493,380.53827982576547,373.3933876739787,379.1602783203125,104174400.0,0.023626439013196162
2022-05-16,377.51795633625795,381.28387692656054,375.2716076319463,377.62176513671875,78622400.0,-0.004065940296645616
2022-05-17,383.7001932426954,385.6256395203469,379.9720047899369,385.3896789550781,83029700.0,0.02036190220382512
2022-05-18,380.840309909265,381.12345103452697,368.61754246873323,369.8539733886719,117674500.0,-0.04114671431641061
2022-05-19,366.7959211904098,372.0059481432004,365.3707103676318,367.5887451171875,98510700.0,-0.006143488407275495
2022-05-20,371.1658795771667,374.7336013107162,359.1696553995638,367.7491760253906,131432200.0,0.00043634608289842657
2022-05-23,370.7695124155736,375.3943621595535,368.45711634736125,374.6298522949219,76414900.0,0.018537359063013455
2022-05-24,370.5146932699092,372.95924112163084,365.22917116715337,371.77001953125,91448800.0,-0.007663041933014386
2022-05-25,370.2786961363731,377.0177426324369,369.88229858000193,375.0545349121094,91472900.0,0.008796005803842257
2022-05-26,376.2816083941698,384.1815635422074,376.07396194375553,382.5487060546875,82168300.0,0.019784539421420954
2022-05-27,385.0026951176574,392.0531978674875,384.8044963104918,391.93994140625,84768700.0,0.024252636103437728
2022-05-31,390.3259612932842,393.07254576990726,387.0036468547426,389.74078369140625,95937000.0,-0.005626756414514695
2022-06-01,391.8549734040455,392.8648626531449,384.07769419751776,386.58831787109375,86585800.0,-0.008121512234255633
2022-06-02,386.42789374965014,393.9974979722233,384.18154466114504,393.9503173828125,79609600.0,0.018864454628352286
2022-06-03,389.240487364167,390.7884022780611,386.51279859544996,387.4849548339844,71874300.0,-0.016547781528979833
2022-06-06,391.48684319664267,393.21406164588547,387.4943805595861,388.6647644042969,57508900.0,0.0030401620970187263
2022-06-07,385.18200495505744,392.84599895820924,384.7195026936411,392.3929443359375,59272400.0,0.009546562832501807
2022-06-08,390.6845434619145,392.46841881070924,387.333915614858,388.1267395019531,64350000.0,-0.010931812248010434
2022-06-09,386.3523744576506,388.61759004588066,378.8960266113281,378.8960266113281,86289800.0,-0.02407010315875259
2022-06-10,372.7044332589276,373.55388552538324,367.86251789521714,367.9096984863281,132893900.0,-0.029424307818326986
2022-06-13,358.5184050405398,360.3683273758739,352.3362223896235,353.9407653808594,170004900.0,-0.038707953809152824
2022-06-14,355.6869276147928,356.7157121238985,349.7784664118968,352.874267578125,104011800.0,-0.0030177587130276583
2022-06-15,356.1682732930812,362.34100925128496,351.2225494582893,357.90496826171875,125666800.0,0.014155688392216339
2022-06-16,349.702968623294,350.10881384000515,343.63404163139757,346.0597229003906,134473300.0,-0.03365612967811796
2022-06-17,346.47397650063243,350.142419392661,343.30792965713135,346.80572509765625,111113900.0,0.002153383424422441
2022-06-21,352.521725834006,356.92005638665404,352.44587608946637,355.5361022949219,76811900.0,0.024862044533758572
2022-06-22,351.3178056312109,358.99595685720385,350.90071887328156,354.8914794921875,90059400.0,-0.001814746488373633
2022-06-23,357.0243321478926,359.1002487608876,353.46963484148904,358.370361328125,79292100.0,0.009754929323102833
2022-06-24,361.53641078181903,369.7738317116263,361.5079743602973,369.76434326171875,98050300.0,0.03129891212738116
2022-06-27,370.6838633295004,370.97771602411575,367.2618882407592,368.35198974609375,66009600.0,-0.003826917726001972
2022-06-28,369.9065529188097,372.68394948048416,360.71172428504013,360.8254699707031,86548900.0,-0.020644596153319587
2022-06-29,361.375186490403,362.36100146495056,358.71153629888954,360.5315246582031,65676000.0,-0.0008149787995633003
2022-06-30,356.6451313576215,360.8349471944622,353.1567954408799,357.6025390625,112508300.0,-0.008157256381734326
2022-07-01,356.9484798436387,361.82079880218214,354.33221338787916,361.3847351074219,74839700.0,0.010520995485643428
2022-07-05,356.3039239194396,362.08623764291843,353.4791138897527,362.0672607421875,81438000.0,0.0018868586752880919
2022-07-06,362.2093972721212,365.7735827766986,359.83013971421116,363.2900390625,70426200.0,0.00337152318984173
2022-07-07,365.06263643850446,369.5273277554807,363.30898013880693,368.7310791015625,64525900.0,0.014866074515004431
2022-07-08,367.10071569720793,370.2952282014979,365.5745794315864,368.4278259277344,72397800.0,-0.0008227620635553592
2022-07-11,365.7546492181339,366.7215164411496,363.5270331899998,364.2190246582031,58366900.0,-0.011489430590844198
2022-07-12,363.66926385832295,366.0485507559225,359.25195608212715,360.9961242675781,62219200.0,-0.008888180597806298
2022-07-13,355.56459025701633,362.029407826538,355.1475033861952,359.1003112792969,84224600.0,-0.005265454110902514
2022-07-14,354.1521699959699,359.3088540915369,351.7160390075151,358.2282409667969,89704800.0,-0.002431440207983189
2022-07-15,362.62649570213034,365.1858892356065,360.7211976903377,365.0721435546875,79060400.0,0.018924659770612223
2022-07-18,368.1529146526756,368.82592927824663,360.83497625525047,362.05780029296875,63203600.0,-0.008291119228508002
2022-07-19,365.9726185323084,372.4089977632134,365.3185809223327,371.8402404785156,78506000.0,0.02666043255149133
2022-07-20,372.02988023942527,375.62250240338216,370.6648741646818,374.2100830078125,71843800.0,0.006353058032475318
2022-07-21,373.63188089355765,378.06813634762244,371.2336461823122,378.020751953125,64903900.0,0.01013173447802325
2022-07-22,378.143943990978,379.3383025244326,372.29526973672574,374.5133972167969,72197300.0,-0.009321517532546866
2022-07-25,375.13906335562353,375.8215664094441,372.73134023128426,374.96844482421875,53631500.0,0.0012142993674069376
2022-07-26,373.3284791799176,373.5370225526236,369.6410886834943,370.5321350097656,52946400.0,-0.011901700150066466
2022-07-27,373.82144153900765,381.8977324950311,373.5275888700464,380.153564453125,82342100.0,0.025635112924705057
2022-07-28,380.95930457713075,385.61356292258694,377.4140666940386,384.9216003417969,73966600.0,0.012464390006349217
2022-07-29,386.3529667558723,391.51913892921795,385.58515437514285,390.5332946777344,87003700.0,0.01447354922848946
2022-08-01,387.8411758992656,391.8793213752261,387.1302364241008,389.3768005371094,69997500.0,-0.0029657136005251067
2022-08-02,387.8127144423944,391.49064571833276,385.63251176391105,386.80792236328125,63435400.0,-0.006619268526125204
2022-08-03,388.9311943873553,394.0310037637521,388.64683022919735,392.8650817871094,67820600.0,0.015538004409237955
2022-08-04,392.78929793981433,393.4718009620609,390.9598207163616,392.5997314453125,45656600.0,-0.0006756517858498284
2022-08-05,388.3245873478551,392.5807353471059,388.26771450946586,391.9361572265625,56814900.0,-0.0016916354919476384
2022-08-08,393.6234467801919,395.8700106498597,390.3815503961838,391.48114013671875,53886100.0,-0.0011616213799223352
2022-08-09,390.7512903773344,391.25368644325886,388.8554517997777,389.9266052246094,44931800.0,-0.003978811247135165
2022-08-10,396.96966387104465,398.2588492285253,395.01695232609546,398.11663818359375,68665700.0,0.02078649343168337
2022-08-11,400.9603962309802,402.81833898357877,397.37726224840134,398.11663818359375,59489700.0,0.0
2022-08-12,400.05042594390983,404.9606415265143,399.1025065374671,404.85638427734375,61694500.0,0.0167873743827812
2022-08-15,402.64764150057266,407.04600061972724,402.5907686609456,406.5246276855469,54048300.0,0.004112114368878312
2022-08-16,405.4535207281274,409.2451978170758,404.64778356108576,407.3209228515625,59289000.0,0.001956871103116538
2022-08-17,403.7282975362389,407.1313242254354,402.42965277199465,404.42974853515625,63563400.0,-0.007123336373146306
2022-08-18,404.628809463559,406.28766820146114,403.33965312992564,405.6051940917969,49023200.0,0.0029022115462744094
2022-08-19,402.8467196760706,403.1121358999802,399.2825341593999,400.1546325683594,68016900.0,-0.013529204315687866
2022-08-22,395.3297635768896,395.5004110497399,390.921944270961,391.8224792480469,77695600.0,-0.02104217566781007
2022-08-23,391.39585573923233,393.7846307828097,390.3247023494631,390.87451171875,49105200.0,-0.002422311581011383
2022-08-24,390.64704312287796,393.4908012724624,389.96456893805333,392.1258239746094,49177800.0,0.0031962012379059637
2022-08-25,393.6139571012594,397.70897496462175,392.52385581312956,397.6615905761719,50942300.0,0.014018600846806986
2022-08-26,397.5479234905298,398.0882155528186,384.1443295439162,384.2012023925781,103087000.0,-0.03443498873119555
2022-08-29,381.25313774516417,384.70354880710715,380.3052184856568,381.6607360839844,65370800.0,-0.006634291375309028
2022-08-30,382.81716425809753,383.0541440516301,375.37599295553645,377.47088623046875,85652400.0,-0.011038645408235388
2022-08-31,379.10137171228644,380.3431437236325,374.4660612189248,374.5987548828125,76029700.0,-0.00763797700017089
2022-09-01,372.4280160542996,376.1154069737023,369.7264403478649,375.774169921875,78740100.0,0.0031328848938857153
2022-09-02,379.43307616071115,380.6464115154421,370.0012690480302,371.8117980957031,99632100.0,-0.010600543885074108
2022-09-06,372.6555916498426,373.59402268267246,368.19089897678896,370.4090270996094,76637400.0,-0.0037799334610285227
2022-09-07,370.0961415467539,377.83116684452074,369.87813861226584,377.0633544921875,70964200.0,0.017805348685947107
2022-09-08,374.79781566335777,379.98290632149366,373.59393967123003,379.5279235839844,80821700.0,0.006514951680015825
2022-09-09,381.7649972904449,386.28659071940456,381.4995810521483,385.4239807128906,76706900.0,0.015415802902999997
2022-09-12,387.49046061347366,390.2868341942052,387.1871194866291,389.56640625,69256300.0,0.010690364829720416
2022-09-13,380.90236081015905,382.10623671263886,371.5085069603833,372.6270446777344,122947100.0,-0.04445630258340948
2022-09-14,373.9257465690702,375.5656574561683,370.75021096587693,374.0489807128906,85023700.0,0.003808714102830702
2022-09-15,372.49436398050875,375.33812191068284,368.53206820723454,369.8022766113281,87633800.0,-0.011418278046993057
2022-09-16,365.62958149307445,367.6378936491365,363.69737257463,366.98114013671875,103084800.0,-0.007658017804560078
2022-09-19,363.84011191988435,369.8269958496094,363.7639505998914,369.8269958496094,73278500.0,0.007724860043532585
2022-09-20,366.50526088071683,367.51418074829206,362.83127514540325,365.5820007324219,77274900.0,-0.011544711268654605
2022-09-21,367.50461804644806,370.5504322147043,359.1953065563563,359.204833984375,106746600.0,-0.017597812257994953
2022-09-22,358.4337342668979,360.07085382306934,355.4450564887527,356.1874694824219,89472600.0,-0.0084356020609273
2022-09-23,352.7228790149844,352.76095967141856,345.7841825636604,350.2196350097656,122346900.0,-0.016896705647754758
2022-09-26,348.75391014864755,352.3707890222306,345.5367765894628,346.7550964355469,92581200.0,-0.009941729458842244
2022-09-27,350.28630194167937,352.5516221250691,343.48084301099055,345.8699035644531,108294100.0,-0.0025560537174884675
2022-09-28,346.82173847556913,354.36008362291216,345.1275119459914,352.6753845214844,110802200.0,0.01948534016705777
2022-09-29,349.1346285560483,349.42016092257757,342.36725004597866,345.308349609375,112952300.0,-0.0211102584166069
2022-09-30,344.36596930372804,348.2779362644351,339.83535868204586,339.9685974121094,153711200.0,-0.015584532051082452
2022-10-03,343.6806881754969,350.7907337489844,341.90080218718504,348.9442138671875,89756500.0,0.026058810980902253
2022-10-04,354.45522944852485,359.78538917158465,348.9061712798272,359.7568359375,103602800.0,0.030516283725001096
2022-10-05,355.397528717206,361.17501250579096,353.07510228982494,358.9192199707031,88065700.0,-0.0023309983383475634
2022-10-06,357.52010776378955,360.4707348086878,354.7217743328191,355.21673583984375,82333500.0,-0.010369222485358442
2022-10-07,351.19054873616767,355.3023890964065,343.5474892236813,345.308349609375,107789500.0,-0.028290341831114927
2022-10-10,346.42192984075376,346.65988314467035,340.43504562807703,342.6717834472656,76042800.0,-0.007664695368553546
2022-10-11,340.9775545535183,345.5367479558779,338.56946829764377,340.50164794921875,92482800.0,-0.006353124104637082
2022-10-12,340.91091321016154,342.48139902682294,339.1309983011124,339.37847900390625,76991800.0,-0.0033040235257606717
2022-10-13,332.38271336985196,349.80091413619516,331.335712933563,348.3351135253906,147254500.0,0.026049044472729908
2022-10-14,350.7907883892063,352.4184100845512,339.7592754670555,340.3970031738281,123737000.0,-0.02305239349365275
2022-10-17,346.4695719640728,350.2482719633379,340.0638579364615,349.1441650390625,93168200.0,0.025372324426087018
2022-10-18,357.0536513093477,357.35823847132036,349.81033854515664,353.24639892578125,97162900.0,0.011680910139530449
2022-10-19,351.20960435158037,353.9318056806791,347.935364051329,350.74322509765625,79746900.0,-0.007111424066429538
2022-10-20,350.2958396474553,354.71226720130164,347.04062545500517,347.8020935058594,88283100.0,-0.008420782139626706
2022-10-21,347.5260706048134,356.7396164612049,346.02221835785116,356.25421142578125,131038400.0,0.02401093187618037
2022-10-24,357.77710987202045,361.74615500669046,355.1310410528587,360.6134948730469,85436900.0,0.012162180396093802
2022-10-25,360.53729867069814,366.68600327248134,360.4230857441992,366.3719177246094,78846300.0,0.0158422526428466
2022-10-26,363.23094435236135,368.9037428227225,362.97396524839513,363.6116638183594,104087300.0,-0.007562545600807242
2022-10-27,364.6110821532887,366.44807462100994,361.05128110498777,361.66998291015625,81971800.0,-0.005354293895922469
2022-10-28,361.5652384352448,370.7502290607999,361.3843916220893,370.2743225097656,100302000.0,0.023511996515333585
2022-10-31,367.81868945232327,369.68423516133385,366.69555686556424,367.5997619628906,96631300.0,-0.007249400179083908
2022-11-01,371.34039469961164,371.5783479860967,364.8204688405162,365.9911804199219,85407600.0,-0.004385507039803699
2022-11-02,365.4010855031739,369.90317244332704,356.7015278683844,356.80621337890625,126990400.0,-0.025416421164917304
2022-11-03,353.5700586148132,356.1685191668986,351.01920615203176,353.1322326660156,87100100.0,-0.010350231155761815
2022-11-04,358.8336081280306,360.61349432188257,352.170915138916,358.2149353027344,103505200.0,0.014290600609550654
2022-11-07,359.50933724612685,362.231537963315,357.4343915475703,361.64141845703125,68286900.0,0.009519979965115676
2022-11-08,362.7455541021946,366.56233474373306,359.5189221082523,363.5926818847656,84641100.0,0.005381071119516268
2022-11-09,361.62231048852317,362.7740251463003,355.60684528454624,356.101806640625,78495500.0,-0.02081757159223497
2022-11-10,369.3510591794325,376.00425245255667,367.0572151863192,375.6711120605469,141455800.0,0.05349739496930909
2022-11-11,376.5277606911573,380.10658743180727,374.64316019638335,379.30706787109375,93839900.0,0.009632023859507378
2022-11-14,377.54627550144517,380.8966479353896,375.80444085717625,376.0804748535156,71903500.0,-0.00854293315306291
2022-11-15,381.8198207261606,382.9239274120566,375.4807419701021,379.2879943847656,93194500.0,0.008492646808526455
2022-11-16,377.66039937041876,378.61221246717844,375.76630060291683,376.3945007324219,68508500.0,-0.007657998727659947
2022-11-17,371.6449756187588,375.9186366580597,371.3404174691277,375.2428283691406,74496300.0,-0.003064438712528158
2022-11-18,378.57415608736795,378.64078997970154,374.10065167393867,376.9465637207031,92922500.0,0.004530077884888356
2022-11-21,375.62353581760493,376.7466683045898,373.73893542221714,375.575927734375,51243200.0,-0.0036427814917695364
2022-11-22,377.5176474312929,380.79188693120494,376.1089535381112,380.63006591796875,60429000.0,0.013367292731912507
2022-11-23,380.2969884985024,383.5141220670557,380.0685626038953,383.0287170410156,68261600.0,0.006282017741119623
2022-11-25,382.46702560328106,383.49499996496786,382.1910207322794,382.94293212890625,30545400.0,-0.000223989784898669
2022-11-28,379.8590951809206,381.4962149118125,376.0708685003482,376.83233642578125,67881600.0,-0.016085618244541182
2022-11-29,376.96558433179973,378.1553507626501,374.34809818392904,376.18511962890625,52310000.0,-0.0017189958905873006
2022-11-30,376.4326114888511,388.03521728515625,374.519486615748,388.03521728515625,144566700.0,0.03101474003394799
2022-12-01,389.07263892248426,390.2433795179694,385.24636063389784,387.7496337890625,76398200.0,-0.0007362440980859256
2022-12-02,382.86688436312187,388.2065428165103,382.76219884695456,387.3023376464844,85342700.0,-0.001154235351235025
2022-12-05,384.48497335823737,385.4177317516839,378.9834939436765,380.3350524902344,77289800.0,-0.018153040937976542
2022-12-06,380.17323078475664,380.7157422182558,372.7681254520418,374.8525695800781,77972200.0,-0.01451978043473014
2022-12-07,374.00553520657735,376.5754428369556,373.0822751072084,374.2149353027344,65927900.0,-0.0017024752167152332
2022-12-08,376.0995130057314,378.21251059995166,374.3195977744953,377.146484375,60737900.0,0.007803339035399347
2022-12-09,375.9090843451082,378.45993659247966,374.205330689029,374.3290710449219,81447700.0,-0.007498385039096712
2022-12-12,375.11908962319546,379.72589111328125,374.45283780553007,379.72589111328125,75405800.0,0.01431437359388612
2022-12-13,390.45283160745686,390.7098107273862,379.8401197057134,382.6003723144531,123782500.0,0.007541376867815171
2022-12-14,382.25764309363365,385.96020997530553,377.2130453095627,380.1541442871094,108111300.0,-0.00641421679196618
2022-12-15,375.29983918083565,376.2040731132644,369.19874365770016,370.8548889160156,117705900.0,-0.024765962233494917
2022-12-16,368.302907769073,369.6415593936089,364.34432159505855,366.4765930175781,119858000.0,-0.01187619806466036
2022-12-19,366.6678340994925,367.00250429400353,361.70523742151596,363.3689880371094,79878100.0,-0.008515839079610557
2022-12-20,362.61364283927566,365.482194633709,361.2941043449694,363.8662414550781,74427200.0,0.0013675176209737242
2022-12-21,366.4575070608886,370.4352358837999,365.92204637130624,369.30694580078125,78167400.0,0.01484179812529765
2022-12-22,366.2662256920997,369.28777027212345,358.34902428686854,364.038330078125,100120900.0,-0.014368965193666155
2022-12-23,363.01518610522345,366.27577647509355,361.466172965727,366.1323547363281,59857300.0,0.0057357284882017644
2022-12-27,366.017616610939,366.36182878328543,363.01518537687076,364.6885070800781,51638200.0,-0.0039513090286124345
2022-12-28,364.6216127041186,366.59137848650926,359.9267751898031,360.15625,70911500.0,-0.012505618899728664
2022-12-29,362.9961017998292,367.5092910145083,362.47018314198056,366.63916015625,66970900.0,0.017840184483575224
2022-12-30,363.961883087202,365.8168531569802,361.84869548769285,365.6734313964844,84022200.0,-0.0026374783957823387
2023-01-03,367.52838265402187,369.4981190554035,361.2749320892196,364.1339416503906,74850700.0,-0.004218899634101173
2023-01-04,366.3905264117615,368.9722345195995,363.34986872415914,366.94512939453125,85934100.0,0.007690554171280972
2023-01-05,364.9945163658359,365.1092537639918,362.16422021646383,362.7570495605469,76970500.0,-0.011479000453576492
2023-01-06,365.8455090657922,372.19458418736764,362.7857380848977,371.0758361816406,104189600.0,0.022673126675100835
2023-01-09,373.2654480450159,376.4495562925387,370.6837694128646,370.86541748046875,73978100.0,-0.0005672112334359276
2023-01-10,370.28219867133123,373.53321794947027,369.3451279864,373.4662780761719,65358100.0,0.006988473543327619
2023-01-11,375.04396526976706,378.26629985990076,374.23120324076183,378.1897888183594,68881100.0,0.012568442215719556
2023-01-12,379.2895306207411,381.02976337180365,375.2257485082276,379.5668029785156,90157700.0,0.003634453836074686
2023-01-13,376.37315440820146,381.6130534140989,376.10542404617286,381.0393371582031,63903900.0,0.0038720066581681826
2023-01-17,381.0201896884126,382.6935115955875,379.6623956443495,380.3412780761719,62677300.0,-0.0018336670612732356
2023-01-18,381.5270095943542,382.58835989011226,374.1356963351264,374.33648681640625,99632300.0,-0.01591385957068607
2023-01-19,372.2998442481088,373.9444821427711,370.2918808903348,371.6114196777344,86958900.0,-0.007306352729399633
2023-01-20,373.00734634342695,378.68708106087394,371.36270886328373,378.5340881347656,91806400.0,0.018457392374363224
2023-01-23,379.3373059432333,385.0074698849866,378.3811219727352,383.07598876953125,84178800.0,0.0119272436546704
2023-01-24,381.40265563212273,383.57318267652687,380.21699688122226,382.6648254394531,59524900.0,-0.0010738969686956753
2023-01-25,378.6010242444025,383.1428977378186,376.31573073269413,382.8082275390625,84800300.0,0.00037467576612654695
2023-01-26,385.46636782103366,387.17794493963646,382.5021922983197,387.015380859375,72287400.0,0.01093028366611188
2023-01-27,385.97315181927854,390.2759788703347,385.7627902184548,387.9046325683594,68346200.0,0.0022950809991024537
2023-01-30,385.1509087422322,387.37883383343035,382.7413355345612,383.0377502441406,74202000.0,-0.012625968132208296
2023-01-31,383.5541176812042,388.7175057829121,383.20987624486537,388.6697082519531,86811800.0,0.014596354973253416
2023-02-01,387.4552591361378,395.5445957142965,384.7205872650518,392.8003234863281,101459200.0,0.010571496116664617
2023-02-02,396.68245506156615,399.9813013244029,394.78922953717114,398.5183410644531,101654500.0,0.014452122407478715
2023-02-03,393.5556701552829,398.69994345136115,393.0775782754304,394.2823791503906,94736800.0,-0.010686171483420288
2023-02-06,391.834637420615,393.2689133762878,390.2186841761235,391.87286376953125,60295300.0,-0.006129890877056687
2023-02-07,390.9549267928235,398.24104381969875,389.7118993305467,396.9980163574219,90990700.0,0.01299382402740076
2023-02-08,395.02826801613645,396.3669196696717,391.9684677962696,392.65692138671875,76227500.0,-0.010995027058667324
2023-02-09,396.2522033663381,396.4051963035193,388.0290153704697,389.2529296875,78694900.0,-0.008706919856198692
2023-02-10,388.0768126828916,390.5437836705012,387.2640796514173,390.16131591796875,70769700.0,0.002330946982008794
2023-02-13,390.8115223602018,394.8753043260224,390.352543539111,394.7414245605469,64913500.0,0.011670645016248819
2023-02-14,393.22104214899304,396.864100329501,390.6106788806823,394.5597229003906,88389300.0,-0.00046041150187224237
2023-02-15,392.3700815999979,395.91751581058026,391.5286350725414,395.8410339355469,61555700.0,0.0032421835289922853
2023-02-16,390.87847129038914,394.8179447595729,390.25695751731473,390.39080810546875,76431500.0,-0.013864391754475172
2023-02-17,388.26803395095567,389.6545122847336,386.34609496505783,389.41546630859375,89257800.0,-0.002501498993984556
2023-02-21,385.39950609313314,386.4513142893378,381.34529542458307,381.60345458984375,82655900.0,-0.020264818014408045
2023-02-22,382.01458672604707,383.55405800104023,379.624126941612,381.0775451660156,83742300.0,-0.0013791074049317718
2023-02-23,383.96517386295295,384.57714551664407,378.8878400941684,383.1046142578125,96242400.0,0.005305211123194482
2023-02-24,378.0942177024235,379.8440212478962,376.3922116756281,379.01214599609375,108194400.0,-0.010739844107798774
2023-02-27,382.3492886397092,383.7070827492521,379.36599925020045,380.3030700683594,80444700.0,0.003400235603650384
2023-02-28,379.82496053517093,381.78512595829335,378.79226552930106,378.8974609375,96438600.0,-0.0037028707950238974
2023-03-01,378.0847173960627,379.30863174384257,376.1436650512144,377.4440612792969,99706800.0,-0.0038432411932019447
2023-03-02,375.4743186281051,381.2209936912257,375.1396483986959,380.3795471191406,85127800.0,0.007747186784233853
2023-03-03,382.1962961869598,386.7286281625777,381.54609807414363,386.4800109863281,90120000.0,0.01591058622111936
2023-03-06,387.3022850157021,389.59714976739536,386.3078747490803,386.7477111816406,72795900.0,0.0006924226804948228
2023-03-07,386.6998590400402,386.93890498621045,380.20736297154104,380.8193054199219,108310600.0,-0.015447572715028576
2023-03-08,380.93414163742426,382.1962822868647,379.21299300204765,381.44091796875,74746600.0,0.0016309723833132666
2023-03-09,382.2249589763906,383.88873887527785,373.41851305631604,374.40338134765625,111945300.0,-0.01862219508162984
2023-03-10,373.8583475978051,375.93327957719293,367.4806170891498,369.0009460449219,189253000.0,-0.01453456809532437
2023-03-13,365.08050452774603,373.284577202758,363.9713279086819,368.4749450683594,157790000.0,-0.0014264902001445681
2023-03-14,373.38980130348455,376.21055539266825,370.0909552792131,374.56591796875,149752400.0,0.016395085761731366
2023-03-15,368.98178810972763,372.4240265155613,366.8972852061237,372.2232360839844,172996900.0,-0.006274032119301279
2023-03-16,369.8711000150825,379.09826973239205,369.364323664859,378.7540283203125,143254200.0,0.017393221309324414
2023-03-17,377.4256197444262,378.55821591341066,372.94318572096427,374.3253479003906,140553400.0,-0.011761659165567907
2023-03-20,375.1028314855244,378.3374942216171,374.4021719427654,377.92474365234375,93055800.0,0.009569751500895897
2023-03-21,381.28412015653794,383.36697102971766,379.69079357481445,382.8870544433594,91524200.0,0.013044963743688678
2023-03-22,382.7142575848104,386.32321007597335,376.3217657060295,376.3601379394531,111746600.0,-0.01719355002741128
2023-03-23,379.2205184817109,383.25182988301947,374.6709182110407,377.3776550292969,119351300.0,0.002699924874254154
2023-03-24,376.10099199884445,379.9403243336123,373.7589969312936,379.85394287109375,107682400.0,0.006540394447231624
2023-03-27,382.1288028794633,382.8966870426311,379.6716321408978,380.56427001953125,74010400.0,0.0018682544499986932
2023-03-28,379.8731772141997,380.5642582938647,377.8767370350477,379.71002197265625,62871700.0,-0.002247211079910569
2023-03-29,383.8660888939379,385.4690232440617,382.6662973806607,385.22906494140625,77497900.0,0.01443026989537955
2023-03-30,387.8589998974814,388.10856590647154,385.62260139743574,387.48468017578125,69840000.0,0.005838181746843939
2023-03-31,388.4061147934353,393.24368242982905,388.30051790737826,392.9461364746094,112062600.0,0.013996232177903524
2023-04-03,392.4278257842298,394.84659500245755,392.03429064106433,394.4434814453125,67391100.0,0.0038033185644785698
2023-04-04,395.0864949456508,395.3744624499985,390.88242129149666,392.2550048828125,66601500.0,-0.005563712771461135
2023-04-05,391.5255732993779,392.28384974684195,389.57711302940226,391.22802734375,65200200.0,-0.002621570818997619
2023-04-06,390.4313714897771,393.0325407601975,389.3851567329968,392.7541809082031,63743300.0,0.0038933421605478746
2023-04-10,390.2777272293107,393.23402961478297,389.66344926995697,393.1572265625,63681000.0,0.0010256771585186984
2023-04-11,393.78116601430696,394.6641961280183,392.4949930804865,393.2628479003906,59297900.0,0.00026861302745316405
2023-04-12,395.3264818376402,395.61444936283374,391.0744279375137,391.659912109375,86420400.0,-0.0040843203968229545
2023-04-13,392.744581127332,397.21740780284637,391.602377161458,396.8622741699219,85814800.0,0.013195411965949136
2023-04-14,396.22870868146754,398.41712702758065,393.5891675964206,395.89276123046875,78161500.0,-0.002445934442570147
2023-04-17,395.8064093482449,397.3325406110166,394.577824032139,397.3133544921875,66436400.0,0.0035819057680385536
2023-04-18,398.8874765900454,399.0218673008723,396.1999552913603,397.572509765625,63560000.0,0.0006520565889335934
2023-04-19,395.6624479202901,398.4075568472331,395.60486027089866,397.5053405761719,55227300.0,-0.00016896254771546764
2023-04-20,394.69301944461137,397.08302413683805,393.79077385332334,395.33612060546875,75840400.0,-0.00547202811576012
2023-04-21,395.63367232336066,396.10398124565415,393.6948196903557,395.6432800292969,73457400.0,0.0007766559761768154
2023-04-24,395.4416314735753,396.4782676301581,394.10747868962846,396.0559387207031,64332100.0,0.001042463397724414
2023-04-25,394.088292257947,394.6450119030647,389.7114553215701,389.76904296875,97766700.0,-0.01600109448456726
2023-04-26,390.3833550986097,391.4583635816679,387.56144318468967,388.1181335449219,80447000.0,-0.004244605007847455
2023-04-27,390.65214704527966,396.11360078097556,390.4025810177756,395.8448486328125,92968400.0,0.019712576918826295
2023-04-28,394.9617272106124,399.2329963765921,394.904139565875,399.223388671875,89433100.0,0.008498793478013068
2023-05-01,398.7819109693187,400.8455465437123,398.58993260769745,398.8203125,62122300.0,-0.0010101607357062528
2023-05-02,398.1099974743272,398.1580067083917,391.43917444922255,394.3378601074219,103998500.0,-0.011302916036002792
2023-05-03,394.837004192524,397.24619509986604,391.3912062306647,391.63116455078125,91531800.0,-0.006887564705113946
2023-05-04,390.58495750937874,390.91129731617235,387.5230869408355,388.8572692871094,94901900.0,-0.007108130813413371
2023-05-05,392.4853583991723,397.10215328992234,392.2262140059175,396.0559387207031,87891800.0,0.01834310138581174
2023-05-08,396.3822711785269,396.64141556702043,394.7601509178742,396.1614990234375,50046800.0,0.00026649325887019316
2023-05-09,394.61623373049684,395.53766541370464,394.1939047732381,394.42425537109375,49220100.0,-0.004394833675819178
2023-05-10,397.25577792419296,397.88927136463667,392.44700411687967,396.26715087890625,96142900.0,0.004661486972889789
2023-05-11,395.40334787228096,395.86404911911495,393.5028673537258,395.57611083984375,70157100.0,-0.0017453964639292335
2023-05-12,396.8142503993596,397.0254148728848,392.63897016343816,395.0577392578125,70481500.0,-0.001311281211255423
2023-05-15,395.6624389099318,396.8238288685914,393.75238023444746,396.42071533203125,54289400.0,0.0034441301936143794
2023-05-16,395.31689334176326,396.2383543170176,393.761968222226,393.7715759277344,57705500.0,-0.0067050751028559855
2023-05-17,395.7872805401457,399.1562756190207,394.1459737431661,398.5516052246094,87287000.0,0.01206600388207765
2023-05-18,398.23480532655367,402.8132286270494,398.0140624281471,402.3908996582031,97177200.0,0.009587014838673094
2023-05-19,403.29314851307697,403.8210450825171,400.5864117249465,401.8053894042969,103793300.0,-0.0014561379238529398
2023-05-22,401.8245977682805,403.50430592203884,400.58640469895295,401.96856689453125,60745400.0,0.00040602831479514195
2023-05-23,400.3272898695882,401.90143065958665,397.0638622634379,397.4573974609375,86383500.0,-0.01128614160552592
2023-05-24,395.8543837451471,396.2383111304324,393.41639944632345,394.5777893066406,89213700.0,-0.007271446749875927
2023-05-25,398.0812545290906,399.44423070710803,395.84485582251955,397.994873046875,90961600.0,0.008622818007863372
2023-05-26,398.64748907245814,403.8689837488059,398.57071530888675,403.14910888671875,93830000.0,0.012867367342404606
2023-05-30,405.07840112218025,405.6062976614237,401.9205417166639,403.3027038574219,72216000.0,0.00038091543755762133
2023-05-31,401.4790359496369,402.3812815149699,399.50178187032054,401.0663146972656,110811800.0,-0.005560619245857435
2023-06-01,401.29670331410193,405.93271458460026,400.04893173325473,404.87689208984375,88865000.0,0.0094562638059152
2023-06-02,407.4491692853337,411.51885243910056,406.92127277329087,410.7318115234375,91426200.0,0.014357424051344108
2023-06-05,411.07732872105703,412.3635015907827,409.2440439412278,409.9447326660156,65460200.0,-0.0019181225643952508
2023-06-06,409.5320736758542,411.3653294424387,408.87936479133043,410.8374328613281,64022200.0,0.002175243529412819
2023-06-07,411.2309077542299,412.36350381538136,408.99448016231673,409.41680908203125,85373300.0,-0.003463865536034231
2023-06-08,409.4840283285931,412.344341762355,408.71617349799953,411.8932189941406,61952800.0,0.006030408328581099
2023-06-09,412.689850828952,414.63831094166113,411.6436362158996,412.63226318359375,85742800.0,0.001792653843560146
2023-06-12,413.6113761039967,416.45247445367045,412.89150113320926,416.37567138671875,76104300.0,0.009031116567204261
2023-06-13,417.8345851160925,419.76382988102273,417.1722978814529,419.1207580566406,95899700.0,0.006571174815332208
2023-06-14,419.45677881703784,421.42442545450064,416.17413589387496,419.61993408203125,100612100.0,0.0011902989541483478
2023-06-15,418.8040012480244,426.0699454976172,418.7080413628314,424.8221740722656,110303100.0,0.012321284678396962
2023-06-16,426.80484934957235,427.3732510116979,422.9030966686289,423.3751525878906,114165800.0,-0.0034119958710321207
2023-06-20,421.4387558395076,422.32506614292663,419.1073181445954,421.1786193847656,76160400.0,-0.005201653769569777
2023-06-21,420.19597746428883,420.995585443212,418.43294139177686,419.0206298828125,76982300.0,-0.00513686306941225
2023-06-22,418.06681362984074,420.6390713007603,417.72961825633774,420.5331115722656,70637200.0,0.003603064940415071
2023-06-23,417.084192410939,419.1362363473925,416.6410372408123,417.35394287109375,92074500.0,-0.007588573998653493
2023-06-26,416.7855154988048,418.7026693868189,415.40786249787595,415.6487121582031,72823600.0,-0.004094184057076794
2023-06-27,416.5253768197751,420.82212620155866,416.0725783167209,420.20556640625,72813700.0,0.0109035737713221
2023-06-28,419.126500621765,421.4290371213432,418.5099408774898,420.41748046875,75636000.0,0.0005041833382438017
2023-06-29,420.00325329466176,422.2383451446893,419.5986423394109,422.0745544433594,67882300.0,0.003933749027387056
2023-06-30,425.28264809004037,428.0379537648419,424.9647101118157,427.0552978515625,104964000.0,0.01173154028017583
2023-07-03,426.70850932168867,427.82602579498047,426.4291155030701,427.5466613769531,32793400.0,0.0011499238311586044
2023-07-05,425.7354801650757,427.6430199831629,425.7258367708566,426.91082763671875,58418400.0,-0.0014882749950045203
2023-07-06,423.3366343156822,423.991738320798,421.06299828536083,423.5678405761719,80658300.0,-0.007861465319692935
2023-07-07,422.57550143257924,426.43873894163033,422.25756345371417,422.4984130859375,86134200.0,-0.002528000744967055
2023-07-10,422.1420000351028,423.7412452715391,421.57359837767063,423.5678405761719,62443500.0,0.002528000744967138
2023-07-11,424.3289694634643,426.75672360489915,423.35592736761294,426.265380859375,64463800.0,0.0063484205487496104
2023-07-12,430.0514894814251,431.1015903646367,428.62564905437046,429.69500732421875,91924500.0,0.00801355965899744
2023-07-13,431.50622355890425,433.89546265173254,431.07271183277675,433.10546875,72425200.0,0.007905603399044732
2023-07-14,433.991813962652,434.83958003816,432.07463074719146,432.8357238769531,69815800.0,-0.0006230097010479354
2023-07-17,432.6911588627437,435.3886628143162,432.64297129896573,434.33856201171875,52680200.0,0.0034660613529706574
2023-07-18,434.01109662916457,438.2115006773749,433.5775554716282,437.5660400390625,80668200.0,0.007403316282539778
2023-07-19,438.35604491544507,439.72405458332963,437.48896257877516,438.5390930175781,65891700.0,0.002221316465131633
2023-07-20,437.5467915202886,438.442745236727,434.91670253914305,435.6296081542969,70591600.0,-0.006656599813568376
2023-07-21,437.34445662901965,437.5467915202886,435.6199941598992,435.6296081542969,71275600.0,0.0
2023-07-24,436.77604624077406,438.3849349409323,435.7452026173443,437.57568359375,54023400.0,0.004457322189523718
2023-07-25,437.3059083742901,440.02267010001805,437.2577208036124,438.770263671875,55191200.0,0.002726276812835871
2023-07-26,437.8357342912967,440.26348802035136,436.7856334140258,438.8376770019531,71052900.0,0.00015362971797845725
2023-07-27,442.2192452897237,442.62388566589414,435.0226560753175,435.9282531738281,92194400.0,-0.006651915571387709
2023-07-28,439.1941631701477,441.0246146496096,435.92822776892785,440.19610595703125,80011800.0,0.00974265010922799
2023-07-31,440.6681140687776,441.39066294813205,439.3578768125751,441.0342102050781,62040400.0,0.0019021236227789934
2023-08-01,439.5698514127993,440.51399258801536,438.8184017102693,439.7721862792969,55291500.0,-0.002865612226331124
2023-08-02,436.6604008783812,436.9205079074881,432.90315234388123,433.65460205078125,93933400.0,-0.014008464936816213
2023-08-03,431.64112757810364,434.2904737931767,430.9956375639887,432.4118347167969,64276100.0,-0.002869914210317436
2023-08-04,434.2230384704291,436.3232404604835,429.9359027397443,430.4561462402344,100128900.0,-0.004533003584633243
2023-08-07,432.28655130575453,434.3674956833761,431.5929031798807,434.2133483886719,58357500.0,0.00869054781932798
2023-08-08,431.67964426037906,434.2037733620173,428.9724964679823,432.32513427734375,71361300.0,-0.004358068655073096
2023-08-09,432.59491357535535,432.75870428928835,428.6738738420237,429.4349670410156,78789600.0,-0.006707616349670908
2023-08-10,431.7855978075418,435.1671361209915,428.4233462814403,429.58905029296875,93005500.0,0.0003587402691807758
2023-08-11,427.7200290859293,430.35011754971424,427.1227267257981,429.3385314941406,68690900.0,-0.0005833292846658898
2023-08-14,428.42330273221825,431.7084655761719,428.1150081718923,431.7084655761719,47867400.0,0.0055047867879552915
2023-08-15,429.9358890851779,430.2923712690211,426.1111954097984,426.67962646484375,75707500.0,-0.011717069917023216
2023-08-16,426.26534575201464,427.9223925566891,423.44259484772283,423.548583984375,80107200.0,-0.007365214646971379
2023-08-17,425.01291328665195,425.273020314269,419.8009235363625,420.3211669921875,95711300.0,-0.007649125293440791
2023-08-18,417.5080561439708,421.5543421169173,417.1612467523088,420.52349853515625,98852000.0,0.00048125784742174347
2023-08-21,421.5350602162778,424.00135836533855,419.3867000805202,423.2595520019531,68719000.0,0.006485228767047836
2023-08-22,425.0321640493009,425.0321640493009,421.5543094057689,422.1130676269531,64994200.0,-0.002712378071561267
2023-08-23,423.17280782729074,427.431042301619,423.0283039267051,426.814453125,68441000.0,0.011076171869738806
2023-08-24,428.41369725884107,428.92429730681755,420.87027025881116,420.8992004394531,88517300.0,-0.013956006653668774
2023-08-25,422.62372359066535,425.14782341445994,419.07842352366526,423.86651611328125,102325100.0,0.0070252090482401264
2023-08-28,426.05339622552776,427.1709421526019,423.8664919427265,426.55438232421875,61595400.0,0.00632128200553946
2023-08-29,426.4483889303442,432.999517120143,426.26534084235647,432.7201232910156,83081900.0,0.014351285300552142
2023-08-30,433.0572521601873,435.1381963666506,432.35396069855597,434.5023498535156,69053900.0,0.0041102003850924515
2023-08-31,435.11898360214246,436.2557869248091,433.6835290574293,433.8665771484375,66084600.0,-0.001464291959115851
2023-09-01,436.5833209067049,437.06502016743536,433.2210400744053,434.67578125,58944100.0,0.001863361821966368
2023-09-05,434.2327253281371,434.5506339765606,432.72982564348763,432.7972412109375,55166200.0,-0.004331069501686706
2023-09-06,431.987958395261,432.0939475374288,427.5659620214055,429.88775634765625,70758500.0,-0.0067452103671337875
2023-09-07,426.8915375451562,429.24223247025344,426.5447281630559,428.56787109375,70355400.0,-0.003075025084022739
2023-09-08,428.61607641541775,430.7451793135571,428.25962359995947,429.21337890625,61659700.0,0.0015050642208636516
2023-09-11,431.83376742594476,432.34436749416994,430.12856253408137,432.0361022949219,60180100.0,0.006554972879360435
2023-09-12,430.59102153155527,432.11317840274216,429.0881220484013,429.6661376953125,67565400.0,-0.00550067172943258
2023-09-13,429.8877509320253,431.3232055262028,428.7894623481302,430.1671447753906,60199300.0,0.001165358789876885
2023-09-14,432.6334271290332,434.5698383708397,431.332833106535,433.8761901855469,83430800.0,0.008585375391377659
2023-09-15,432.2935551441486,432.6222625307114,428.2136712808251,428.6487121582031,111848900.0,-0.012121486624409667
2023-09-18,428.3392962837647,430.1955590603149,427.86557530879384,428.9000549316406,55752200.0,0.0005861888915951671
2023-09-19,427.9815868766938,428.5713482483716,425.332573169419,428.0105895996094,66514600.0,-0.0020759822675840583
2023-09-20,429.2674693964477,429.68318495179983,423.8727265693422,424.0757751464844,82562600.0,-0.009235783098415539
2023-09-21,421.233389771168,421.49441429318694,416.91180676973505,417.0664978027344,104095800.0,-0.016666477994356898
2023-09-22,418.09131961695476,419.6865285568745,415.71297806578804,416.12872314453125,100829700.0,-0.0022510332047369643
2023-09-25,414.9202657617333,417.91731274481344,414.48519532648515,417.878662109375,70874500.0,0.004196465316413324
2023-09-26,414.84288124552415,415.54865360911657,410.90801075336816,411.7394714355469,96168400.0,-0.014800309902997967
2023-09-27,412.90931622583537,413.47007499335564,408.268702550775,411.9038391113281,104705800.0,0.00039912344544899153
2023-09-28,411.3527676631777,415.96437838949197,410.7630061946947,414.29180908203125,92258300.0,0.005780656496120393
2023-09-29,417.3371969608053,417.5112133076614,411.7684378270295,413.28631591796875,115111300.0,-0.002429966738975786
2023-10-02,412.454856073705,414.3691244055631,410.36657139466814,413.1219482421875,83798600.0,-0.0003977880790330318
2023-10-03,410.94664397430034,413.1799422139496,406.22867088652805,407.59185791015625,103760600.0,-0.013476498107857471
2023-10-04,408.0559363281981,411.30435944495287,406.59606370497346,410.5599365234375,87453000.0,0.007255601355061402
2023-10-05,410.2699077129364,411.24638199806213,407.18585282564163,410.4052734375,70142700.0,-0.0003767835369652056
2023-10-06,407.9592344326086,416.8150963910029,406.63472757769614,415.27789306640625,113273300.0,0.011802774700201406
2023-10-09,413.3830108074734,418.5070521455923,412.8319589906931,417.9366455078125,80374400.0,0.006381937285934638
2023-10-10,418.5650575162268,422.70294712015226,418.1686672417201,420.1119384765625,78607300.0,0.005191340682790605
2023-10-11,421.17537943505704,422.08414129890025,418.79703802262225,421.8327941894531,62451700.0,0.004087817269830258
2023-10-12,422.4419089154139,422.8189443567332,416.91182957643576,419.2611389160156,81154200.0,-0.006115044196297159
2023-10-13,420.75965970754623,421.95850789546967,415.60664534568787,417.1728515625,95143100.0,-0.0049933209703791216
2023-10-16,419.4158434641518,422.62561629317145,419.1741442361407,421.5621337890625,75433200.0,0.010466529649996278
2023-10-17,418.4393454760135,423.5923892481788,418.09131276942526,421.5427551269531,75324700.0,-4.596975386463686e-05
2023-10-18,419.77352121429993,420.73064064200355,414.8428514424272,415.9256591796875,93559800.0,-0.013414667551959036
2023-10-19,416.64108906158174,418.44899434083845,411.5944086302288,412.2711486816406,121323000.0,-0.008825279650424974
2023-10-20,411.8361348739324,412.3775387523352,407.09880668145956,407.2051696777344,123919900.0,-0.012364099918453409
2023-10-23,405.67757598059893,410.3568982821464,403.9276761980999,406.4993591308594,92035100.0,-0.0017348083951882892
2023-10-24,408.61670687631084,410.71466914656554,406.7701212432729,409.5641784667969,78564200.0,0.007511262553076284
2023-10-25,407.8819596802007,407.9109624071266,403.17363397769196,403.68603515625,94223200.0,-0.01445617985742633
2023-10-26,402.6225206966068,403.47327705797994,397.9335505307934,398.85198974609375,115156800.0,-0.012047040075956797
2023-10-27,400.43759484678344,400.8339851009318,395.62293584989493,397.04412841796875,107367700.0,-0.004542965837289336
2023-10-30,399.8284499771529,402.844851029009,398.5329459102298,401.7910461425781,86562700.0,0.011884738553441895
2023-10-31,402.36153498192397,404.63351364420447,400.4569438698378,404.3144836425781,79665200.0,0.006260832234906141
2023-11-01,405.28123407598383,409.43844855236455,404.74947812853236,408.6263427734375,98068100.0,0.010608151112999183
2023-11-02,412.41619465013827,416.61211901779166,412.39686933434086,416.4574279785156,94938900.0,0.018983091529137863
2023-11-03,418.7584345746445,421.80383898984763,418.63274625361095,420.2569580078125,100167800.0,0.009082086336013968
2023-11-06,421.0109363703313,421.668351008201,419.28036211379026,421.2236328125,67831700.0,0.002297557995920289
2023-11-07,421.2237277176419,423.0606358569916,420.0829145000172,422.42254638671875,64256100.0,0.002842220852460222
2023-11-08,423.0219303160148,423.544008852029,420.4309219590949,422.7319030761719,61746000.0,0.0007320714065122563
2023-11-09,423.87268255419826,423.91136268453704,419.0096961904857,419.4350891113281,83174400.0,-0.007829399243844435
2023-11-10,421.5041020397778,426.28972875327344,419.42546520511473,425.9803466796875,89462200.0,0.015484430657692444
2023-11-13,424.64619358239656,426.6764433760795,423.86309048956497,425.5743103027344,52236100.0,-0.0009536355755799552
2023-11-14,431.50076562505876,435.1165763059157,431.2783917339626,433.83074951171875,97176900.0,0.019214904880744236
2023-11-15,435.16492211328534,436.3927730128096,433.8984205823122,434.74920654296875,77327600.0,0.0021148481890942913
2023-11-16,434.30447059030485,435.59997479434537,433.24098818272,435.28094482421875,66665800.0,0.001222344643162959
2023-11-17,435.29057073108856,436.43141334936854,434.3721314970017,435.82232666015625,83133200.0,0.001242979847195037
2023-11-20,435.5709613361329,440.01823251915994,435.56128392675316,439.1771240234375,69936200.0,0.007668150646953296
2023-11-21,438.13293202095787,439.05140070988807,436.9534388382608,438.2199401855469,49244600.0,-0.002181872396579598
2023-11-22,439.87321460582723,441.22672421241435,438.81940964411666,439.911865234375,59394900.0,0.0038534696774067323
2023-11-24,439.9602422808771,440.3759578384197,439.6315348978691,440.1825866699219,29737400.0,0.0006152099777466262
2023-11-27,439.55420100976517,440.3663068584605,439.0031197003399,439.3898620605469,50506000.0,-0.001802523089838174
2023-11-28,439.0030764411284,441.1203637861366,438.44234728096177,439.8248596191406,62115000.0,0.0009895138999863268
2023-11-29,441.97117519611106,443.10234049536746,439.1191421839662,439.5155029296875,63146000.0,-0.0007036108323725237
2023-11-30,440.3565962233876,441.5940948885885,438.2876370073433,441.24603271484375,79752700.0,0.0039296266742342685
2023-12-01,440.63693464669717,444.3881106766868,440.04720280394565,443.85638427734375,89183400.0,0.005898434080752434
2023-12-04,440.4726232624604,443.8757373404589,439.2544498661346,441.52642822265625,72430900.0,-0.005263172946882444
2023-12-05,440.14391844231596,442.3965419933345,439.7668535301099,441.4394226074219,69793500.0,-0.00019707583353126984
2023-12-06,443.57606849081975,443.60507121667763,439.225482586349,439.6605529785156,69124700.0,-0.00403784382048264
2023-12-07,441.73908007461404,443.6629960502869,441.1396708462714,443.0152587890625,66995400.0,0.007601254998625286
2023-12-08,442.2708481089666,445.4516177863762,442.02914891320626,444.9198913574219,83194400.0,0.004290032868225623
2023-12-11,444.42680041904015,446.82446698086267,444.2141039538438,446.6504211425781,65002200.0,0.003881986499828986
2023-12-12,446.3024402574832,448.7871152745883,445.30664066950123,448.6904296875,68327600.0,0.00455695073720826
2023-12-13,449.0674408996175,455.12927578193285,448.709730800554,454.8778991699219,93278000.0,0.013695845688702479
2023-12-14,456.8114895469167,458.0006602364905,453.6693999362765,456.3377685546875,119026000.0,0.0032042263659905167
2023-12-15,455.7417745258769,456.91636306344805,453.74210049149804,455.5864562988281,141553700.0,-0.0016477518753706198
2023-12-18,457.1881698520897,459.1296032853033,456.13009218585904,458.149169921875,70375300.0,0.005609325649678732
2023-12-19,458.69273602664884,461.0127630324847,458.61509172941334,460.9350891113281,55761800.0,0.006062398946704612
2023-12-20,460.0808576886502,461.96405036999886,454.1206728290634,454.54779052734375,102921000.0,-0.013954170787200655
2023-12-21,457.52788134560456,459.1295875723286,455.1108062836296,458.8577880859375,86667500.0,0.00943727441040276
2023-12-22,459.98374941589714,461.45925759296136,457.8870276491879,459.7799072265625,67160400.0,0.002007580257238998
2023-12-26,460.1876248035588,462.62410332069675,460.1099508863103,461.7213439941406,55387000.0,0.004213645152389171
2023-12-27,461.5175394244562,462.70181495571654,460.9836571015111,462.55621337890625,68000300.0,0.0018065344228258983
2023-12-28,462.9153345190397,463.5656980482324,462.31349497002446,462.73089599609375,77158100.0,0.0003775749548283867
2023-12-29,462.53673484415077,463.060930093317,459.44014657654174,461.39129638671875,122283100.0,-0.002899184888589535
2024-01-02,458.3335624378489,459.7993540123723,456.7124526493962,458.8092041015625,123623700.0,-0.005612035769785467
2024-01-03,456.6542157231931,457.3919698393569,454.4604162904711,455.062255859375,103585900.0,-0.008200210648449033
2024-01-04,454.5865863632777,457.16869615612853,453.37319057475315,453.5964660644531,84232200.0,-0.00322627413568382
2024-01-05,453.8003122508208,456.66393818647634,452.7713549830218,454.2177429199219,86118900.0,0.0013687315010344706
2024-01-08,454.71275316529835,460.8476889622242,454.5865552720958,460.70208740234375,74879100.0,0.014174909846856565
2024-01-09,458.05205442710235,461.02244496424106,457.54729244084217,460.0032043457031,65931400.0,-0.001518147440087411
2024-01-10,460.27499186871785,463.4686578138975,459.9934757568045,462.6047058105469,67310600.0,0.005639466843842385
2024-01-11,463.6045274671268,464.1190060691037,458.43062113494074,462.4008483886719,77940700.0,-0.00044077016456820243
2024-01-12,463.8472262405501,464.58498035155515,461.3136700813151,462.72119140625,58026400.0,0.0006925422087069526
2024-01-16,461.34278348918724,462.6532272077025,459.2071951071508,461.0224304199219,85014900.0,-0.0036779964942888588
2024-01-17,458.00347884426276,458.9450750603383,456.11056976718885,458.459716796875,68843900.0,-0.005574268661161075
2024-01-18,460.12938495584103,463.09005873569527,458.58594911701266,462.5367431640625,91856200.0,0.008853569315643062
2024-01-19,463.6628015298727,468.58434205067863,462.5853202688259,468.3028259277344,110834500.0,0.01238915213421108
2024-01-22,469.83659824827777,471.01115715758357,468.64260604571103,469.2929992675781,75844900.0,0.0021121546861637966
2024-01-23,469.83653570981716,470.90430023582877,468.7493378931313,470.66162109375,49945300.0,0.0029121039754982287
2024-01-24,473.525295727068,474.45717543420074,470.68110299788805,471.1761779785156,81765000.0,0.0010926657147703844
2024-01-25,473.30199623812143,474.0106300348732,471.1761540957068,473.73883056640625,72525000.0,0.0054241044912557365
2024-01-26,473.3117458196852,474.7969411657135,472.2925051479898,473.13702392578125,76641600.0,-0.0012711417633118965
2024-01-29,473.4475958586122,477.029542315143,472.9039969579279,476.8839111328125,61322800.0,0.007888050666608868
2024-01-30,476.19475312019154,477.2237103899132,475.7579187820987,476.5151062011719,58618400.0,-0.0007736633735321996
2024-01-31,474.31155855924624,474.75807991768903,468.7202212489611,468.7396545410156,126011100.0,-0.01645191827906883
2024-02-01,470.43839078044346,474.9036930669608,469.6326794127357,474.87457275390625,91891600.0,0.013003205076593046
2024-02-02,475.31136898916844,481.523949196212,474.97161226030033,479.8737487792969,99228200.0,0.0104723341235963
2024-02-05,479.2428126687566,479.90289286822576,475.87442477356564,478.12646484375,75757100.0,-0.003647777627159559
2024-02-06,479.068005956652,479.8445969464688,477.64105148827565,479.5145568847656,55918600.0,0.0028989840277512083
2024-02-07,481.75695184930976,483.93134756331705,480.8541628931194,483.5139465332031,70556500.0,0.008305907097740858
2024-02-08,483.513949705615,484.1060726186496,482.69855130751233,483.7275085449219,52343600.0,0.0004415898720386008
2024-02-09,484.2322866772762,486.9599980744067,483.8925299274153,486.523193359375,63979400.0,0.005762825105006711
2024-02-12,486.4940393494017,488.7557959365899,485.59125041968997,486.3096008300781,56502300.0,-0.00043911458167271916
2024-02-13,480.04849815534635,482.53353038052535,476.3500701317823,479.6116638183594,113099200.0,-0.013868717076671037
2024-02-14,482.2423099561509,484.4555426281319,479.9222830533005,483.9701843261719,68387800.0,0.009046559441444368
2024-02-15,484.66912826614583,487.49391729462275,484.1934569596569,487.3094787597656,61683000.0,0.006876099062960471
2024-02-16,487.00856229426716,488.1442842020213,484.144936285217,484.8826904296875,75532900.0,-0.004992414971991749
2024-02-20,483.1450143046399,483.8148110550334,479.97078203566997,482.213134765625,71736700.0,-0.005520781653618526
2024-02-21,480.9124933217148,482.8053731626366,479.106944807319,482.6500549316406,59293400.0,0.0009056624826097873
2024-02-22,489.25091074641995,493.59970240133447,488.2898811137423,492.6387023925781,76402500.0,0.020484183078391685
2024-02-23,494.35685563775104,495.1916873577398,492.25041710535265,492.97845458984375,61321800.0,0.0006894202445964214
2024-02-26,493.41526570907337,493.8521000550051,491.0467146922128,491.17291259765625,50386700.0,-0.0036692404808898135
2024-02-27,491.86214231163,492.30866367947897,489.9692329795254,492.08538818359375,48854500.0,0.001856024703083438
2024-02-28,490.53220860244136,492.0174038220213,490.17304819868775,491.43499755859375,56506600.0,-0.001322576998370975
2024-02-29,493.1920036518268,494.8130838290683,490.5516532421677,493.2016906738281,83924800.0,0.0035885215983289982
2024-03-01,494.0753617325155,498.25911842016706,493.6676477127876,497.8320007324219,76844800.0,0.00934447293084189
2024-03-04,497.03604251314806,499.1424809176813,497.00689257657365,497.298095703125,49799300.0,-0.0010730357416336405
2024-03-05,495.2984545471132,495.745005535815,490.1245478315941,492.32806396484375,72855600.0,-0.010044345482853647
2024-03-06,495.5993458504527,497.0748540345267,493.53174438668293,494.8227844238281,68382400.0,0.005054396243674249
2024-03-07,498.11356939849594,500.78304025779806,494.8810662776538,499.7346496582031,58652100.0,0.009877569664783727
2024-03-08,500.3656691875528,503.0447976060077,496.1624491386697,496.73516845703125,86532500.0,-0.006020233038416205
2024-03-11,495.5314219659159,496.89041928478855,493.6093924281333,496.3079833984375,62557200.0,-0.0008603555326798834
2024-03-12,498.41440902025136,502.2293178339327,495.90022716452177,501.64691162109375,73114400.0,0.01069984061506385
2024-03-13,501.9671962175004,502.1419180781509,499.4239237216424,500.8605651855469,55104100.0,-0.0015687595654022913
2024-03-14,501.8313823905043,501.98673024081194,496.832226949847,499.8705749511719,110171800.0,-0.0019785345286466053
2024-03-15,496.80816405826874,498.2590460217431,494.77306623402836,496.4381408691406,107646300.0,-0.006890329488347364
2024-03-18,500.4985887866016,501.93969410963876,498.97956820958467,499.3885192871094,88893300.0,0.0059255032401059286
2024-03-19,498.6972103635703,502.44605736767124,497.6942371868493,502.1636962890625,60755300.0,0.005541766192918167
2024-03-20,502.22210687375775,506.9446864437559,501.5502289693654,506.808349609375,69594600.0,0.009206768706146819
2024-03-21,509.64186783246885,510.34292670569124,508.2007033176528,508.4831237792969,60256100.0,0.0032991032286787026
2024-03-22,508.3955498176283,508.88241615238655,507.2854803107173,507.51922607421875,79070800.0,-0.0018974326081165709
2024-03-25,506.14624650613894,507.2660628859731,505.961234915521,506.1170654296875,48512100.0,-0.002766596955210531
2024-03-26,507.5386061090331,507.87944816611747,504.78298573958654,505.18218994140625,65463700.0,-0.0018488607593094648
2024-03-27,508.0060617645378,509.466660680705,505.84434446401093,509.42767333984375,82999800.0,0.008368750058721048
2024-03-28,509.46662856862366,510.82981847863687,509.04793070421056,509.3302917480469,96294900.0,-0.0001911770909885231
2024-04-01,510.07035956686866,510.605900605306,507.2854391895369,508.4441833496094,62477500.0,-0.0017412671353216344
2024-04-02,504.62727251731803,505.34782527414643,502.9134932946272,505.2115478515625,74230300.0,-0.006378194011114934
2024-04-03,504.12083842082313,507.2660352902269,504.0721636747669,505.7664489746094,59155800.0,0.0010977512478272432
2024-04-04,509.76856679026787,510.10934946561747,499.2911933332161,499.5930480957031,96858100.0,-0.012281136228992398
2024-04-05,500.9464745680228,506.7693762627344,500.50828302932854,504.8121643066406,74546500.0,0.01039254500200489
2024-04-08,505.51336185898396,506.5162756490336,504.2864491311744,505.0946044921875,48401800.0,0.0005593391422587075
2024-04-09,506.82779978442835,507.0712329255352,500.8393207404325,505.6788024902344,68049200.0,0.0011559426851990562
2024-04-10,499.9922752896709,502.60187193743167,498.638831930463,500.615478515625,82652800.0,-0.010063391596525358
2024-04-11,502.1344876196163,505.8346601112469,498.6290735605831,504.3935546875,70099000.0,0.007518527385080836
2024-04-12,500.85889444352966,502.27081877394835,495.70784003413945,497.4313659667969,92561100.0,-0.013899236606178393
2024-04-15,501.5989207934361,501.7644387082916,490.3522904966187,491.199462890625,92101400.0,-0.012607305857278962
2024-04-16,491.6765860412786,493.19560665785394,489.01828510429004,490.3036193847656,73484000.0,-0.0018254527587405383
2024-04-17,492.7574157801548,492.9229634124424,486.00945537176443,487.4018859863281,75910300.0,-0.00593581994261948
2024-04-18,488.794360179131,490.8878795783521,485.46418121059236,486.3989562988281,74548100.0,-0.0020598257848203124
2024-04-19,486.3210783246666,487.31427501412566,480.8876330360681,482.15350341796875,102212600.0,-0.008766649711717166
2024-04-22,484.7533503648902,489.18385210193054,482.41639776348796,486.5937194824219,67961000.0,0.009166988154221102
2024-04-23,488.5995489497242,492.79633413093177,486.4086505723251,492.3678894042969,64633600.0,0.011796656438735847
2024-04-24,493.25400289949073,494.04272395926796,489.91410708182036,492.13421630859375,55928100.0,-0.00047470309862256247
2024-04-25,486.0678327855915,491.02412816029823,484.42222231211605,490.2646179199219,69122400.0,-0.003806194756390687
2024-04-26,493.0495298783495,496.4868049205615,492.4166096033967,494.90936279296875,64306100.0,0.00942935842541763
2024-04-29,496.6913201679961,497.33398732987405,493.9259228058318,496.662109375,46415400.0,0.003535294140176689
2024-04-30,495.2015209263445,496.1752536684076,488.79437255859375,488.79437255859375,77483600.0,-0.015968039451985338
2024-05-01,488.2100967940072,494.841213980312,486.7397509352648,487.2071533203125,80242800.0,-0.003252496221421808
2024-05-02,490.90730120185356,492.60161619088024,486.4281251448712,491.7641906738281,62550200.0,0.009309915548287905
2024-05-03,497.73318173027803,499.08665465274976,495.20147091341136,497.8597717285156,72756700.0,0.012319140149140225
2024-05-06,500.25513498697876,503.039996024656,499.81694342031363,503.0010681152344,47264700.0,0.01027383908873115
2024-05-07,503.96507290224616,504.9485523975052,502.8842439138016,503.5561218261719,52561300.0,0.0011028757685009362
2024-05-08,501.7254700555243,504.14030789046143,501.60862689782874,503.6047668457031,42047200.0,9.659830939874841e-05
2024-05-09,503.7898682306733,506.54554862676025,503.1374839119154,506.5065612792969,43643700.0,0.005745510094502031
2024-05-10,508.1034582569593,508.9116730396104,505.94180018838176,507.1589660644531,52233200.0,0.0012872192210155765
2024-05-13,508.83382527628623,508.94092162392354,506.0878915638067,507.2271423339844,36716400.0,0.00013441877618281778
2024-05-14,507.4218746415022,510.07045870728615,506.8863334989738,509.5543518066406,57535900.0,0.004577607971540204
2024-05-15,512.0178797101214,516.1562436643347,511.38492968552964,515.8641357421875,59504900.0,0.012306904257913207
2024-05-16,515.9614786446474,517.558414507879,514.6566506998298,514.802734375,50244800.0,-0.0020596407494553578
2024-05-17,514.9195214966393,515.6108930215729,513.4686694664939,515.542724609375,59187600.0,0.0014363927266393083
2024-05-20,515.6595992673854,517.5973177042522,515.2700824401487,516.13671875,37764200.0,0.001151509240750055
2024-05-21,515.3772666864285,517.5584184029028,515.1727614260365,517.402587890625,33437000.0,0.0024495822567635896
2024-05-22,516.7112486575287,517.4220544657823,513.741316563043,515.9127807617188,48390000.0,-0.0028835497978586025
2024-05-23,518.9605372397859,519.0676335599267,510.9369308576571,512.1444091796875,57211200.0,-0.007331087212715895
2024-05-24,513.9847589456947,516.3412347653415,513.0402667962413,515.5330200195312,41291100.0,0.006594721309515062
2024-05-28,516.3411878885217,516.5748741957514,513.2641596915468,515.8932495117188,36269600.0,0.0006985075278292397
2024-05-29,511.87174962966077,513.458938533357,511.5698948988185,512.2807006835938,45190300.0,-0.007027144955959344
2024-05-30,510.7423397089747,511.40447087133504,507.6361297457073,508.8824768066406,46377600.0,-0.006655618800572514
2024-05-31,509.8367770177735,513.6440460717812,504.7441141188356,513.5174560546875,90785800.0,0.009066923524056166
2024-06-03,515.1241421408643,515.4065032558699,508.87273480704334,513.9361572265625,46835700.0,0.0008150269552614069
2024-06-04,512.6312623824123,515.250605333056,511.17066354967966,514.5105590820312,34632700.0,0.0011170280503327822
2024-06-05,516.8281493311971,520.6451650598835,514.84169649016,520.6256713867188,47610400.0,0.011815224437951282
2024-06-06,520.9275073614583,521.3559521321091,518.6879340097541,520.6159057617188,30808500.0,-1.8757654735676046e-05
2024-06-07,519.6421901069427,522.7873872843439,518.55161418802,519.9830322265625,43224500.0,-0.00121636413431283
2024-06-10,519.1747009286601,521.9108869486413,518.5807383516342,521.5895385742188,35686100.0,0.003084773287294335
2024-06-11,520.0414093421914,522.9041857425336,518.0744503489441,522.8457641601562,36383400.0,0.0024055605712183215
2024-06-12,527.4028194115604,529.8274041983666,526.1077383475028,527.139892578125,63251300.0,0.008179449559839557
2024-06-13,528.8828575806059,529.0581223075357,525.4163720846324,528.2012329101562,44760900.0,0.00201136990535479
2024-06-14,526.6725890295746,528.551886156822,525.6696157422205,528.522705078125,40089900.0,0.0006084317130127014
2024-06-17,527.8410283318889,534.1216160104203,527.3833430672393,532.7291259765625,55839500.0,0.00792732281595392
2024-06-18,532.7874995764366,534.2091705580833,532.3688016931667,534.0825805664062,41376400.0,0.0025373836970603806
2024-06-20,535.0077463215187,535.6698774866474,530.8596351285086,532.6318359375,70328200.0,-0.002720026093038965
2024-06-21,531.810221745453,533.0313142277637,530.4621308750893,531.9176635742188,64338600.0,-0.0013417365200020306
2024-06-24,531.7418545665156,534.3012597413704,530.0713785197397,530.1885986328125,45528700.0,-0.0032559199214208224
2024-06-25,531.4096852385123,532.5917242597523,529.8955424418219,532.2302856445312,37936200.0,0.0038434737094737987
2024-06-26,531.1167351250136,533.6077524053179,530.4720243887124,532.8946533203125,38550600.0,0.001247492641729815
2024-06-27,532.7577451835803,534.3110010096894,532.0153114364416,533.734619140625,35041500.0,0.0015749914532335082
2024-06-28,534.5064116818106,537.5543137581463,530.3938098387125,531.6343994140625,76144500.0,-0.003942713577439978
2024-07-01,533.0117876323043,533.2560061424955,529.9737236752046,532.728515625,40297800.0,0.0020559089026094984
2024-07-02,531.126400132376,536.3135986328125,531.0775683576217,536.3135986328125,40434800.0,0.006707119204569822
2024-07-03,536.0010708200014,539.068469909586,535.9620173191718,538.70703125,32789900.0,0.004452819797731044
2024-07-05,539.0097918869257,542.2139076372644,538.3747999305978,541.8134155273438,41488400.0,0.005749808520088039
2024-07-08,542.5949943367658,543.3862600338458,541.3739016175886,542.438720703125,36110500.0,0.0011534314283777399
2024-07-09,543.3959524424528,544.2946598471173,542.6730752067231,542.9661254882812,27289700.0,0.0009718121832870028
2024-07-10,544.1872136667199,548.6808102777995,543.894163387503,548.3389282226562,38701200.0,0.009846643936390637
2024-07-11,548.4560949063842,549.3255270030801,542.9758465360856,543.6107788085938,53054200.0,-0.008660067278262573
2024-07-12,544.7342644743289,550.6345620898736,544.2653840243584,547.0396728515625,53084400.0,0.006287817210343122
2024-07-15,549.0324432768749,551.7774564341378,546.6879221671659,548.5440063476562,40584300.0,0.0027461789912824964
2024-07-16,549.8530274778409,552.090047326324,549.1008154677004,551.7969970703125,36475300.0,0.005912712858358011
2024-07-17,545.8771519032762,547.5476278240299,543.7377955656038,544.0601806640625,57119000.0,-0.014120352748585932
2024-07-18,545.5939606590898,546.5806130354061,537.7008012722223,539.8792114257812,56270400.0,-0.00771443496521778
2024-07-19,539.644738170822,541.2663824595259,535.2390267295067,536.2940673828125,65509100.0,-0.006662788189266041
2024-07-22,540.211436930268,542.4289604616175,538.277245078338,541.8233032226562,43346700.0,0.010257295669400018
2024-07-23,541.7157018138391,543.8648365993427,540.484890622907,540.9733276367188,34439600.0,-0.0015699638072329209
2024-07-24,536.1670544374522,536.4698829953903,527.7952370228695,528.7135009765625,74515300.0,-0.022923276573749173
2024-07-25,528.8308137450439,534.7995603016705,525.0210402154329,525.9588012695312,61158300.0,-0.005223814004411388
2024-07-26,529.7393433023149,534.535769150024,528.9675745637637,531.849365234375,53763800.0,0.011137416104439588
2024-07-29,533.3928583100442,534.3990077101311,530.1691258203317,532.1619873046875,39515800.0,0.0005876292176062863
2024-07-30,533.6273139750385,534.6823548134623,526.0663171509535,529.4658203125,46853600.0,-0.005079318325087049
2024-07-31,536.2842643515584,540.6997538692295,534.9166765387299,538.0719604492188,65663400.0,0.016123694614638435
2024-08-01,539.7912440920945,542.0380422456446,526.955106117804,530.4523315429688,76428700.0,-0.014262208397787322
2024-08-02,523.3603002519518,524.5716145988897,516.3756265717791,520.5762329101562,82789100.0,-0.018793760048189233
2024-08-05,499.80782241877216,511.4717002411795,498.4694800108966,505.4150695800781,146267400.0,-0.029556326608491015
2024-08-06,507.21253555376086,517.4990483238507,505.89377938390135,510.0748291015625,84826300.0,0.009177427039382687
2024-08-07,516.2485672171777,519.2964689099484,506.06955696870784,506.6654357910156,70698300.0,-0.006706542874627974
2024-08-08,511.79405372836936,519.0033889369354,509.77197692780607,518.3782348632812,63276600.0,0.02285426312980135
2024-08-09,517.5576103421191,522.1489300560904,516.3365178449808,520.6640625,45619600.0,0.004399881179276231
2024-08-12,521.8560083095788,523.340816607706,518.6713887529162,520.937744140625,42542100.0,0.0005255014827705956
2024-08-13,524.1222955084382,529.7393216479126,523.878076980635,529.5048217773438,52333100.0,0.016311729682662392
2024-08-14,530.2960214933445,532.3572709257232,527.6291745808618,531.1752319335938,42446900.0,0.003149699160198637
2024-08-15,536.7923373384469,540.5630571909627,536.1866801444643,540.27978515625,60846800.0,0.01699515559574511
2024-08-16,538.6679690791409,542.1847520674191,538.511695437375,541.4911499023438,44430700.0,0.002239596596959235
2024-08-19,541.9013070349608,546.66845703125,541.0514314058853,546.66845703125,39121800.0,0.009515784565098655
2024-08-20,546.2191462607274,547.8700657821756,544.4412283435015,545.779541015625,33732300.0,-0.0016273840281577406
2024-08-21,546.8247103491519,549.110561836859,541.9012278396601,547.655029296875,41514600.0,0.0034304569681712365
2024-08-22,549.5502187339081,550.155875826028,542.1454973391976,543.3568115234375,56121500.0,-0.007879364550006948
2024-08-23,546.5902786774961,550.0679473561338,544.4020310704757,549.130126953125,50639400.0,0.010569223247030263
2024-08-26,550.1559102385648,550.8690092024209,546.1214157161334,547.8211669921875,35788600.0,-0.002386542756158523
2024-08-27,546.5512279111676,549.0618012606642,545.4083020191189,548.5733642578125,32693900.0,0.0013721290323900149
2024-08-28,548.2314695905903,548.661296528156,542.2041141850556,545.3887329101562,41066000.0,-0.005822213314323858
2024-08-29,547.3523779928099,550.6444392611328,544.2947569915759,545.4376831054688,38715200.0,8.974882644318751e-05
2024-08-30,547.8017316610252,551.1524028130747,544.2556737558524,550.6444091796875,62700100.0,0.00950068480339687
2024-09-03,547.508549729637,547.8407131286382,536.8020487007664,539.3126220703125,60600100.0,-0.02079383881791606
2024-09-04,537.4762066412244,541.6083655035815,536.7533292597282,538.2088623046875,47224900.0,-0.0020487018916782052
2024-09-05,538.1500854338868,540.9927622926045,534.4476951362813,536.899658203125,44264300.0,-0.002435483904604641
2024-09-06,537.2221175565589,538.8437022454943,526.9649400293706,527.8636474609375,68493800.0,-0.016973213906034988
2024-09-09,532.0543726925215,535.0436043247605,530.1299001804285,533.7736206054688,40445800.0,0.011133810714933383
2024-09-10,535.678584169421,536.4503527479894,530.8137709847371,536.0986328125,36394600.0,0.004346342957664448
2024-09-11,536.0108196239122,542.5167747623394,527.4729497044474,541.5985107421875,75248600.0,0.01020681127373226
2024-09-12,542.1749203516514,546.4634120914028,539.9573969973035,546.1605834960938,51819600.0,0.00838806961372859
2024-09-13,546.7662020730168,550.0094311099382,546.5122052774053,549.0130004882812,39310500.0,0.005209080065134027
2024-09-16,548.7492552395013,550.0875680057417,546.9518402590558,549.8238525390625,36656100.0,0.0014758372832571732
2024-09-17,552.031423916307,553.477237850398,547.8210997398118,550.0484008789062,49321000.0,0.00040831713367755785
2024-09-18,550.7028435611916,555.5383809459731,547.8601669493836,548.4169921875,59044900.0,-0.0029703437198640445
2024-09-19,557.8048475354702,559.6315971955383,554.9426137920285,557.7755126953125,75315500.0,0.01692064220374132
2024-09-20,556.4096197933483,557.8500005367814,553.7933228326182,556.8113403320312,77503100.0,-0.001730098648055058
2024-09-23,557.8794446150124,558.8495067502496,556.6643550711399,558.2027587890625,44116900.0,0.002495787596560366
2024-09-24,558.9964258828836,559.8587165873663,556.1743944512203,559.7999267578125,46805700.0,0.0028571828599997123
2024-09-25,559.6432621062706,560.3781649949049,557.4581101822776,558.5653686523438,38428600.0,-0.002207791339747439
2024-09-26,562.817932214862,563.1413061737785,558.4281322177342,560.77978515625,48336000.0,0.003956633725089314
2024-09-27,561.8479471107624,562.6611965458859,558.9377006949258,559.966552734375,42100900.0,-0.001451233944932296
2024-09-30,558.9377164538611,562.8180251821971,556.6448529649051,562.2105102539062,63557400.0,0.00399929847870703
2024-10-01,561.8576982708267,562.5043864049716,554.6066335561335,557.1738891601562,72668800.0,-0.008998973160204217
2024-10-02,556.282242548741,558.4281611024765,553.8913563966638,557.4090576171875,38097800.0,0.00042198467364129805
2024-10-03,555.9391917508498,558.3300776437013,554.1068390984451,556.3899536132812,40846500.0,-0.0018299608421714036
2024-10-04,560.828843806913,561.8185225581165,556.6643942780399,561.4461669921875,42939100.0,0.009046492180058027
2024-10-07,559.7999074826037,560.446655391967,555.2239297880301,556.370361328125,49964700.0,-0.009081706026014151
2024-10-08,558.9376805045769,562.2300906410503,558.0656412646009,561.63232421875,37398700.0,0.009413218435385928
2024-10-09,561.6224751598685,566.0809331902332,561.0247685875196,565.5223999023438,37912200.0,0.0069024971379386905
2024-10-10,564.1799148709799,565.9534776371613,562.9256522396411,564.5326538085938,44138100.0,-0.0017516781037806965
2024-10-11,564.4543586951436,568.6482329129351,564.3171624790748,567.913330078125,42268000.0,0.005970591728843341
2024-10-14,569.5202272995722,573.4887501402064,569.0401003876937,572.557861328125,36217200.0,0.008144978955629037
2024-10-15,572.8224884018784,573.1262458468478,566.8942243784207,568.1093139648438,54203600.0,-0.007799943775756974
2024-10-16,568.1093193754714,571.097912292803,567.3058184280349,570.5785522460938,30725400.0,0.004336995633228163
2024-10-17,574.1158386665669,574.3216329805343,570.4413246734956,570.6275024414062,34393700.0,8.578677819207803e-05
2024-10-18,572.3128360166068,573.6062719503354,570.8528388827377,572.8223876953125,37416800.0,0.003839062767152341
2024-10-21,572.0972566282711,573.0771269383695,568.9126781204517,571.8817138671875,36439000.0,-0.0016435234897547348
2024-10-22,569.3536780068462,572.7342428128154,568.697181591541,571.5780029296875,34183800.0,-0.0005312140693382019
2024-10-23,569.5594196255329,570.0003732214365,562.8570804647936,566.355224609375,49314600.0,-0.009179475328915235
2024-10-24,568.3052337104026,568.3836400907534,564.9639018539431,567.5801391601562,34979900.0,0.002160467106629352
2024-10-25,569.8044050522926,572.6950344865168,566.443456997856,567.3840942382812,47268200.0,-0.0003454644966876584
2024-10-28,570.8528957024953,570.9802836348513,568.8343651367928,569.1381225585938,30174700.0,0.003086661548734472
2024-10-29,568.1778707648036,571.1762720247682,566.7864714367279,570.0592651367188,42899700.0,0.001617178530827376
2024-10-30,569.5888588084969,571.5780244818477,567.6291179550885,568.3346557617188,41435800.0,-0.0030299014474856156
2024-10-31,563.9742291931302,564.0428273008541,556.9975564307639,557.1935424804688,60182500.0,-0.01979777529280187
2024-11-01,559.8195584319851,563.9643910438907,559.1336371976272,559.545166015625,45667500.0,0.004211597562201884
2024-11-04,559.6823223393656,560.9757583388703,556.4585705161212,558.3399047851562,38217000.0,-0.0021563248834115547
2024-11-05,559.251198693126,565.1304208425688,559.0356559214524,565.0912475585938,39478300.0,0.012019292924155881
2024-11-06,577.3397109306703,580.014738259286,573.6064067155438,579.1426391601562,68182000.0,0.024561583357670225
2024-11-07,581.1415036340469,584.6396478381987,581.0630972629532,583.6205444335938,47233200.0,0.007702217397189706
2024-11-08,584.1693242787533,587.5695056932594,584.1693242787533,586.148681640625,46444900.0,0.004322461365743317
2024-11-11,587.7360051791314,588.0887441353201,584.9825720146739,586.7071533203125,37586800.0,0.0009523279933443879
2024-11-12,586.6287817012992,587.2264882691159,582.4055428293386,584.8846435546875,43006100.0,-0.0031111710419115435
2024-11-13,585.3451927424278,587.1677373847895,582.9837313260188,585.1688232421875,47388600.0,0.0004857550550502573
2024-11-14,585.296183408181,585.7763103260314,580.7202054727688,581.4060668945312,38904100.0,-0.006450969292049736
2024-11-15,577.8491019104924,578.3194803370213,572.1070761341368,573.9590454101562,75988800.0,-0.012891378731031031
2024-11-18,574.4195885423085,577.6237838402152,573.5573576252949,576.310791015625,37001700.0,0.004089038602607004
2024-11-19,572.9399780116551,579.142513878155,572.2736733921519,578.4174194335938,49412000.0,0.0036487040604726933
2024-11-20,578.495884693383,578.8976052377521,572.8616299600318,578.6134643554688,50032600.0,0.00033887587012218284
2024-11-21,581.4550801704302,583.1404284379229,575.6248397212988,581.7196044921875,46750300.0,0.005353889567877107
2024-11-22,581.7097870344509,584.1497143652956,581.2101034094488,583.5225830078125,38226400.0,0.0030946012319610686
2024-11-25,587.451946771504,588.7649396726674,583.2188992835091,585.5020141601562,42441400.0,0.0033864694529850566
2024-11-26,586.7463470552605,589.2254477201681,586.0310608458545,588.5591430664062,45621300.0,0.00520779653910303
2024-11-27,588.3729502321648,588.7550542016285,585.256969810655,586.7757568359375,34000200.0,-0.003034688409689223
2024-11-29,587.5889978813017,591.2047216811674,587.314665296655,590.4208374023438,30177400.0,0.006192835136758061
2024-12-02,590.8324390421951,592.1552999944694,590.3425038316959,591.4791870117188,31746000.0,0.0017909296393853397
2024-12-03,591.2439870884159,591.9984465923378,590.2151351783115,591.7534790039062,26906600.0,0.00046363154936286785
2024-12-04,593.4388120135218,595.6728850379003,592.772507434092,595.4279174804688,42787600.0,0.0061902085405642635
2024-12-05,595.4281127385539,596.2316137672044,594.0955031426931,594.4482421875,28762200.0,-0.001646684835863477
2024-12-06,595.212403953603,596.8095972909788,594.800875182747,595.574951171875,31241500.0,0.001893592204473942
2024-12-09,595.4574149257465,595.6239761392873,591.9200973185369,592.5079956054688,34742700.0,-0.005162875853526459
2024-12-10,593.184106485161,593.6054435570935,590.0093361336401,590.6658325195312,37234500.0,-0.003113937328071786
2024-12-11,593.5858806768452,596.1825011825678,593.3114882757061,595.2320556640625,28677700.0,0.007700908748182434
2024-12-12,594.369747252086,594.9380289691392,592.1650390625,592.1650390625,31543800.0,-0.005165960799480725
2024-12-13,594.1933425526647,594.9086286959063,590.6755820460321,592.0474243164062,35904700.0,-0.00019863791357993129
2024-12-16,593.8014244521054,595.54562235978,593.0273484159295,594.5755004882812,43695200.0,0.00426096604737987
2024-12-17,592.0278913761272,592.9881452170704,590.7540718346318,592.1258544921875,55773500.0,-0.004128502028305102
2024-12-18,591.822113059209,594.2031909866316,574.0962907751041,574.4784545898438,108248700.0,-0.03025661064131427
2024-12-19,579.456129686489,581.0631314525076,574.057034359764,574.302001953125,85919500.0,-0.00030719993032865203
2024-12-20,571.9778279294948,585.7225012446567,571.132257605004,581.199951171875,125716700.0,0.011939453918031324
2024-12-23,580.9443313472664,585.2800771480029,577.7686569320756,584.6803588867188,57635800.0,0.0059704551547163365
2024-12-24,586.0272244384283,591.2183812455869,585.4471288073329,591.1790161132812,33160100.0,0.01105357244675989
2024-12-26,589.4093887705021,592.3392110668057,588.0133066034633,591.2184448242188,41219100.0,6.669282073870614e-05
2024-12-27,587.4823797773107,587.7183905820746,580.8165297326684,584.9949951171875,64969300.0,-0.01058227626571189
2024-12-30,577.9948725430215,581.7800467977985,574.5734057798932,578.3192749023438,56578800.0,-0.011477196948838099
2024-12-31,579.9807622286955,580.6985158642835,574.583178079053,576.2152709960938,57052700.0,-0.003644769648369693
2025-01-02,579.4695486945864,581.180251846637,570.7291685588775,574.7994995117188,50204000.0,-0.002460041755585993
2025-01-03,577.6408633877121,582.6254735449975,576.5593423217554,581.9864501953125,37888500.0,0.012425882521837194
2025-01-06,586.2337670283534,589.6060270134918,583.608664526265,585.3390502929688,47679400.0,0.005744086485510305
2025-01-07,587.3643786767495,587.6888410122485,576.903513754268,578.7223510742188,60393100.0,-0.011368421757193178
2025-01-08,578.7911897402016,580.6395509433228,575.350100693004,579.56787109375,47304700.0,0.0014599452771517484
2025-01-10,576.0186519228087,576.0874809051687,568.8120114375996,570.7193603515625,73105000.0,-0.015385175179108918
2025-01-13,566.0788468496604,571.9581742427216,565.6658729466735,571.604248046875,47910100.0,0.0015492770451444092
2025-01-14,574.5242667122994,575.1535088845837,568.6154150795988,572.3908081054688,48420600.0,0.0013751111568321556
2025-01-15,580.3937768602567,583.9430001285099,579.2827918470954,582.8025512695312,56900200.0,0.018026462881358663
2025-01-16,584.1690862304802,584.34604932179,580.9836305712422,581.6817016601562,43319700.0,-0.0019250581580586552
2025-01-17,586.9121689712896,589.2717368825727,585.5848557638515,587.521728515625,58070600.0,0.009989836281139393
2025-01-21,590.5597127423754,592.9094994878243,588.5933760531964,592.899658203125,42532900.0,0.00911194418813655
2025-01-22,595.7213382459036,597.5893820777127,595.1707663809229,596.2326049804688,48196000.0,0.005605693510050777
2025-01-23,595.6032899728609,599.48681640625,595.3280340779654,599.48681640625,41152100.0,0.005443115503664469
2025-01-24,599.54587252364,600.4995770008244,596.5865262707722,597.73681640625,34604700.0,-0.002923432512348892
2025-01-27,584.7983708814467,589.5962372876534,584.6312490621345,589.2816162109375,70361100.0,-0.014246355350771879
2025-01-28,590.5105293609671,595.1805787054238,587.1972570477369,594.3449096679688,44433300.0,0.008555611473282456
2025-01-29,593.5584283650862,593.9615610343399,589.1341703360996,591.6806030273438,37177400.0,-0.00449283947743954
2025-01-30,593.7943615542468,596.3898803192325,590.6088457833347,594.8561401367188,39281300.0,0.005352627652579898
2025-01-31,597.2746959271392,599.6933113603776,590.9332488823969,591.6903076171875,66566900.0,-0.005336226049740629
2025-02-03,582.6943020815504,590.1860392450765,580.5510025263411,587.70849609375,65857200.0,-0.00675229895034307
2025-02-04,587.7674745011321,592.1622076462813,587.2267439810199,591.6510009765625,33457800.0,0.0066858656392535494
2025-02-05,590.5302274178379,594.1974260072697,588.5049031019603,594.0499267578125,30653100.0,0.00404643194315376
2025-02-06,595.7901006731433,596.2423796576439,592.4866698522919,596.1145629882812,35771500.0,0.0034695007611694672
2025-02-07,596.6750050236558,597.8941240756534,589.9501076619601,590.6580200195312,50788500.0,-0.009195664775840797
2025-02-10,593.8631053864565,595.3083338092902,592.5947800275039,594.6692504882812,26048700.0,0.006768165857260217
2025-02-11,592.408088766588,595.6623736678141,592.2901133629294,595.1216430664062,30056700.0,0.0007604573246897263
2025-02-12,589.1144530437037,594.3743794070193,588.4360645213627,593.2044067382812,45076100.0,-0.0032267877860412833
2025-02-13,594.3055297285264,599.6736500230521,593.0471055616473,599.4671630859375,40921300.0,0.010502160139902631
2025-02-14,599.6736949390985,600.7060096863363,598.8183432907158,599.437744140625,26910400.0,-4.9076361504739354e-05
2025-02-18,600.5977915687461,601.197509765625,598.1398710820379,601.197509765625,26749000.0,0.002931392992872493
2025-02-19,599.8113366176324,602.908280775238,599.3000698962699,602.6133422851562,31011100.0,0.0023522518840006184
2025-02-20,601.2467721645895,601.3844301402796,596.8028918726411,600.1063232421875,36554000.0,-0.004168922727060123
2025-02-21,599.8899309928074,600.0275889538111,589.3798596850504,589.8419799804688,76519800.0,-0.01725217443558737
2025-02-24,591.8869345556642,592.8799440315161,586.4499856464254,587.1578979492188,50737200.0,-0.004560895433181786
2025-02-25,587.098968367302,587.8265033006376,579.6366946428752,584.2379150390625,58266500.0,-0.004985486418527507
2025-02-26,585.8995163780398,589.4881049123491,581.8980139327481,584.5328979492188,43321600.0,0.0005047746113122283
2025-02-27,586.8040113591791,587.9543615454245,574.8094053796542,575.20263671875,74196700.0,-0.016090672845064283
2025-02-28,575.7039886670112,584.70978328648,572.636508577737,584.1788940429688,88744100.0,0.015484870936497743
2025-03-03,586.1453068357338,587.2858157400013,570.1393571070072,573.9442138671875,74249200.0,-0.017675058124439785
2025-03-04,569.9525173224438,575.5369060706639,562.6180601948478,567.1504516601562,109648200.0,-0.011907587838964675
2025-03-05,566.9832562516485,575.03540599116,563.4340335479696,573.2460327148438,71230500.0,0.010690385651925656
2025-03-06,565.7936477589768,570.4047092717689,560.5238803180225,563.0703125,80094900.0,-0.017910491695462893
2025-03-07,561.2907933786839,567.6715458955733,556.1094773560538,566.2262573242188,81158800.0,0.005589236918639989
2025-03-10,558.0364891964213,559.9536192631458,546.2384702857362,551.1444702148438,99326600.0,-0.026996775065294822
2025-03-11,549.9843938775969,554.5266268117218,542.728606721458,546.5629272460938,88102100.0,-0.008347524273322408
2025-03-12,552.7077615834074,553.6319422779778,544.3705127696392,549.4633178710938,69588200.0,0.00529256923951383
2025-03-13,549.0896174558009,549.6991769603108,540.4279077137791,542.1386108398438,74079400.0,-0.013420307848046093
2025-03-14,546.7496748611676,554.3397648685512,542.2074423986709,553.3369140625,62660300.0,0.020445355558062917
2025-03-17,553.3173439083719,560.1209127085318,552.8847473951123,557.60400390625,49008700.0,0.007681976168321166
2025-03-18,555.2934322950165,555.5097605205915,549.6500559715837,551.5770874023438,66041400.0,-0.010867433400147574
2025-03-19,553.3566775077279,561.3399999727566,552.1768634471969,557.5842895507812,66556000.0,0.010832077298247299
2025-03-20,553.848245552193,560.966374832501,553.1304918485869,555.9718627929688,62958200.0,-0.002895997442686325
2025-03-21,551.5205297947124,557.0526817242638,550.2878724028328,556.1552734375,83763000.0,0.0003298375522347131
2025-03-24,562.880651498493,567.1703352751009,562.2890000340255,566.1151733398438,58766800.0,0.01775001993397574
2025-03-25,567.3182603575567,568.4128457426297,565.7306119858723,567.47607421875,38355700.0,0.002401044531065827
2025-03-26,567.2097618801449,568.3339598573967,559.3207546377017,560.7013549804688,51848300.0,-0.012010168785888266
2025-03-27,559.3108687859911,562.9792883535321,557.101956447335,559.2122802734375,42164200.0,-0.00265926860372378
2025-03-28,557.6838014665011,558.4135249923543,547.3689030262066,547.95068359375,71662700.0,-0.020343861653928184
2025-03-31,542.201606334121,552.93066066187,539.2826520783074,551.6289672851562,95328200.0,0.006690370104205908
2025-04-01,549.715889513425,555.1297110203275,545.9981756472096,553.18701171875,54609600.0,0.002820461499574517
2025-04-02,547.3491617248258,559.5475341360295,547.1125011420022,556.6878051757812,76014500.0,0.006308468331306631
2025-04-03,537.5470145495102,540.3673198616506,529.2537231445312,529.2537231445312,125986000.0,-0.05053664464531158
2025-04-04,516.404523136506,518.5740121118964,498.05273494035157,498.2696838378906,217965100.0,-0.06032648048691723
2025-04-07,482.40291724281104,515.9114550791749,475.115432610906,497.3821716308594,256611400.0,-0.0017827766547531929
2025-04-08,514.6196468974629,517.6963548854247,482.3733480760591,489.591796875,165816600.0,-0.015786711295426383
2025-04-09,486.59399925019795,541.0084228515625,486.20939567811143,541.0084228515625,241867300.0,0.09986287145801089
2025-04-10,524.7866027854379,526.0981670837639,502.25365007002944,517.3019409179688,162331200.0,-0.04480811874838202
2025-04-11,515.7536950429114,528.9874872153164,512.8544826104954,526.5320434570312,97866300.0,0.017685461970366075
2025-04-14,536.5017912856171,536.7286411738348,526.453165817952,531.6401977539062,68034000.0,0.009654749533665984
2025-04-15,532.1825399641931,535.6931457102869,529.3622343758641,530.151123046875,56892900.0,-0.002804836796243976
2025-04-16,524.3033791384568,530.4272422697393,513.0713913810127,518.3668823242188,83484800.0,-0.022478845134469284
2025-04-17,520.3194209498447,523.8004136549424,516.6411308627585,519.1064453125,79868100.0,0.0014257004856924008
2025-04-21,513.9293312369678,514.4618777265953,501.4055507612705,506.7503662109375,69368100.0,-0.024090451079885663
2025-04-22,512.9235348557764,521.9564215250564,511.9867032226325,519.9348754882812,75948100.0,0.025685056289012017
2025-04-23,532.9319549297188,537.8625838932508,526.4728430251603,527.991455078125,90590700.0,0.015376535724403154
2025-04-24,529.2734571828396,539.8348871004667,528.0211182344198,539.1051635742188,64150400.0,0.020830560538646615
2025-04-25,539.0657941930334,543.4047124173812,536.1468396073658,543.0004272460938,61119600.0,0.007199446209049066
2025-04-28,543.7400050325934,545.8700106135369,537.4583875113086,543.2074584960938,47613800.0,0.0003812000542889559
2025-04-29,541.2943585019403,547.7436606136026,540.9393676118534,546.6293334960938,47775100.0,0.006279630619775341
2025-04-30,539.9729835885655,548.7988227140515,534.0069337400583,546.8462524414062,93101500.0,0.00039675133299295497
2025-05-01,552.5954041380958,556.2440822591161,550.1202183270924,550.7217407226562,63186100.0,0.007061985064770549
2025-05-02,556.8948640346016,560.4942476694231,554.5774922291787,558.896728515625,60717300.0,0.014735038993647611
2025-05-05,554.7647508459208,558.78816061684,553.9068262887279,555.6917114257812,38659200.0,-0.005751048205231671
2025-05-06,550.1891944565425,555.533979770925,549.2326812616892,551.047119140625,48264700.0,-0.008393343440716216
2025-05-07,552.3784371058738,555.9975022415719,548.3254139860352,553.3645629882812,55588000.0,0.004196709046927182
2025-05-08,557.3977713110521,562.3974366423718,553.9069074354913,557.2202758789062,65130800.0,0.006943599889265658
2025-05-09,558.6205786168767,559.6264462916283,554.9522191721212,556.5103149414062,37603400.0,-0.0012749241863656922
2025-05-12,573.4026196086874,574.9114211824733,569.0340889310521,574.9015502929688,78993600.0,0.032513103328074035
2025-05-13,575.3157161654024,580.907093658496,574.7536773375426,578.6981811523438,67947200.0,0.006582256329715443
2025-05-14,579.6547240062519,580.8084745781977,577.4161987168885,579.4378051757812,66283500.0,0.0012772664569985568
2025-05-15,577.4358426248243,582.770756919371,576.9822030720642,582.2678833007812,71268100.0,0.004872290377370024
2025-05-16,583.0468496173695,586.251758304484,581.104210780506,585.9559326171875,76052100.0,0.0063139640170032955
2025-05-19,579.9405744991373,587.2773530559552,579.9405744991373,586.596923828125,68168500.0,0.0010933260215357885
2025-05-20,584.8614155899625,585.8080578995526,581.419785763877,584.6246948242188,60614500.0,-0.0033678184156015266
2025-05-21,580.2759146876367,584.3584902721909,573.7477661832594,574.7733154296875,95197700.0,-0.016994365011937837
2025-05-22,574.5760350084579,578.4811148637216,573.3433777523152,575.0001220703125,70860400.0,0.000394524062166623
2025-05-23,567.988738706783,573.7378691727489,567.6140060747297,571.0753173828125,76029000.0,-0.006849147787943921
2025-05-27,577.9388882200049,583.1061789745086,570.404870923911,582.9484252929688,72588500.0,0.020577612797182336
2025-05-28,583.3526236048898,584.545857588394,578.8460211072919,579.5757446289062,68445500.0,-0.005802356998251442
2025-05-29,584.8318350718904,584.9699071457442,577.9388245287198,581.8635864257812,69973300.0,0.003939671569296213
2025-05-30,580.7591899526665,582.928679235147,575.1481304892388,581.2128295898438,90601200.0,-0.0011190269098129057
2025-06-02,579.6052986473595,584.5654800276525,576.9427470010985,584.4866333007812,61630500.0,0.005616906282329672
2025-06-03,584.121791379625,588.7960181097066,583.6385391723649,587.8197631835938,63606200.0,0.005686463665882907
2025-06-04,588.6776647088699,589.6539195966438,587.2280285207049,587.6619262695312,57314200.0,-0.00026854848770040476
2025-06-05,589.3383724752952,590.6893600195378,582.8496477946317,584.8218994140625,92278700.0,-0.004844471791619437
2025-06-06,590.3540722792903,592.4940086999786,588.5790577947733,590.8274536132812,66588700.0,0.010216662684454049
2025-06-09,591.3994087206146,592.9082102708385,590.1864930975049,591.3599853515625,53016400.0,0.0009009261251625337
2025-06-10,591.8924030034493,595.0973118762876,590.7781362147839,594.7127685546875,66247000.0,0.005653602820836043
2025-06-11,595.8074157747775,596.6653405011278,590.9556931519085,593.0166625976562,73658200.0,-0.002856049644768554
2025-06-12,591.6854337777163,595.37353515625,591.2022416981604,595.37353515625,64129000.0,0.00396650132781289
2025-06-13,590.1962907494013,593.4997881009825,587.2181715759101,588.7171020507812,89506000.0,-0.01124323259772184
2025-06-16,592.0699627819344,596.0637602908375,591.892407169678,594.3182983398438,79984100.0,0.00946926548552021
2025-06-17,591.8826171802143,593.4012293190596,588.4804709653109,589.2398071289062,82209400.0,-0.008581788009291273
2025-06-18,590.1371267775953,592.8785252065284,588.1944276516227,589.1510009765625,76605000.0,-0.0001507244488008549
2025-06-20,591.8224395288368,592.8906208578056,586.3629131433069,587.7673950195312,94051400.0,-0.0023512362440002437
2025-06-23,588.5190130228361,593.9587392448562,585.4035696790836,593.5730590820312,87426000.0,0.009829022247643619
2025-06-24,597.7072083922786,601.1885919192599,596.7972471416377,600.13037109375,67735300.0,0.010986611589662867
2025-06-25,601.247995602986,601.940336500435,598.903972841808,600.4666748046875,62114800.0,0.0005602274649639028
2025-06-26,602.3161684365299,605.5997923429508,601.7029677445283,605.1646118164062,78548400.0,0.007793362434847595
2025-06-27,606.1636033457827,609.6351477759472,604.1360808658505,608.1713256835938,86258400.0,0.004956121266641941
2025-06-30,610.6142811588834,612.4340832221852,608.2998981128763,611.0791015625,92502500.0,0.004769785315288907
2025-07-01,609.6053849111585,612.0483479268365,608.7746241554748,610.8812866210938,70030100.0,-0.00032376653948382644
2025-07-02,610.4757300098587,613.6901136433279,609.8526292762224,613.6505737304688,66510400.0,0.00452302127882086
2025-07-03,615.628656191773,619.4167005776212,615.6088560521965,618.4869995117188,51065800.0,0.007850504238325978
2025-07-07,616.5286747873084,617.1913758193931,611.0988485499288,613.8780517578125,74814500.0,-0.007479876580079352
2025-07-08,614.5406899285775,615.2923708557059,612.7307881009865,613.5418090820312,59024600.0,-0.0005478853567877983
2025-07-09,615.945166968477,617.8737488887257,614.1055045789822,617.2210083007812,66113300.0,0.005978747694233981
2025-07-10,617.3594891460615,620.0002120765442,616.1825277796053,618.9617309570312,57529000.0,0.0028162888082995893
2025-07-11,615.9154056597896,618.0121678287132,614.7187046395575,616.7857666015625,63670200.0,-0.003521701008814372
2025-07-14,616.3307657158283,618.3088477245484,614.985684437804,617.9627075195312,51898500.0,0.001906366031747627
2025-07-15,620.6430672331502,620.9793073894895,615.2428812967698,615.322021484375,74317300.0,-0.004282368878185308
2025-07-16,616.9044910111767,617.8836320494379,611.276844692317,617.3792114257812,88987500.0,0.0033376974019010464
2025-07-17,617.557284919235,621.5134493059918,617.3396644874989,621.1573486328125,68885700.0,0.0061009889381351675
2025-07-18,622.4035753929759,622.5716954836944,619.5947323692288,620.7024536132812,65621600.0,-0.0007326028897206542
2025-07-21,621.87939453125,624.6189973413707,621.4541141003111,621.87939453125,63375000.0,0.0018943480812726298
2025-07-22,622.2058050575365,622.828905853138,619.3277216791315,621.9684448242188,60046300.0,0.00014318518761442616
2025-07-23,624.6289433239532,627.2598266601562,622.8288811376781,627.2598266601562,70511000.0,0.008471491723121317
2025-07-24,627.6454884244192,629.1785504969665,627.0421878119985,627.4674682617188,71307100.0,0.00033097487286408054
2025-07-25,628.1301809903662,630.5928838363332,627.8829206987424,630.1181030273438,56865400.0,0.004215440684552298
2025-07-28,630.4938993278172,631.0477599275997,628.5751571845921,629.9598388671875,54917100.0,-0.00025119741521783395
2025-07-29,631.3543820995848,631.6708825055948,627.3883778702398,628.2982788085938,60556300.0,-0.0026410495605851667
2025-07-30,628.9509803708415,630.6917023127537,624.6189756546709,627.5070190429688,80418900.0,-0.0012601632939269942
2025-07-31,632.4522656090571,632.8379457731452,623.8574957354674,625.1531372070312,103385200.0,-0.003758217413957386
2025-08-01,619.4364414435403,619.476041722763,612.5032535330552,614.9066162109375,140103600.0,-0.016526226537602218
2025-08-04,618.813325728958,624.3024917393647,618.7243458354196,624.2530517578125,73218000.0,0.015085405109181525
2025-08-05,624.866279158634,625.6773001361546,620.1683337507773,621.088134765625,68051400.0,-0.00508282202541377
2025-08-06,622.1562946160922,626.4981995520814,621.2463937026511,625.845458984375,64357500.0,0.007630474189105244
2025-08-07,629.2674923107387,629.9993730574174,622.2156245224251,625.3212280273438,74205800.0,-0.0008379874450790588
2025-08-08,627.1114011688534,630.6620853000642,626.7949007710238,630.1972045898438,64051600.0,0.007767311017072898
2025-08-11,630.4742118551501,631.947873553624,627.70484826023,628.9510498046875,58742300.0,-0.0019793621405001806
2025-08-12,631.2951060550639,635.8051316570012,629.8115442075018,635.6469116210938,64730800.0,0.010589807346852703
2025-08-13,637.8425547169825,639.1085564704525,635.6370120856271,637.8228149414062,60092800.0,0.003417286477118479
2025-08-14,635.7457174616427,638.5447207235369,635.300697252298,637.882080078125,59327500.0,9.291355233127299e-05
2025-08-15,638.9106535836406,639.0095939138803,635.4787099260534,636.3886108398438,68592500.0,-0.002344038723875428
2025-08-18,635.814941575414,636.942462907598,635.1424008771667,636.2501220703125,43804900.0,-0.0002176403507085673
2025-08-19,636.0721245937336,637.0512656505922,631.4829592777961,632.7984008789062,69750700.0,-0.005439870329590304
2025-08-20,632.3929060531275,632.6500060324975,626.013578858981,631.1170043945312,88890300.0,-0.002660617109700641
2025-08-21,629.3071240874224,630.9785456585483,626.864161086776,628.5850830078125,54805800.0,-0.0040198787023870254
2025-08-22,630.7709103705197,639.4151205943501,630.2664897119097,638.2381591796875,84083200.0,0.015240110357538828
2025-08-25,636.9820009718095,638.2183023325629,635.3105191174199,635.42919921875,51274300.0,-0.004410829085847295
2025-08-26,635.1622594491828,638.4359833484747,634.5391586749303,638.0897827148438,51581600.0,0.0041783238485304415
2025-08-27,637.5062787617181,640.2755819843173,637.3578984386413,639.543701171875,48341100.0,0.0022759564506928394
2025-08-28,640.146950913372,642.3623933153343,638.267809046051,641.8085327148438,61519500.0,0.0035350684092173997
2025-08-29,640.374419619015,640.7404203673219,636.0919150690585,637.98095703125,74522200.0,-0.005981588576274999
2025-09-02,630.5136938017484,633.4709169972102,627.9619508913343,633.2533569335938,81983500.0,-0.007437844999217563
2025-09-03,635.6270824559713,637.1502445176759,633.4413400681225,636.6853637695312,70820900.0,0.005405009131919811
2025-09-04,637.3577818657208,642.0359868267901,636.4577811203425,642.0062866210938,65219200.0,0.00832249676807885
2025-09-05,644.3404359625918,645.062476969223,636.2797877246134,640.1469116210938,85178900.0,-0.002900396467469386
2025-09-08,641.5118230975241,642.718484610511,640.1370415028089,641.7195434570312,63133100.0,0.0024536606269762867
2025-09-09,641.8580441132016,643.7273464852004,640.1272219983028,643.2031860351562,66133900.0,0.0023093112191371395
2025-09-10,646.4570213518696,647.3768223058731,643.4997982019892,645.0625,78034500.0,0.002886540060796159
2025-09-11,647.0109525903231,651.1154976382888,646.4274520986086,650.4231567382812,69934400.0,0.00827595011479291
2025-09-12,650.3934256012134,651.8868873722256,649.7011451004063,650.2055053710938,72780100.0,-0.00033468641059504023
2025-09-15,652.4111340519337,653.795755474802,652.1144337731963,653.6671752929688,63772400.0,0.005309840610233649
2025-09-16,654.2209512044083,654.5276118800496,651.9857691498868,652.76708984375,61169000.0,-0.0013779271038015764
2025-09-17,652.7770978636573,654.4683196962441,647.1296508296768,651.9561767578125,101952200.0,-0.001243042430699064
2025-09-18,654.6364399867887,657.603563340362,653.0341982051615,655.0023803710938,90459200.0,0.004661523676907058
2025-09-19,656.8877828567474,659.0895125014193,654.9438659954435,658.2465209960938,97945600.0,0.004940643347549601
2025-09-22,656.7588293222589,661.8069717744121,656.7290467709187,661.3607177734375,69452200.0,0.004719893112429032
2025-09-23,661.2417286303936,661.8566899635472,656.540685502851,657.7606201171875,81708900.0,-0.005458340322640168
2025-09-24,659.0498612769777,659.1490153831234,654.2496039734066,655.6678466796875,68082200.0,-0.0031867364861726762
2025-09-25,652.5338627083877,653.9917550046746,649.0328388399253,652.6429443359375,89622100.0,-0.0046241424508109445
2025-09-26,654.0909412604747,656.9274266555326,652.4743298182361,656.3819580078125,69179200.0,0.005712685577890228
2025-09-29,658.9010899003678,659.8135740530697,656.4216318338509,658.2266845703125,73499000.0,0.0028065048617203843
2025-09-30,657.4828203674869,661.1722852976668,656.173659297658,660.7061157226562,86288000.0,0.003759757999068319
2025-10-01,657.7208749627936,663.8699431635192,657.611793334362,662.95751953125,72545400.0,0.0034017796058662298
2025-10-02,664.9410037342527,665.0600128657511,661.3011766397112,663.7210693359375,56896000.0,0.0011510698904782946
2025-10-03,664.4848631838105,667.1527626006609,662.6698828508305,663.7113037109375,70494400.0,-1.4713555580661802e-05
2025-10-06,666.1014192164715,666.9841207809839,663.9591941673339,666.0914916992188,54623300.0,0.0035797646662827694
2025-10-07,667.0138297258598,667.4601442579947,662.1838505424819,663.6219482421875,72020100.0,-0.003714403753721363
2025-10-08,664.7426772273783,667.6783772359653,663.919480237528,667.5791625976562,60702200.0,0.005945346619066807
2025-10-09,667.9957845708525,668.4023890582872,663.7112737749407,665.6452026367188,66501900.0,-0.002901179078111572
2025-10-10,666.6071968358344,668.4122493878771,647.4757221413303,647.6542358398438,159422600.0,-0.027399832538963102
2025-10-13,655.2216030747315,659.664772492732,654.3488290056752,657.5919189453125,79560500.0,0.015227587680655873
2025-10-14,651.7701536094826,660.3590300864076,647.8030207789583,656.78857421875,88779600.0,-0.0012223931057610573
2025-10-15,661.3408732132422,664.7228272522149,653.5156893256119,659.7044067382812,81702600.0,0.004429704266786335
2025-10-16,661.340821247798,663.2153058553965,651.7105854492366,655.2116088867188,110563300.0,-0.0068336156560533596
2025-10-17,654.0810128478913,660.2895852935891,652.7322022395391,658.9308471679688,96500900.0,0.005660342521182839
2025-10-20,661.8367798071084,666.6866142382812,661.7872027532737,665.7840576171875,60493400.0,0.010346787167762106
2025-10-21,665.9229005771253,667.4601523988813,664.4748753427003,665.7741088867188,56249000.0,-1.4942990429156014e-05
2025-10-22,666.4783066993808,666.4783066993808,657.8497808005621,662.3128051757812,80564000.0,-0.005212477453439929
2025-10-23,662.6301900162397,667.1825015615415,662.3128121266341,666.2402954101562,65604500.0,0.005912449677416068
2025-10-24,670.9016937183009,672.8951271271609,670.0983517375236,671.6851806640625,74356500.0,0.008139340211438471
2025-10-27,677.1201724129126,679.9070809796764,676.515199146416,679.6095581054688,63339800.0,0.011728704412554258
2025-10-28,681.4046232640447,683.2493254549719,679.2028936555786,681.41455078125,61738100.0,0.0026524052325165312
2025-10-29,683.0609104229828,684.0328991417463,677.2590027977353,681.7418823242188,85657100.0,0.00048025529764689906
2025-10-30,678.2805836148408,680.3037996369978,674.2440185546875,674.2440185546875,76335800.0,-0.011059023816543079
2025-10-31,679.4111219213156,679.4508319897004,673.6587916341136,676.4556274414062,87164100.0,0.0032747633713081084
2025-11-03,680.0359087204932,680.1648453676048,674.3530108656404,677.72509765625,57315000.0,0.0018748909406077331
2025-11-04,670.5544968959969,674.3728983771498,669.0371001406891,669.691650390625,78427000.0,-0.01192436188279818
2025-11-05,669.4337786331213,675.2654684624238,668.6304366940664,672.012451171875,74402400.0,0.0034594857288829657
2025-11-06,670.9115428502156,671.8140994484131,663.2252231578799,664.8021850585938,85035300.0,-0.010787338554332244
2025-11-07,662.4218719882706,665.5658682287408,655.7769731606511,665.4567260742188,100592400.0,0.0009840807123627038
2025-11-10,671.6751969912248,676.5746080726943,669.4833950163819,675.8406982421875,75842900.0,0.015483783745324687
2025-11-11,674.3630127379913,677.9532631527235,673.1530057317516,677.387939453125,58953400.0,0.0022867412676202815
2025-11-12,679.1632192686196,679.3318660026857,675.3548055474994,677.7648315429688,62312500.0,0.0005562355885295636
2025-11-13,674.9085136071693,675.265541055433,665.0105359672095,666.5180053710938,103457800.0,-0.016733217576366387
2025-11-14,659.9126462553079,670.1081450818862,657.8199984349773,666.4088134765625,96846700.0,-0.00016383779399072634
2025-11-17,664.1972328051172,668.1742931923078,656.7290761218832,660.2003173828125,90456100.0,-0.00936001611387412
2025-11-18,656.6596108350068,659.6548153709225,650.4708935566339,654.65625,114467500.0,-0.008433011441929867
2025-11-19,655.3505280387882,661.856623370592,653.3371790986623,657.185302734375,94703000.0,0.0038557337390654808
2025-11-20,667.3808213360044,670.0090710879778,646.5335791707308,647.1683349609375,165293500.0,-0.015359584109870688
2025-11-21,649.6675301260088,659.0894699034471,645.5020288545189,653.6148681640625,123956200.0,0.009911853052476355
2025-11-24,657.2448196444445,664.5542570793402,656.1538823239337,663.2351684570312,80437900.0,0.014611339452438529
2025-11-25,663.1360620641211,670.6537963067218,659.0201372218106,669.4735717773438,81077100.0,0.009362058936483453
2025-11-26,672.0620713400136,676.0986363282427,671.1595147067713,674.09521484375,71879600.0,0.006879679464035952
2025-11-28,675.2654787466182,678.0523870500939,674.9084513312986,677.7747192382812,49212000.0,0.005443590966696786
2025-12-01,673.2323336611282,677.3779800628074,673.1629015749381,674.6803588867188,61201200.0,-0.004575923889866952
2025-12-02,676.316742094939,678.2011542749951,673.748057660358,675.9299926757812,62953800.0,0.001850473223761602
2025-12-03,674.9779023816353,679.2822075879724,674.105128319461,678.2706298828125,57238500.0,0.0034568578671407297
2025-12-04,679.6689755171525,679.7384076011712,675.7415530139849,678.7664794921875,61970300.0,0.0007307827148079579
2025-12-05,679.8375623637357,682.7336127271673,678.9549213715281,680.0557861328125,79241000.0,0.0018976831042035792
2025-12-08,680.9483951231146,680.997972172105,675.9696245182643,678.0126953125,55231500.0,-0.003008820820994432
2025-12-09,677.5367544682442,679.7583392727543,676.9813582671167,677.4276123046875,58310100.0,-0.0008633106760412765
2025-12-10,676.9515664343469,683.3088703732143,675.711837383319,681.92041015625,85671300.0,0.006610248643996283
2025-12-11,679.51034738166,683.5865617528303,676.5647198382891,683.5072021484375,86173700.0,0.002324242885119065
2025-12-12,682.5154459360199,683.2196338188487,673.5893968987631,676.1581420898438,113160300.0,-0.010810206581406788
2025-12-15,680.1054404790556,680.1252955149479,673.6687768311533,675.1365966796875,90811000.0,-0.001511950835671096
2025-12-16,673.6488975485244,675.4837328267965,669.4338188610296,673.2918701171875,122030600.0,-0.0027361150535985287
2025-12-17,674.3034691132465,674.8489377460819,665.6848710067972,665.8832397460938,110625200.0,-0.011064581322954193
2025-12-18,672.0322799303326,675.1464937426624,669.3545136860721,670.9115600585938,108650100.0,0.007522985619272264
2025-12-19,673.0134542661981,677.4896664833268,672.8940327515619,676.9923095703125,103599500.0,0.00902258818306423
2025-12-22,680.3245900087294,681.7370666700199,676.9923229108747,681.2098999023438,69556700.0,0.006210568439740869
2025-12-23,680.3046207584179,684.562024812114,680.2548972126992,684.3233032226562,64840000.0,0.0045599897652677645
2025-12-24,684.313382495532,687.1781631452748,684.164151137988,686.7305297851562,39445600.0,0.003511501850767283
2025-12-26,686.989161229118,688.0037280321676,685.6264081645946,686.660888671875,41613300.0,-0.00010141480775991423
2025-12-29,683.9055083361335,685.5567672531378,682.4433081832867,684.2138671875,62559500.0,-0.003570018446780222
2025-12-30,683.8160334465714,684.9201512250444,682.9506372729019,683.3783569335938,47160700.0,-0.0012218705884970561
2025-12-31,683.5076844111845,683.726492314561,678.1063955310838,678.3152465820312,74144800.0,-0.007436524151640613
2026-01-02,682.0852055985325,683.2390468658663,676.2263268834449,679.55859375,89377200.0,0.0018313152201985445
2026-01-05,682.910778712987,685.7855161168121,682.7516512212146,684.0845336914062,71927200.0,0.006638036696537511
2026-01-06,684.2934596862484,688.6602678554459,684.1442890432024,688.1529541015625,69273800.0,0.00592963297825362
2026-01-07,688.5309418430683,690.2916046822218,685.6761181181482,685.9347534179688,75588300.0,-0.0032286186657920035
2026-01-08,685.1787573638412,686.9692300361542,683.8557710289468,685.8651123046875,64019200.0,-0.00010153246851990349
2026-01-09,686.9791831428475,691.6344363504869,685.5368360184962,690.4010009765625,80125500.0,0.006591610519991714
2026-01-12,687.0289310253164,692.410366767912,686.979207477028,691.4852294921875,63976000.0,0.0015692011602722827
2026-01-13,691.813478661017,692.4103433578374,687.6953490317495,690.1026000976562,78309700.0,-0.0020015084477309304
2026-01-14,687.3472637531122,688.0634285762314,682.4134612479594,686.7106323242188,94676700.0,-0.004927283608422652
2026-01-15,690.8983886882239,691.7737417111902,687.5959315038539,688.5806884765625,77862000.0,0.002719507171453582
2026-01-16,689.9931507530615,690.5800586110835,686.4519720383781,688.0037231445312,79289200.0,-0.0008382564279319575
2026-01-20,677.8874730475171,681.1501633341576,672.9934983300664,673.9981689453125,111623300.0,-0.020566855255717744
2026-01-21,676.0572511802958,685.0991655259935,674.5452667925615,681.77685546875,127844500.0,0.011475018699616915
2026-01-22,686.2033478813381,687.476610793547,683.2888434897402,685.3379516601562,77112200.0,0.005209663778086045
2026-01-23,684.5123006998919,687.3074439470811,683.5274830754288,685.5865478515625,63059600.0,0.00036266941646986676
2026-01-26,686.8399050563427,690.4606777697717,686.272910918868,689.0680541992188,60473800.0,0.0050652924542125026
2026-01-27,690.5104039402848,692.8480177488461,689.9036431059924,691.8134765625,55506100.0,0.003976338186157654
2026-01-28,693.3652237572153,694.1510864943795,690.271678492269,691.7438354492188,61172200.0,-0.00010066964734378686
2026-01-29,692.7087686795362,693.375209936545,681.2098793986574,690.3711547851562,97486200.0,-0.001986348639724907
2026-01-30,688.1330315570439,690.5402826440542,683.487735152998,688.3120727539062,101835100.0,-0.002987029248062552
2026-02-02,685.9348095869553,693.2459322689688,685.7756213682558,691.7339477539062,79286500.0,0.004959083917283966
2026-02-03,692.529690413304,693.2757257351432,680.4140840721383,685.885009765625,107904600.0,-0.008491423699952339
2026-02-04,686.7006659106327,687.7948875474046,678.1561081391175,682.5626831054688,105204600.0,-0.004855623207264491
2026-02-05,677.3404209861714,680.0758839506523,672.2176206040476,674.0379638671875,113610800.0,-0.012567930681256348
2026-02-06,677.8576866055596,688.6503070282812,677.2508650473027,686.96923828125,89127600.0,0.01900307879815714
2026-02-09,685.7755944360715,692.1915108078678,684.7013472083629,690.2816772460938,73885200.0,0.004810227845211307
2026-02-10,691.276360737094,692.8579216647231,688.0037135108784,688.4613037109375,65185700.0,-0.0026406293530787414
2026-02-11,692.7087599208829,693.4547952732178,685.5368515439336,688.3021850585938,76353900.0,-0.00023114885650317492
2026-02-12,690.5701102294341,691.6742279947084,676.7734344520502,677.668701171875,118829000.0,-0.015569436795382833
2026-02-13,678.0864377658819,682.6522007204912,673.9384983110481,678.1461181640625,96267500.0,0.0007042510601164912
2026-02-17,676.5446598627462,681.31927396984,672.2077222570326,679.2402954101562,81354700.0,0.0016121827537749706
2026-02-18,680.4041503420104,685.507036973797,679.2204384959671,682.662109375,73570300.0,0.005025060758005965
2026-02-19,680.225062656192,682.5526587813481,677.9471293624403,680.8616333007812,58649400.0,-0.0026409178869583627
2026-02-20,678.7131823752115,686.4122580979458,678.126274472082,685.7855834960938,100034000.0,0.007205914505516996
2026-02-23,684.1940214696967,686.3525334522094,676.7734345413753,678.7827758789062,90558100.0,-0.010263859697353819
2026-02-24,678.295350173768,684.7112054782021,676.4053697086953,683.7164916992188,73798700.0,0.007242187209707843
2026-02-25,686.53156929616,690.0130676270821,686.4519751919497,689.4859008789062,56369500.0,0.0084029028181233
2026-02-26,689.615191050754,689.6350440416309,680.7323436648176,685.6561889648438,71671000.0,-0.005569928872744709
2026-02-27,679.4790749097389,683.2291046432514,678.0367277603054,682.3637084960938,83308900.0,-0.004813507218789428
2026-03-02,675.1123137702438,684.9798583327654,674.4359156260907,682.751708984375,87477200.0,0.0005684508339162843
2026-03-03,671.4915420947397,679.0016196644848,666.1200629162043,676.7337036132812,105003100.0,-0.008853415600299437
2026-03-04,678.026741603972,683.4579005621853,676.0273572426378,681.5082397460938,79182200.0,0.0070304938268057815
2026-03-05,678.474445192334,681.9062201445739,672.0386149612469,677.70849609375,106606500.0,-0.005591092944311655
2026-03-06,669.8502072585248,672.5359467168151,666.2195382406165,668.82568359375,100687000.0,-0.01319378518665267
2026-03-09,662.8673651303956,676.3258117079225,658.888509802078,674.6845703125,102667700.0,0.008721814875851091
2026-03-10,674.1374043547928,679.7476047325034,671.1930903760745,673.6002807617188,81505300.0,-0.0016083986757950827
2026-03-11,673.9982140650914,676.4849986405864,669.7806371390539,672.7548217773438,68441700.0,-0.0012559228897518618
2026-03-12,667.6120785283837,668.0995392824933,662.3500644519811,662.5390625,108882200.0,-0.015301438459733196
2026-03-13,665.7321452917186,668.7859240392634,657.863924887251,658.7890014648438,97200200.0,-0.005676215023587526
2026-03-16,664.8468199428278,668.5173163233716,663.5934708305671,665.493408203125,82023100.0,0.010125429394262926
2026-03-17,668.8355969918504,670.8747480492216,666.1598145596139,667.2440185546875,87128000.0,0.0026270911632708125
2026-03-18,664.8268919718373,666.1796881508768,657.6948111200146,657.9335327148438,82062600.0,-0.014051911808400095
2026-03-19,653.4971375917409,659.4753776238247,651.7066647804095,656.3121948242188,111272500.0,-0.00246732963124216
2026-03-20,654.8230422006715,655.0025723674255,643.063298812559,646.9034423828125,163617500.0,-0.014439538092530124
2026-03-23,656.3790129905765,660.9173090129275,652.2596206790361,653.6959228515625,134802700.0,0.010445249178190171
2026-03-24,649.6463809650626,655.3417305137531,648.2100787416998,651.5015869140625,96457500.0,-0.0033624612191459923
2026-03-25,656.9774239230809,659.1917509309695,652.5588148295345,655.1322021484375,90653800.0,0.005557218263225205
2026-03-26,650.3844333840033,653.1672421520028,643.1630473705688,643.432373046875,96494400.0,-0.018020121487025215
2026-03-27,640.8489947137006,641.0085567819559,631.4831091918358,632.4606323242188,103649400.0,-0.017198951843375027
2026-03-30,638.4651675144013,638.7245091624994,627.6630399662237,630.3460693359375,99275900.0,-0.0033489923071651985
2026-03-31,637.2981538716512,649.865752001465,636.3405988140365,648.6688842773438,152534100.0,0.028653407820692582
2026-04-01,652.219751792706,656.8278752918841,651.3220400966815,653.5562744140625,97841500.0,0.007506248903134024
2026-04-02,644.7589215344626,656.5086804928782,643.4522901873171,654.144775390625,68358700.0,0.0009000543608632609
2026-04-06,654.1746977251443,658.0247645183308,653.8356054757206,657.23681640625,39105800.0,0.00471570863127598
2026-04-07,654.9626585699763,657.9150134208243,649.386996170508,657.5260009765625,69980400.0,0.00043990379276420265
2026-04-08,674.6519776493207,675.3402070755335,669.734652974974,674.27294921875,93606100.0,0.025150689620180074
2026-04-09,673.1059235004034,679.4096297331154,672.0386657215836,678.162841796875,57134400.0,0.005752440641581351
2026-04-10,679.5692561407437,680.2774536083281,676.7066358948267,677.7140502929688,42253500.0,-0.000661994496571573
2026-04-13,675.669302461078,684.536473353906,674.8414790590384,684.3369750976562,54185800.0,0.00972500571340668
2026-04-14,685.9229138241225,692.7952238870419,685.8929616905456,692.675537109375,63480500.0,0.012111239170364246
2026-04-15,693.4734516118131,698.480571570673,692.4161778504387,698.1414184570312,58240400.0,0.007859998349511583
2026-04-16,699.2585607342904,700.9741726960574,696.7350934539525,699.8569946289062,49972400.0,0.0024543333053888188
2026-04-17,704.3255249385737,710.5594650064761,703.9464965121796,708.3152465820312,70661900.0,0.012013237341879625
2026-04-20,706.9587079747221,708.0857482546458,704.3254772575062,706.8988037109375,43546800.0,-0.0020017372548961723
2026-04-21,708.4548936431559,709.4523240430285,700.8345107773317,702.2708129882812,58941400.0,-0.006568417750443915
2026-04-22,707.3278031045794,709.6218808832724,706.4001392457644,709.3825073242188,42518500.0,0.010075780503951338
2026-04-23,707.6768673789517,710.5295037064266,700.4754491270062,706.6295776367188,56174000.0,-0.0038882904816336587
2026-04-24,708.9236633096505,712.6340752101273,707.1881441382454,712.10546875,45182000.0,0.00771943756437638
2026-04-27,711.3374146094498,713.7911152864904,710.4696550399041,713.332275390625,33135900.0,0.0017213055408080294
2026-04-28,709.9908768700561,711.0481506026886,707.4274735730012,709.8612060546875,43117400.0,-0.0048778697536611924
2026-04-29,709.1729992133655,710.3699278433978,706.5497524472755,709.7515258789062,41859200.0,-0.0001545212627813887
2026-04-30,712.7936806635566,717.9403946619685,708.6244289610544,716.8132934570312,67240900.0,0.009900461815238022
2026-05-01,719.3966516418469,723.0073446973263,718.6186267345964,718.7982177734375,43049800.0,0.002765268411019866
2026-05-04,718.2196821209096,720.2644021704073,713.152718877996,716.1649780273438,51950600.0,-0.003670118801040342
2026-05-05,719.9153564929043,723.1769124909786,719.6360467603954,721.9102172851562,36933200.0,0.007990221711526798
2026-05-06,726.288861980811,732.7023927493656,725.9497697512824,731.9443359375,53288900.0,0.013803688898871048
2026-05-07,733.161188473549,734.238430329629,727.8748196364371,729.7001342773438,51724600.0,-0.003070792479857851
2026-05-08,733.0415191543954,736.1834492768152,732.6824588199246,735.724609375,47227100.0,0.008222201875465084
2026-05-11,734.5576163199453,738.8864300819614,734.5576163199453,737.4002685546875,44024000.0,0.002274973327095926
2026-05-12,734.9964788307154,736.9414802248905,729.9494836014034,736.2831420898438,54185300.0,-0.0015161013155970994
2026-05-13,736.5723674930287,741.9983910774667,733.5800764180441,740.4025268554688,44200200.0,0.0055792448425891535
2026-05-14,741.7391534739264,747.6040491923611,741.649357949993,746.2474975585938,45307600.0,0.007863317827570018
2026-05-15,739.8838927249178,741.5496453663399,736.0637780312098,737.2706298828125,60410800.0,-0.012102281834028297
2026-05-18,737.9289136337939,739.5147938000424,731.5054597381557,736.751953125,47843900.0,-0.0007037568965346505
2026-05-19,732.8919551385734,735.7545755811656,729.650306265128,731.8446044921875,54255900.0,-0.006683070135583305
2026-05-20,733.8195334397973,739.9636778498481,732.0042028263388,739.3452758789062,45768000.0,0.010196829759483024
2026-05-21,736.7419902854853,742.9559620700644,735.1361419849363,740.8114624023438,43332200.0,0.001981123978379707
2026-05-22,744.3224328967863,747.015507083493,742.566945697205,743.7239990234375,41762000.0,0.003923840734942977
2026-05-26,748.0827892360243,750.1973368284331,746.4469887578754,748.6613159179688,41123600.0,0.006616702614766452
2026-05-27,748.9505199197505,749.4492351039673,746.2973210478585,748.5316162109375,42106300.0,-0.00017325717290322425
2026-05-28,748.3221518516883,753.2095851254732,747.3047533704411,752.6609497070312,41562600.0,0.005501418012009892
2026-05-29,753.9576670103595,756.1320579864754,752.7507543048832,754.5361328125,55075700.0,0.0024883063996868804
2026-06-01,753.4189990020213,758.3264003155792,752.7507376917755,756.5908203125,43634900.0,0.0027194125046700462
2026-06-02,755.0847737682097,758.4461093852723,754.805464031348,757.6182250976562,31581900.0,0.0013570186308611517
2026-06-03,756.2018667594974,756.8501599793441,751.6336185743088,752.3018798828125,51402500.0,-0.007041918531282929
2026-06-04,750.1673635570705,756.3614281257201,749.5389775481502,755.1445922851562,49923000.0,0.0037715644628917525
2026-06-05,750.3768677170906,750.8855669656407,733.6400171295905,735.65478515625,93989400.0,-0.026148277086187284
2026-06-08,741.4498108327123,743.4247643242134,736.2931129658897,737.3204345703125,49319100.0,0.002261613232488794
2026-06-09,741.7191759970133,744.9807928982774,720.7332622187009,735.1560668945312,87683500.0,-0.002939767435847424
2026-06-10,731.5054857614351,736.4826536495077,723.4661992814284,723.56591796875,60341300.0,-0.015891160823072677
2026-06-11,726.8873842592473,738.0984921563339,722.5485255148498,735.8642578125,86330500.0,0.016854017638559635
2026-06-12,738.8066884479139,742.5270843334097,733.1412911200548,739.843994140625,57079500.0,0.005393675844766619
2026-06-15,749.9179969688896,754.7356026867302,749.8282623277308,752.890380859375,60176400.0,0.017480295410686308
2026-06-16,752.6111046530555,753.4988323298886,747.9531216783239,748.4019775390625,67093100.0,-0.005979403902405487
2026-06-17,749.3594421826946,750.217278570044,737.3204502885575,739.0560302734375,85945200.0,-0.012566499634242041
2026-06-18,747.760009765625,748.22998046875,743.8599853515625,746.739990234375,80875700.0,0.010343315448328203
2026-06-22,747.7000122070312,750.1799926757812,743.1300048828125,744.3900146484375,46628100.0,-0.0031519418478261887
2026-06-23,733.8099975585938,739.6300048828125,732.2999877929688,733.5800170898438,66846800.0,-0.014628429664887565
2026-06-24,735.1699829101562,739.9500122070312,730.8400268554688,733.239990234375,57439500.0,-0.00046362452088405214
2026-06-25,738.9099731445312,739.3699951171875,729.5999755859375,734.2999877929688,53934400.0,0.001444591300819105
2026-06-26,728.9500122070312,736.530029296875,716.5800170898438,728.989990234375,71034000.0,-0.007257646736180781
2026-06-29,736.530029296875,741.5599975585938,732.0900268554688,741.0,58035200.0,0.016340624198741247
2026-06-30,741.2899780273438,748.02001953125,740.8900146484375,746.77001953125,55626000.0,0.007756640320927922
2026-07-01,745.0,749.4400024414062,742.3800048828125,745.760009765625,47100900.0,-0.0013534198977212118
2026-07-02,747.4000244140625,751.3099975585938,740.030029296875,744.780029296875,57447800.0,-0.0013149336271025228
2026-07-06,748.739990234375,752.4099731445312,747.4099731445312,751.280029296875,50673300.0,0.008689545400113111
2026-07-07,750.219970703125,750.9600219726562,745.2100219726562,747.7100219726562,43721500.0,-0.004763225841268043
2026-07-08,743.1599731445312,746.1500244140625,739.510009765625,745.4000244140625,43767400.0,-0.003094211852910556
2026-07-09,747.3499755859375,751.969970703125,745.5900268554688,751.7100219726562,41441700.0,0.008429620706500477
2026-07-10,752.0499877929688,755.4199829101562,748.0999755859375,754.9500122070312,42191300.0,0.0043008975551764635
2026-07-13,752.469970703125,753.9099731445312,748.0,749.1699829101562,44013600.0,-0.007685633815530019
2026-07-14,750.9099731445312,753.3400268554688,748.6599731445312,751.8300170898438,35143100.0,0.003544353050495003
2026-07-15,754.239990234375,755.5800170898438,750.2000122070312,754.8099975585938,43844800.0,0.003955801420061879
2026-07-16,752.760009765625,754.5700073242188,747.8800048828125,750.719970703125,46409800.0,-0.005433351714810402
2026-07-17,742.0800170898438,747.2899780273438,740.7999877929688,743.2899780273438,62651000.0,-0.009946458438716834
2026-07-20,747.0599975585938,748.72998046875,741.510009765625,742.0900268554688,50422300.0,-0.0016156827599172103
2026-07-21,746.2899780273438,749.0399780273438,744.1799926757812,748.280029296875,34324300.0,0.00830671283160697
2026-07-22,746.6199951171875,750.02001953125,746.3699951171875,747.4099731445312,32836200.0,-0.0011634178861416992
2026-07-23,739.3699951171875,742.5599975585938,735.2100219726562,738.1799926757812,55437300.0,-0.012426173368713682
2026-07-24,738.510009765625,743.719970703125,737.2899780273438,738.9299926757812,44782000.0,0.0010154965735656703
2026-07-27,744.9099731445312,745.530029296875,735.8699951171875,739.0900268554688,41461200.0,0.00021655211458314317
2026-07-28,739.1900024414062,742.7899780273438,735.97998046875,740.8599853515625,47322200.0,0.002391917734196567
2026-07-29,739.969970703125,742.6799926757812,729.0999755859375,729.4600219726562,70697200.0,-0.015507089295929732
2026-07-30,736.0499877929688,742.4500122070312,734.5900268554688,741.6900024414062,66811300.0,0.016626804898639082
2026-07-31,744.6799926757812,748.9000244140625,737.6799926757812,747.030029296875,62445900.0,0.007174014783580491
2026-08-03,749.4400024414062,758.5800170898438,748.7999877929688,757.6699829101562,59927500.0,0.014142527904258828
2026-08-04,760.6300048828125,773.4099731445312,760.52001953125,771.3300170898438,69154800.0,0.017868407620299842
2026-08-05,775.8499755859375,776.8499755859375,769.510009765625,769.7899780273438,44689100.0,-0.00199859787687683
2026-08-06,770.2100219726562,771.8200073242188,767.4600219726562,768.5599975585938,38416900.0,-0.001599090909569207
2026-08-07,771.02001953125,773.9199829101562,769.6099853515625,773.260009765625,43586300.0,0.006096725613895211
2026-08-10,772.5999755859375,775.0499877929688,771.6199951171875,773.030029296875,39249500.0,-0.00029746097386132897
2026-08-11,774.530029296875,774.6099853515625,769.2000122070312,770.5599975585938,36740600.0,-0.0032003754929251995
2026-08-12,774.7100219726562,774.9000244140625,771.280029296875,772.489990234375,33179100.0,0.00250153099055172
2026-08-13,774.8699951171875,779.3699951171875,774.1099853515625,777.8800048828125,35634500.0,0.00695322585121305
2026-08-14,778.5399780273438,778.7999877929688,775.4299926757812,776.3400268554688,31367900.0,-0.001981673765436055
2026-08-17,776.1799926757812,776.780029296875,772.510009765625,772.6699829101562,34356600.0,-0.004738575980100243
2026-08-18,768.7000122070312,769.5,766.9199829101562,767.4500122070312,43920900.0,-0.006778680502842077
2026-08-19,770.3599853515625,772.469970703125,768.0999755859375,769.0599975585938,40242400.0,0.0020956400290855414
2026-08-20,765.9600219726562,767.75,765.3599853515625,766.719970703125,8978234.0,-0.0030473488581482166
