date,open,high,low,close,volume
2015-01-02,170.47257341496748,170.8855799305739,168.6553346631324,169.68785095214844,121465900
2015-01-05,168.6470505972124,168.81225065477216,166.31770079651972,166.62332153320312,169632600
2015-01-06,166.92894957322903,167.44934175106874,164.2609313452381,165.0539093017578,209151400
2015-01-07,166.3754906183617,167.44930974013607,165.92944926830862,167.1106414794922,125346700
2015-01-08,168.51490105817123,170.2908365016817,168.49838987366132,170.07606506347656,147217800
2015-01-09,170.48908829723226,170.5056120873232,168.10191108942752,168.71316528320312,158567300
2015-01-12,168.8453161791333,169.00226066188512,166.7885393225758,167.3915252685547,144396100
2015-01-13,168.60576096190292,169.72913908899594,165.62385367921945,166.9207000732422,214553300
2015-01-14,164.91349780540452,166.11122679229365,164.0214148168744,165.91297912597656,192991100
2015-01-15,166.54899117615352,166.86286751898896,164.2774556177399,164.39309692382812,176613900
2015-01-16,164.18665858815876,166.70600154226656,164.00493466334035,166.54905700683594,211879600
2015-01-20,167.1850008985163,167.4493310684787,165.34299571593226,166.90415954589844,130991100
2015-01-21,166.44163246500446,168.22582370893434,165.97906716560615,167.74673461914062,122942700
2015-01-22,168.49836906255456,170.37340919341256,167.12718468012818,170.2412567138672,174356000
2015-01-23,169.9852312963904,170.24130594621263,169.1757419827697,169.3079071044922,117516800
2015-01-26,169.0931194349828,169.79522289212784,168.3827477816635,169.70436096191406,92009700
2015-01-27,167.65583025769982,168.60573999976427,166.63983797473307,167.46585083007812,134044600
2015-01-28,168.64706860560267,168.74618612993115,165.1282578484053,165.3182373046875,168514300
2015-01-29,165.51647790768044,167.1024212491774,164.11224581839372,166.8463592529297,173585400
2015-01-30,165.67338811674696,166.99500099265984,164.4839277056571,164.7482452392578,197729700
2015-02-02,165.24393365704213,166.87943616967166,163.43496283666747,166.78857421875,163107000
2015-02-03,167.68066983135327,169.20879920391286,167.3089664338,169.20053100585938,124212900
2015-02-04,168.4405415646292,169.6465258907375,168.1018732657409,168.55618286132812,134306700
2015-02-05,169.21704055366874,170.40650140888124,169.1427024012078,170.2578125,97953200
2015-02-06,170.62125595934074,171.18295139519486,169.26659504269838,169.7869873046875,125672000
2015-02-09,169.14271042465256,169.8613378071158,168.62231812482196,169.02706909179688,87219000
2015-02-10,170.05954231341522,171.08379025750745,169.068316736097,170.82772827148438,96164200
2015-02-11,170.6625774875651,171.3564255088663,170.0182882386482,170.92689514160156,91087800
2015-02-12,171.71977982609982,172.62839883835463,170.9598496540111,172.57057189941406,97545900
2015-02-13,172.69454368851316,173.33056462266381,172.43846907159076,173.281005859375,93670400
2015-02-17,172.9671293090362,173.72707241390395,172.71933547479566,173.55360412597656,76968200
2015-02-18,173.18188702097638,173.64445228011232,172.91755681349412,173.5701141357422,80652900
2015-02-19,172.9753766774431,173.80964522816615,172.83495598696246,173.44619750976562,91462500
2015-02-20,173.0332236230692,174.56135292583096,172.41371378745657,174.4870147705078,140896400
2015-02-23,174.2391464711458,174.46217346191406,173.85917502776118,174.46217346191406,74411100
2015-02-24,174.38785846833633,175.1560571033271,174.090493287688,174.9578094482422,72472300
2015-02-25,174.8339377101534,175.31302682594247,174.4704899254886,174.8091583251953,73061700
2015-02-26,174.71830246796685,174.87524698081072,173.99966246725876,174.6026611328125,72697900
2015-02-27,174.50344308833775,174.76777320923932,173.95828427089756,174.00784301757812,108076000
2015-03-02,174.10704020970294,175.1643359693863,174.0574814403365,175.1065216064453,87491400
2015-03-03,174.67694218695533,175.15603116282256,173.52878480470744,174.38783264160156,110325800
2015-03-04,173.7931764722502,173.86752724107197,172.6863217822364,173.6527557373047,114497200
2015-03-05,173.97484964121526,174.12353853152536,173.33882872209776,173.8426971435547,76873000
2015-03-06,172.98363319579175,173.41316346565193,171.06728967572505,171.39768981933594,188128000
2015-03-09,171.59592352318504,172.46322698067183,171.43897905633878,172.10804748535156,89818900
2015-03-10,170.74518923817772,170.82778299344065,169.2748741885522,169.31617736816406,157121300
2015-03-11,169.57220721520224,169.74567549502646,168.83705613205854,168.91966247558594,110145700
2015-03-12,169.5474329380123,171.13337647061587,169.497874171987,171.0673065185547,93993500
2015-03-13,170.79474969819526,171.75291541326115,168.98577880740035,170.01829528808594,162410900
2015-03-16,170.74512438440473,172.38062632334677,170.04300840956867,172.28976440429688,136099200
2015-03-17,171.55463715174756,172.15762309564545,170.96816239253445,171.7776641845703,94510400
2015-03-18,171.30683124757832,174.51176564005567,170.67079772450302,173.8426971435547,228808500
2015-03-19,173.4296846377479,173.85094670509045,172.6614860397028,173.04971313476562,117917300
2015-03-20,173.99646753085457,175.08337297347543,173.8139324393983,174.57725524902344,177715100
2015-03-23,174.58553314874214,175.15802837331734,174.237060546875,174.237060546875,71784500
2015-03-24,174.1125244316846,174.56884923633177,173.19155706085837,173.2579345703125,77805300
2015-03-25,173.46535710878118,173.69767205850724,170.67756505185307,170.7190399169922,159521700
2015-03-26,170.0553560026632,171.22522364528578,169.358398223387,170.31256103515625,153067200
2015-03-27,170.19635140623822,170.87669876838024,170.00551130618186,170.7024688720703,118939000
2015-03-30,171.73131157884472,173.08372670196508,171.71472669332005,172.7850341796875,96180400
2015-03-31,171.96363121206426,172.66058888963727,171.21690621635824,171.2749786376953,126768700
2015-04-01,171.24188317963086,171.26677318144817,169.68204221121297,170.6693878173828,137303600
2015-04-02,170.60298009744596,171.73137306782849,170.42044500957363,171.28334045410156,86900900
2015-04-06,170.3955014457633,172.95097921240085,170.26275905467685,172.4365692138672,114368200
2015-04-07,172.4614980599821,173.20822323643148,171.94708794554901,171.9802703857422,81236300
2015-04-08,172.2042701655457,173.0007752267654,171.81431007882907,172.56103515625,89351900
2015-04-09,172.39503525547744,173.5566099910623,171.9055153783535,173.3242950439453,85548900
2015-04-10,173.5732271988262,174.31165964872955,173.3741073131458,174.27017211914062,72722900
2015-04-13,174.12915970810909,174.7597399003102,173.4322146474628,173.48199462890625,74436600
2015-04-14,173.2828505371855,173.9963930455423,172.66057553548654,173.81385803222656,75099900
2015-04-15,174.27851832960081,175.09991337221425,174.195543250851,174.5937957763672,99529300
2015-04-16,174.26195705390805,175.05016982521738,174.06282441959135,174.54405212402344,68934900
2015-04-17,173.35752513560135,173.59813257219798,171.75619750508687,172.53611755371094,191113200
2015-04-20,173.45709394440155,174.44443904955597,173.37413153385023,174.11256408691406,92189500
2015-04-21,174.79293925483387,174.95058431814448,173.60647404818283,173.90516662597656,72559800
2015-04-22,174.24531243943684,174.94227014118775,173.3243448273341,174.75973510742188,78264600
2015-04-23,174.36153367954782,175.84670448257822,174.24537613016753,175.1995391845703,102585900
2015-04-24,175.6143689483349,175.87157401630265,175.15803125022026,175.60606384277344,61327400
2015-04-27,176.17024581984043,176.2946957863419,174.685075365081,174.87591552734375,79358100
2015-04-28,174.8509904598969,175.48155793071655,173.68111036857317,175.43177795410156,86863500
2015-04-29,174.5440107847622,175.30733337852325,173.90515080555448,174.7099609375,125684900
2015-04-30,174.1374775440112,174.52743764078912,172.2623470377464,172.9593048095703,161304900
2015-05-01,173.73921654071185,174.87591442186115,173.63965656814005,174.8344268798828,103399700
2015-05-04,175.25754698417074,175.9130171469318,175.14969458110048,175.3322296142578,70927200
2015-05-05,175.09155979042768,175.44833731220987,173.1832475874968,173.3242950439453,113326200
2015-05-06,173.87195706754807,174.17894206411373,171.5487941735033,172.61080932617188,135060200
2015-05-07,172.5112715607244,173.72263947585762,172.1793965303919,173.2994842529297,88244900
2015-05-08,174.96714580500512,175.78024828688288,174.8841707381896,175.58111572265625,155877300
2015-05-11,175.53965118852454,175.8051486295798,174.66846357652057,174.74313354492188,75708100
2015-05-12,173.9135196317442,174.7598176735674,173.09211159171952,174.2205047607422,119727600
2015-05-13,174.62700942418684,175.24928460026194,174.02133179766892,174.25364685058594,94667900
2015-05-14,175.26586853292397,176.16194623607984,174.99206595749692,176.0706787109375,95934000
2015-05-15,176.2615509033203,176.40259844881396,175.7803231632827,176.2615509033203,76510100
2015-05-18,176.09555469393385,177.05799719315343,176.02917716636372,176.80909729003906,74549700
2015-05-19,176.92523439359275,177.19903691566,176.46889685681396,176.75099182128906,72114600
2015-05-20,176.85061213628197,177.37332737139639,176.3113120106909,176.62660217285156,76857500
2015-05-21,176.48548802195896,177.3483704292244,176.31953789806212,177.1409454345703,64764600
2015-05-22,176.75929408842902,177.17414411579225,176.6514416902629,176.7178192138672,57433500
2015-05-26,176.22831309072097,176.65146828487644,174.40297522756453,174.8178253173828,124308600
2015-05-27,175.27415594755252,176.70953365613138,174.86759831808982,176.4772186279297,93214000
2015-05-28,176.17021111534228,176.38592856818985,175.58942361904656,176.278076171875,74974600
2015-05-29,176.2117246051281,176.2531994850872,174.91739437695398,175.18289184570312,124919600
2015-06-01,175.84665786635355,176.17853287368334,174.75144755376922,175.5396728515625,93338800
2015-06-02,175.0833377129909,176.0540854164766,174.46106257022674,175.3654327392578,91531000
2015-06-03,175.8964251361335,176.45232269634687,175.34052757592013,175.83004760742188,87820900
2015-06-04,175.12482989319332,175.78028749043622,174.02961953601317,174.34490966796875,151882800
2015-06-05,174.1955741067988,174.71828934303034,173.3907638092005,174.04623413085938,121704700
2015-06-08,173.9383003357597,174.0876529129266,172.901175378439,172.97584533691406,89063300
2015-06-09,172.95101928710938,173.49033206041878,172.32045163762882,172.95101928710938,105034700
2015-06-10,173.71431032637201,175.40690566336218,173.65623790120128,175.02523803710938,134551300
2015-06-11,175.46495390674622,175.971071417342,175.23263891764168,175.58941650390625,73876400
2015-06-12,174.7680612814801,175.46500645752488,173.9715434658424,174.24534606933594,135382400
2015-06-15,173.1086513386087,173.7807064831923,172.40340109589576,173.4986114501953,124384200
2015-06-16,173.3492477236761,174.5274330875997,173.17501778043052,174.4444580078125,85308200
2015-06-17,174.72657775878906,175.33226807449984,173.70604996607278,174.72657775878906,126708600
2015-06-18,175.3239644513541,177.00825500991627,174.75977433686225,176.5436248779297,165867900
2015-06-19,176.30179312772805,176.37682630299184,175.38467857961558,175.75985717773438,130478700
2015-06-22,176.6770634200393,177.2439980008896,176.45195105561632,176.66038513183594,70696000
2015-06-23,176.86871802698082,177.11884131971792,176.39349522039953,176.78533935546875,68476800
2015-06-24,176.51860864780568,176.89378734958865,175.47643851962894,175.50144958496094,92307300
2015-06-25,176.00164097690288,176.12669626422877,174.8927707826826,174.96780395507812,97107400
2015-06-26,175.3263229424074,175.56811348606794,174.38420999329747,174.93447875976562,104174800
2015-06-29,173.45878205663925,174.9428311592116,171.19101905728778,171.26605224609375,202621300
2015-06-30,172.80011556467298,172.8501504100554,171.14932187749557,171.6245574951172,182925100
2015-07-01,173.1919387824699,173.44206207348822,172.21646939711758,173.00018310546875,135979900
2015-07-02,173.4754443357118,173.6421889804988,172.4249289021321,172.841796875,104373700
2015-07-06,171.55785267148914,173.1252676311306,171.35775146051736,172.3498992919922,117975400
2015-07-07,172.55000349604325,173.55881690458054,170.17385087151584,173.4337615966797,173820200
2015-07-08,172.09974701259733,172.38321413911234,170.29054180377048,170.52398681640625,164020100
2015-07-09,172.61668341636218,172.87515224406943,170.72411199229873,170.83248901367188,144113100
2015-07-10,172.82518487582578,173.4004649345028,170.87424506781258,172.9835968017578,129456900
2015-07-13,174.24250913650008,175.00119930594377,174.20081978785296,174.892822265625,106069400
2015-07-14,174.85114022385267,175.96001079082825,174.79277258894697,175.65151977539062,81709600
2015-07-15,175.69318389756324,176.15174124239255,175.11790402148668,175.5931396484375,97914100
2015-07-16,176.6436536296121,177.00216674804688,176.40187577162789,177.00216674804688,106683300
2015-07-17,176.99379455908894,177.21057404232326,176.58527209631774,177.15220642089844,89030000
2015-07-20,177.37735835107748,177.735858773829,176.92714644686333,177.24395751953125,70446800
2015-07-21,177.11052872219872,177.36899756318357,176.24344889766735,176.54359436035156,77965000
2015-07-22,175.85986933555625,176.56021700901164,175.8265255043429,176.22671508789062,88667900
2015-07-23,176.36016778288803,176.4602120277821,174.87611878188716,175.234619140625,90509100
2015-07-24,175.33469446500777,175.39304937337204,173.08360966659248,173.41709899902344,117755000
2015-07-27,172.53333219491864,173.04191167062774,171.96638509196006,172.40826416015625,132361100
2015-07-28,173.2420249526405,174.66771933333678,172.41663432543018,174.52598571777344,123544800
2015-07-29,174.65099030361242,175.95161625375798,174.5092567292299,175.7265167236328,105791300
2015-07-30,175.21795021419427,175.9349636396938,174.6009810316665,175.76821899414062,91304400
2015-07-31,176.2684852726826,176.29349633801456,175.21798236332967,175.50144958496094,103266900
2015-08-03,175.46809922643948,175.52645413611395,173.95902625052986,174.90948486328125,113965700
2015-08-04,174.83446167232952,175.29301908230389,174.0841042536832,174.5676727294922,81820800
2015-08-05,175.4597248225571,176.1767382349005,174.85943393213935,175.14291381835938,85786800
2015-08-06,175.32629910097288,175.43468882799883,173.1252370562084,173.7088623046875,116030800
2015-08-07,173.55051743255973,173.70058383084157,172.47499069099115,173.37542724609375,117858000
2015-08-10,174.48424227765,175.64313463087947,174.48424227765,175.5597686767578,80270700
2015-08-11,174.22575497501467,174.64262283632794,173.2169291530456,173.9756317138672,126081400
2015-08-12,172.67505252000194,174.36753547494192,171.2160146125157,174.18411254882812,172123700
2015-08-13,174.02574688422862,174.70941664884634,173.4254558251804,173.96739196777344,89383300
2015-08-14,173.7755643017148,174.67600058360037,173.6338307279643,174.60096740722656,72786500
2015-08-17,174.00906187998444,175.57647705078125,173.55050449419164,175.57647705078125,79072600
2015-08-18,175.301331420975,175.65149902362893,174.83444128410312,175.06788635253906,71692700
2015-08-19,174.32583589007928,175.09287138975742,172.87514356925766,173.68386840820312,172946000
2015-08-20,172.17479724965054,173.65884614356457,169.998746027617,170.05711364746094,194327900
2015-08-21,168.18952235257711,170.03208410082271,164.67950169657928,164.93795776367188,346588500
2015-08-24,156.31719117881585,164.6462069534633,152.07346461980424,157.9929962158203,507244300
2015-08-25,162.93701933416563,162.9536976161637,155.84193059927358,156.1337432861328,369833100
2015-08-26,160.1440304415734,162.4034481318135,157.05086393563715,162.12832641601562,339257000
2015-08-27,164.26268936314614,166.26365090686062,162.75362906333933,166.1385955810547,274143900
2015-08-28,165.49656815069264,166.61377114946035,165.01299982544998,166.14688110351562,160414400
2015-08-31,165.17148770625636,166.0219022367195,164.2543727496975,164.8046417236328,163298800
2015-09-01,161.01111043486603,162.38678262332616,159.01848167867516,159.8855743408203,256000400
2015-09-02,162.26172097409798,162.96206898938476,160.42750403896449,162.92037963867188,160269300
2015-09-03,163.62899367032688,165.12138796903685,162.54514724058606,163.03704833984375,152087800
2015-09-04,160.78599337005926,161.62806215377893,159.75215614582967,160.5692138671875,207081000
2015-09-08,163.362203403593,164.7545407372646,162.72022324123685,164.60446166992188,116025700
2015-09-09,166.18027845850835,166.30533377944414,162.0366092008,162.4034423828125,149347700
2015-09-10,162.21165920366735,164.42939981290357,161.9532031029294,163.2871856689453,158611100
2015-09-11,162.89532399093918,164.09590572079074,162.18664338818505,164.02920532226562,119691200
2015-09-14,164.20426116280294,164.25428327467455,162.93697920092842,163.42054748535156,79452000
2015-09-15,163.92085522015572,165.90515121022568,163.37893184357856,165.46327209472656,113806200
2015-09-16,165.76342416223778,167.0890615612163,165.42158929428368,166.8972930908203,99581600
2015-09-17,166.7639311437827,169.15675015129406,166.14696172836398,166.5221405029297,276046600
2015-09-18,164.0187945909634,166.50785238419843,163.3902416722408,163.80088806152344,223657500
2015-09-21,164.63055861904252,165.66975777619078,163.5997355626022,164.64732360839844,105726200
2015-09-22,162.48512807068556,162.97121054142366,161.37886876736252,162.51026916503906,153890900
2015-09-23,162.67780792921184,163.14712519772604,161.67212624126188,162.25039672851562,92790600
2015-09-24,161.03529578989196,162.1247903650537,159.70276631442917,161.66384887695312,159378800
2015-09-25,163.12205844777677,163.42376437043987,160.75031715338602,161.62191772460938,155054800
2015-09-28,160.72518850580386,160.83414178262998,157.25557652045333,157.56565856933594,178515900
2015-09-29,157.78352463470284,159.0154891991918,156.66050053114188,157.65780639648438,159045600
2015-09-30,159.5434645960891,160.76705305770844,158.76406522986127,160.5994415283203,163452000
2015-10-01,160.97660282342954,161.32021483947682,159.08256786590152,161.0185089111328,131079000
2015-10-02,159.04061688143545,163.44886240141275,158.4958634709605,163.42372131347656,211003300
2015-10-05,164.64731598970752,166.55811547378664,164.5383627458455,166.3318328857422,126320800
2015-10-06,166.19771724589557,166.7592228059203,165.09984721152352,165.7619171142578,110274500
2015-10-07,166.69220479911124,167.4716169552266,165.50214631315984,167.11962890625,124307300
2015-10-08,166.73412628130978,168.91311473391343,166.4324203846099,168.628173828125,153055200
2015-10-09,168.77065059171088,169.20643806817367,168.1001915975367,168.72874450683594,107069200
2015-10-12,168.80414255469205,169.08908342854323,168.3767312439153,168.88795471191406,56395600
2015-10-13,168.15875501849092,169.42424901289522,167.65592064749282,167.8235321044922,88038700
2015-10-14,167.76497108768604,168.34324186332964,166.72577169998368,167.0190887451172,99106200
2015-10-15,167.68111857892492,169.59191797003,167.31236557573996,169.5835418701172,134142200
2015-10-16,169.98576979358432,170.3712749007383,169.22312288917078,170.35452270507812,114580100
2015-10-19,169.7092829967101,170.4384002685547,169.39920099152405,170.4384002685547,76523900
2015-10-20,170.00261102800798,170.8322926630684,169.7511873130431,170.2205047607422,78448500
2015-10-21,170.6395196068124,170.79036614497844,168.9968959484565,169.16452026367188,102038000
2015-10-22,170.11152414267062,172.23184120585051,169.16451329798593,172.02232360839844,174911700
2015-10-23,173.69011103451444,174.27675782662064,172.89394661751743,173.9080047607422,144442300
2015-10-26,173.73202980492053,173.79068809444453,173.11185298629266,173.48060607910156,69033000
2015-10-27,172.81010415201033,173.48056299169156,172.4664922383321,173.1453399658203,77905800
2015-10-28,173.4805724101665,175.1399482178146,172.81850242234762,175.11480712890625,135906700
2015-10-29,174.61198147797265,175.3830047490535,174.49465212776337,175.01425170898438,90525500
2015-10-30,175.20695690570935,175.52542767919257,174.10071087287469,174.2599334716797,131076900
2015-11-02,174.5868408471371,176.51439263594077,174.46112260790636,176.32164001464844,86270800
2015-11-03,175.96970446883165,177.38604598636718,175.74342180105032,176.83291625976562,95246100
2015-11-04,177.1262031778266,177.2519086361511,175.76014418697665,176.2965087890625,96224500
2015-11-05,176.35514207934628,176.81608334110962,175.23213085100582,176.1204833984375,78408700
2015-11-06,175.77687892154736,176.2629612566358,174.70414990202073,176.02828979492188,110471500
2015-11-09,175.41655015621294,175.567409509571,173.43870308601487,174.38572692871094,131008700
2015-11-10,173.9080329189441,174.82153963021315,173.63985696539157,174.7880096435547,75874600
2015-11-11,175.0561228671268,175.1064050374801,174.03367611015133,174.10072326660156,67846000
2015-11-12,173.06153376457812,173.5308511321067,171.65358166199235,171.6703338623047,121315200
2015-11-13,171.2597162378276,171.5278921550629,169.65899847215078,169.7427978515625,153577100
2015-11-16,169.55839847536257,172.38269144815004,169.44105635054686,172.3240203857422,117645200
2015-11-17,172.63411865075938,173.51408230141928,171.70386003645876,172.1983184814453,121123700
2015-11-18,172.67602370486216,175.07290561750696,172.63413041421526,174.93043518066406,121342500
2015-11-19,174.8131192434579,175.1986372929131,174.48627226611268,174.77960205078125,88220500
2015-11-20,175.53380270640702,176.09530821184927,175.03934435223294,175.41647338867188,94011500
2015-11-23,175.4752234196192,175.97805809854208,174.754482204015,175.21542358398438,64931200
2015-11-24,174.2096893297508,175.85231293454058,173.82418410838238,175.45004272460938,98874400
2015-11-25,175.57572749693176,175.77686897218496,175.1650684470999,175.4248809814453,51980100
2015-11-27,175.51708434940895,175.82717910489592,175.03939085313215,175.62603759765625,37317800
2015-11-30,175.78531019672278,175.90263957043769,174.7880041261747,174.89695739746094,112822700
2015-12-01,175.5254827993396,176.68202415007264,175.24891800729733,176.56468200683594,97858400
2015-12-02,176.51438142859806,176.83285226890064,174.51139370825462,174.7628173828125,108441300
2015-12-03,175.014230831383,175.2824066907532,171.59490230582782,172.31564331054688,166224200
2015-12-04,172.31570246678578,175.96969091918655,172.31570246678578,175.67636108398438,192913900
2015-12-07,175.3495082033207,175.7685435036695,173.64822590694013,174.6120147705078,102027100
2015-12-08,173.05315446089486,174.5616708891859,172.458118874404,173.43865966796875,103372400
2015-12-09,172.8017663177648,174.88855377360304,171.11723635169787,172.0894012451172,162401500
2015-12-10,172.15642494397923,173.8409418923696,171.92176624832106,172.53355407714844,116128900
2015-12-11,170.42163133411054,171.08370136373824,168.87957198536282,169.18966674804688,211173300
2015-12-14,169.34890738654443,170.17021287319162,167.57218927991457,170.04449462890625,182385200
2015-12-15,171.55297934754117,172.73466148106345,170.0193092400215,171.8295440673828,154069600
2015-12-16,172.9525654775375,174.6454710813745,171.63680174288578,174.34376525878906,197017000
2015-12-17,174.65391343882058,174.7209606234904,171.6703840546984,171.68714904785156,173092500
2015-12-18,170.94690416829022,171.08178369521318,168.46831115642496,168.6284942626953,251393500
2015-12-21,169.80035600673932,170.1965943918638,168.6875130023776,170.01954650878906,99094300
2015-12-22,170.90476303100496,171.85742293411286,169.9183864593483,171.56234741210938,111026200
2015-12-23,172.56559014783053,173.7290146149224,172.47285322851093,173.68685913085938,110987200
2015-12-24,173.4339217902471,173.94818777080295,173.1810017751457,173.4001922607422,48539600
2015-12-28,172.70886132378988,173.04607937608148,171.93324951228385,173.00393676757812,65899900
2015-12-29,174.09992902631632,175.17904239882662,174.06621236144557,174.85025024414062,92640700
2015-12-30,174.6057465465948,174.6900574939759,173.46761307717205,173.61093139648438,63317700
2015-12-31,172.9365444743356,173.57726411896667,171.87428283691406,171.87428283691406,114877900
2016-01-04,169.02475303297206,169.4799988274123,167.42293464087555,169.47157287597656,222353500
2016-01-05,169.7918953745946,170.21342442255937,168.65377466351708,169.7581787109375,110845800
2016-01-06,167.21211368618393,168.66217441506802,166.58825902508883,167.61679077148438,152112600
2016-01-07,164.67458789447326,166.45344151506174,163.20766174470162,163.59547424316406,213436100
2016-01-08,164.55650127523245,165.11292267031985,161.51306122906905,161.79969787597656,209817200
2016-01-11,162.7186317529785,163.05586269586863,160.02928734368356,161.9598846435547,187941300
2016-01-12,163.40157027544498,164.01699924906333,161.14216728137274,163.2666778564453,172330500
2016-01-13,163.93263859321036,164.27829548813105,158.8152828146417,159.1946563720703,221168900
2016-01-14,159.80168151270632,162.92942017466441,158.20830205788596,161.8081512451172,240795600
2016-01-15,157.4580180313653,159.13569598306336,156.40419505103233,158.3347930908203,324846400
2016-01-19,160.14733520491595,160.27378878445893,156.9774282612069,158.54551696777344,195244400
2016-01-20,155.99111703782512,158.07347261283573,152.61045700127073,156.51380920410156,286547800
2016-01-21,156.98589956251828,159.22842497611094,155.66229179050984,157.39056396484375,195772900
2016-01-22,159.99559332480396,160.82178680616093,159.2368460469932,160.6194610595703,168319600
2016-01-25,160.11360839355606,160.3075081734972,157.997536987637,158.19143676757812,130371700
2016-01-26,158.8490429279834,160.6278964509055,158.5118247544825,160.3496856689453,141036800
2016-01-27,159.82695436366987,161.49620578116728,157.70244437337146,158.60452270507812,185681700
2016-01-28,160.14732966105083,160.3496553813156,157.78676430027338,159.43072509765625,143798800
2016-01-29,160.19787265675834,163.4520768054198,160.07984506023874,163.3171844482422,210529300
2016-02-01,162.31395785495897,164.04222935059738,161.7322457690278,163.2581787109375,136061600
2016-02-02,161.83342499457996,161.84185094381846,159.79321324293684,160.31591796875,182564900
2016-02-03,161.369775492127,161.6817029141604,157.7361966556225,161.27703857421875,205054900
2016-02-04,160.77966211046828,162.49949546847427,160.1473683537816,161.5299835205078,139531800
2016-02-05,161.0156624789085,161.58893578129417,157.8204652481133,158.4527587890625,180788300
2016-02-08,156.61493026107567,156.9099929217756,154.1110463004901,156.31985473632812,191526700
2016-02-09,154.5831537838088,157.60130371702277,154.44826138293897,156.32827758789062,184513100
2016-02-10,157.15453709720865,158.78163381736744,156.06698443508802,156.19345092773438,148214100
2016-02-11,153.72319680234816,155.20698715558402,152.66937427376337,154.16159057617188,219058900
2016-02-12,155.93201471521544,157.3567719419821,155.08895670778122,157.3399200439453,127632400
2016-02-16,159.14412120444007,160.02089618899345,158.18303524304264,159.99560546875,120250700
2016-02-17,161.15899356755773,162.98000219707777,161.0325271309253,162.6090545654297,136009500
2016-02-18,162.87884935997835,162.93786961150857,161.63112676698148,161.94305419921875,102343000
2016-02-19,161.16746278651044,162.01894708663167,160.56045974704102,161.86720275878906,114793000
2016-02-22,163.44364484690635,164.35414899997147,163.37619866548928,164.21083068847656,103640300
2016-02-23,163.55330991621312,163.8230947464884,162.01893763813206,162.13697814941406,111455300
2016-02-24,160.7121922829566,163.1570559705891,159.60778807514922,162.87884521484375,150812200
2016-02-25,163.3256446324791,164.86001657290862,162.5668974763839,164.85157775878906,110728300
2016-02-26,165.71997983614435,165.81270390168882,164.3120611239384,164.4722442626953,129833700
2016-02-29,164.48913145020424,165.4333527790871,162.98848846792222,163.18238830566406,125918100
2016-03-01,164.40473407826056,167.10252993879897,163.93262366187955,167.01821899414062,141799700
2016-03-02,166.7062909960473,167.81912084968863,166.29318795132278,167.76853942871094,102415000
2016-03-03,167.59153048775184,168.44302748531464,167.0182570982276,168.42616271972656,95172200
2016-03-04,168.62000779797214,169.74971517303925,167.79381464883946,168.97409057617188,129293600
2016-03-07,168.05521656875482,169.5137165001027,167.97934441899835,169.10903930664062,100219000
2016-03-08,168.03839660932854,168.54422390123773,167.1026013256396,167.2627716064453,123974900
2016-03-09,168.07203294419438,168.43454168691312,167.28798236364202,168.08889770507812,94801200
2016-03-10,168.57791165780847,169.5137067095646,166.40282010875242,168.22381591796875,156838700
2016-03-11,169.67390440425157,170.980647308,168.2069912334791,170.93849182128906,137964500
2016-03-14,170.43258642673172,171.17446862367547,170.10379436362052,170.71922302246094,73612000
2016-03-15,169.75819548969022,170.74457201573492,169.49684951236813,170.44107055664062,93169100
2016-03-16,169.96050122511295,171.83209105035002,169.9183457514907,171.4274139404297,129303200
2016-03-17,171.34314903469127,173.02082657892635,170.94691066119776,172.51499938964844,134278500
2016-03-18,173.01492535802336,173.53184366636853,172.7013891962115,173.19288635253906,138372400
2016-03-21,172.9301931776387,173.667432449845,172.70138987818433,173.43862915039062,72926700
2016-03-22,172.66751604840624,173.91320443773537,172.5065197008016,173.34544372558594,97471900
2016-03-23,172.96412238673693,173.150552830856,172.0319701661417,172.2014617919922,81052500
2016-03-24,171.1760313805809,172.1590255551691,170.9557104505763,172.1251220703125,84360900
2016-03-28,172.54040388108646,172.7522554642158,171.77774335397856,172.22686767578125,62408200
2016-03-29,171.82015774642338,173.9302048376433,171.51509085287833,173.82003784179688,92922900
2016-03-30,174.8199295998602,175.3029444872904,174.21826541228114,174.58265686035156,86365300
2016-03-31,174.4894540415597,174.91315723940892,173.99795678040715,174.15896606445312,94584100
2016-04-01,173.16747897459658,175.5317368130374,172.85392985745173,175.34530639648438,114423500
2016-04-04,175.26906990288444,175.4724520968894,174.47250580602636,174.77757263183594,63497000
2016-04-05,173.43864226417537,174.7860151498737,172.77766639834624,173.03189086914062,99662200
2016-04-06,173.03190307804113,174.98094025112778,172.85394205681024,174.92161560058594,91839800
2016-04-07,173.83692200157756,174.1928310839261,172.0997365590909,172.82850646972656,113859000
2016-04-08,174.00635839704296,174.43854376592407,172.76067044625108,173.29454040527344,95040600
2016-04-11,173.93013874413782,174.6250180994244,172.79461743370686,172.88783264160156,83757500
2016-04-12,173.0573365069002,174.7775704690855,172.6166815572068,174.4979248046875,115350600
2016-04-13,175.41313736255353,176.3452896414696,175.27754922554817,176.2605438232422,96336400
2016-04-14,176.31982191054655,176.76894618165218,175.9215399447898,176.2689666748047,65212900
2016-04-15,176.26893542394563,176.40452350109942,175.7520171938887,176.07403564453125,75761600
2016-04-18,176.07410600301003,177.3452156408778,175.4131300257505,177.3113250732422,82531000
2016-04-19,177.73503026630098,178.12482998523546,177.05710253247176,177.87060546875,88316100
2016-04-20,177.91299661996968,178.73498198033556,177.43845103674758,178.0401153564453,81100300
2016-04-21,178.05704707885053,178.16721405999155,176.8113585073525,177.08253479003906,85695000
2016-04-22,176.7266256168106,177.35369814232877,176.18428598183434,177.08253479003906,99251700
2016-04-25,176.4808836141633,176.81985399272102,175.87074986315722,176.77748107910156,66166500
2016-04-26,177.1418610407457,177.54862549811813,176.56563078839832,177.04017639160156,75864200
2016-04-27,176.65880402601422,177.79432543947834,176.30289490822972,177.40452575683594,77329400
2016-04-28,176.65035289468423,177.75197092687552,175.37924322948243,175.79446411132812,97216200
2016-04-29,175.1758554167909,175.52329515077844,173.74373650434114,174.84536743164062,142424100
2016-05-02,175.34529776552623,176.41302497381514,174.91312523773163,176.23507690429688,62188000
2016-05-03,175.00637602999169,175.24364879119557,173.9555874229489,174.70130920410156,106422100
2016-05-04,173.70983730544705,174.43860730448847,173.22680946555437,173.72677612304688,92243800
2016-05-05,174.19283770960945,174.54874680549554,173.26916794192456,173.69287109375,67619200
2016-05-06,172.92168716630363,174.37075729060723,172.76916027447746,174.32838439941406,89315000
2016-05-09,174.2012946319418,174.90463038260785,174.02333364476644,174.4724578857422,74374900
2016-05-10,175.1758363826888,176.65879745012035,175.10804232510174,176.641845703125,77472200
2016-05-11,176.18431790312414,176.71817529449334,174.98947143554688,174.98947143554688,81727000
2016-05-12,175.65885569735008,175.82834731079288,174.03183706537783,175.04025268554688,89586300
2016-05-13,174.74368803932327,175.29449705429184,173.19293269930267,173.5149383544922,96474600
2016-05-16,173.68441173226154,175.70123005894357,173.62508708098525,175.2266845703125,77486800
2016-05-17,174.9554804324832,175.24359542185923,173.0657553971476,173.59115600585938,114924900
2016-05-18,173.24374681139082,174.81992305361686,172.557349774201,173.64202880859375,120062100
2016-05-19,172.92176888026978,173.32852038107382,171.83708959119429,173.0404052734375,115430500
2016-05-20,173.65050185323304,174.65044803642593,173.59965954280523,174.13352966308594,104990400
2016-05-23,174.15046704320636,174.4301126786471,173.7098250695369,173.89625549316406,58682600
2016-05-24,174.70971131121823,176.46384811695276,174.68429016305316,176.15029907226562,93537800
2016-05-25,176.82831162377144,177.76046393971208,176.15038384221432,177.34523010253906,76621400
2016-05-26,177.48077241103627,177.70957572593335,177.0824904271165,177.39602661132812,55280700
2016-05-27,177.55705770486466,178.16719133268288,177.5062153909457,178.15872192382812,64211200
2016-05-31,178.42992747340026,178.54009446656318,177.26050225489618,177.81979370117188,109879400
2016-06-01,177.20964832225997,178.36212171316362,177.01474844207405,178.18417358398438,69936200
2016-06-02,177.78586458863467,178.74342502410155,177.31131907541297,178.7264862060547,63044700
2016-06-03,178.1671905374899,178.54005141175855,176.98929619217486,178.19261169433594,101757100
2016-06-06,178.54851283883448,179.45524382712608,178.38750356574386,179.09933471679688,64887000
2016-06-07,179.25189200266425,179.93828918383645,179.22647084265023,179.37899780273438,60974800
2016-06-08,179.51454452608584,180.0907875243807,179.38743875534112,179.9636688232422,66170900
2016-06-09,179.23488301978054,179.83654711891666,178.9637197560857,179.71791076660156,73786900
2016-06-10,178.3451822401027,178.68413967661186,177.47234162681673,178.0146942138672,113829200
2016-06-13,177.41298856148404,178.26886429403115,176.55711282893694,176.641845703125,117751200
2016-06-14,176.26052776899468,176.8876131477305,175.34532732316208,176.29441833496094,125059300
2016-06-15,176.29444825824095,177.41303108091927,175.8622755842411,176.0487060546875,109124500
2016-06-16,176.04869354899654,176.7435730586443,174.2182924766721,176.57408142089844,149533100
2016-06-17,176.4701314869912,176.49568484208004,175.2605583547816,175.9164581298828,117055700
2016-06-20,177.8756679387866,178.54859475858052,176.96422142590865,177.04940795898438,82789600
2016-06-21,177.43274858710527,177.96086877981514,176.98980194289973,177.552001953125,72461700
2016-06-22,177.73083125459377,178.4548777236498,177.1175246684293,177.26234436035156,95560500
2016-06-23,178.71891135430852,179.62183119566257,178.2589379814508,179.5707244873047,102731400
2016-06-24,173.4547347208247,179.6048273711775,172.67958155075527,173.12252807617188,333444400
2016-06-27,171.71701148787568,171.72553793794785,169.2126787224782,170.02191162109375,230775800
2016-06-28,171.62333532467787,173.11400855868138,171.31668202520586,173.0884552001953,159382400
2016-06-29,174.48541454653184,176.26570103323945,174.38320112073447,176.0357208251953,137328600
2016-06-30,176.50424407060433,178.4889576718171,175.95055761303408,178.43785095214844,165021900
2016-07-01,178.4378526432485,179.2981924246243,178.27600603100393,178.81265258789062,106055300
2016-07-05,177.98637112855883,178.09711100727978,176.93013104588525,177.52639770507812,109803700
2016-07-06,177.03233631305994,178.71040933220064,176.3764365193641,178.59115600585938,96021500
2016-07-07,178.77005163259213,179.43446496128354,177.71381146782082,178.48043823242188,85593800
2016-07-08,179.77519856716046,181.38512517532322,179.54520533809736,181.13809204101562,133971000
2016-07-11,181.59805826929212,182.34765804487338,181.3936184220505,181.7769317626953,73633900
2016-07-12,182.73951473729417,183.39541464824282,181.80251486451039,183.09727478027344,101275600
2016-07-13,183.51466287223738,183.52317632624678,182.58618947726342,183.07171630859375,87324100
2016-07-14,184.33237873614772,184.56237194878827,183.70204526114256,184.0938720703125,91230900
2016-07-15,184.65605216198605,184.85196554560372,183.4038858015429,183.84683227539062,107155400
2016-07-18,183.96612717664067,184.50277373745146,183.71058057636697,184.34092712402344,58725900
2016-07-19,183.92351020759827,184.18757022804962,183.6764900910065,184.15350341796875,54345700
2016-07-20,184.1534935758465,185.1586268899919,184.1534935758465,184.9201202392578,58159500
2016-07-21,184.80943298769506,185.03089978296316,183.77873309932338,184.2216796875,67777300
2016-07-22,184.34089084954488,185.0990040493372,184.07683084702495,185.0478973388672,62787500
2016-07-25,184.84348897979444,184.89459569896835,183.96612230693654,184.54534912109375,55873100
2016-07-26,184.44309323845644,184.98825311359136,183.78719349883522,184.6304931640625,70080500
2016-07-27,185.00534473604847,185.07349136419623,183.66799152922408,184.43463134765625,84083900
2016-07-28,184.23870324264314,184.93719642657732,183.77872975387785,184.6475830078125,65035700
2016-07-29,184.38349187444857,185.3034386969352,184.1023919573851,184.9456787109375,79519400
2016-08-01,185.00526587013712,185.39709256790456,184.34085277597947,184.7923126220703,73311400
2016-08-02,184.5453241214279,184.69865725581784,182.77356410776096,183.60833740234375,92295500
2016-08-03,183.54870710658165,184.204606918532,183.25058028125014,184.1449737548828,53993600
2016-08-04,184.25574059138555,184.65609389903167,182.5010071992208,184.34092712402344,46585500
2016-08-05,184.3409325222498,185.89122608006628,184.3409325222498,185.8486328125,71892200
2016-08-08,186.0360266481112,186.1382530864224,185.47383972677943,185.73789978027344,39906500
2016-08-09,185.80605254257415,186.34268612145965,185.52495257380536,185.8486328125,51251700
2016-08-10,185.95932408260404,186.0359841455934,185.03936433382066,185.38861083984375,57941100
2016-08-11,185.9167862170221,186.49602608222528,185.65272614518395,186.24899291992188,72504300
2016-08-12,185.94230799561387,186.30008099732774,185.68677441958778,186.08712768554688,61313500
2016-08-15,186.45343447531178,186.97304116885294,186.44492102046848,186.62379455566406,49813500
2016-08-16,186.20632311881246,186.274456719474,185.66116333007812,185.66116333007812,53213600
2016-08-17,185.69525506641838,186.146714967824,184.86048187105433,186.0104217529297,75134300
2016-08-18,185.98486422928966,186.4618774730868,185.87413736760277,186.4278106689453,52989300
2016-08-19,185.95936001723447,186.3341599500134,185.47383319350868,186.1552734375,75443000
2016-08-22,185.91672008352035,186.37670643015156,185.5504466941994,186.14671325683594,61368800
2016-08-23,186.76009791143366,187.05823781639228,186.46195800647504,186.52159118652344,53399200
2016-08-24,186.37670947206888,186.47040943327224,185.15009652454734,185.56748962402344,71728900
2016-08-25,185.1842117036874,185.85715150928922,185.03089154401502,185.43975830078125,69224800
2016-08-26,185.627131094704,186.64930433578445,184.20460460957435,185.09048461914062,122506300
2016-08-29,185.21822566895756,186.26595204716423,185.18414586938607,186.00189208984375,70502200
2016-08-30,185.91674874049886,186.1978486628494,185.14160858841032,185.69528198242188,58114500
2016-08-31,185.3630734334427,185.48232676312082,184.3920068924529,185.1671600341797,85269500
2016-09-01,185.1586345348241,185.46528781237726,184.01720794523555,185.17567443847656,97844200
2016-09-02,186.02746165420058,186.43632830124716,185.43970853790063,186.0104217529297,79293900
2016-09-06,186.29154717458266,186.64930716450087,185.57602719474625,186.57264709472656,56702100
2016-09-07,186.4108573317916,186.73455061081162,185.95088377528498,186.5556640625,76554900
2016-09-08,186.22344547938243,186.49603201229638,185.82309213269093,186.12974548339844,74102900
2016-09-09,184.81793687935007,184.86904359887217,181.64919029258272,181.67474365234375,221589100
2016-09-12,180.91662068590415,184.68163379603857,180.8484740642897,184.28128051757812,168110900
2016-09-13,183.0035302588737,183.26759025031527,181.01029064834364,181.63211059570312,182828800
2016-09-14,181.68327923819794,182.88433928383373,181.01035235311795,181.56402587890625,134185500
2016-09-15,181.40214184170566,183.76165500904514,181.22325535365334,183.3783416748047,134427900
2016-09-16,182.76357632588255,182.9433663710716,181.9845209655004,182.66940307617188,155236400
2016-09-19,183.32010935228303,183.96219630356973,182.3783765984122,182.70370483398438,80250500
2016-09-20,183.55988582869148,183.7139804812361,182.67808714811602,182.7123260498047,69665300
2016-09-21,183.4143028791124,184.94674482420382,182.72940744279296,184.7669677734375,110284400
2016-09-22,185.77719504411826,186.23093553533752,185.52892712117182,185.93128967285156,76678700
2016-09-23,185.53748245832742,185.67446416968156,184.81834806866058,184.9125213623047,73630900
2016-09-26,184.08206079798262,184.26183783747967,183.2173753018055,183.41429138183594,89827300
2016-09-27,183.25163275907568,184.6470929586741,182.88349608546716,184.5529327392578,78494800
2016-09-28,184.7755725829116,185.62313237676642,183.81672655913044,185.46902465820312,87411000
2016-09-29,185.26352112161058,185.6658967386846,183.24308657792002,183.79100036621094,128070600
2016-09-30,184.6214645960347,185.87995653206715,184.37319663070124,185.17794799804688,117202900
2016-10-03,184.76696374787355,184.95529725204656,184.09918124112315,184.7327117919922,83512100
2016-10-04,184.84403258789584,185.0666180738813,183.20029122302313,183.79100036621094,119948100
2016-10-05,184.4159777481273,185.03238240361438,184.3474868904848,184.6043243408203,72816000
2016-10-06,184.3817010923231,184.95529725204656,183.84235688848102,184.7327117919922,62927400
2016-10-07,185.00664541001723,185.17786597198614,183.3714609571374,184.09915161132812,89788300
2016-10-10,185.05799865722656,185.520295451856,184.91246053552302,185.05799865722656,51855000
2016-10-11,184.63000405030357,184.6984949069336,181.99316485487475,182.72085571289062,130367400
2016-10-12,182.8577827268367,183.48275670789812,182.3612339622757,182.9605255126953,73866100
2016-10-13,181.63357631731463,182.8578159446073,180.82026871823211,182.36126708984375,101357000
2016-10-14,183.33722747021903,183.79953740371388,182.3783817759969,182.45542907714844,93346200
2016-10-17,182.42974969872841,182.68658710349447,181.64212457052741,181.82191467285156,58275700
2016-10-18,183.41426587175613,183.47418718882332,182.58383244555998,182.9605255126953,76869700
2016-10-19,183.2259466513188,183.75673438142863,182.86637950544184,183.4485321044922,66519200
2016-10-20,183.09750958176414,183.66254923017698,182.4468661784142,183.1060791015625,73639800
2016-10-21,183.106107657494,183.27732825736294,182.14724878429806,183.19171142578125,89089100
2016-10-24,184.0649374413789,184.3389008279515,183.61975346984508,183.97076416015625,60146600
2016-10-25,183.79098459336805,184.0478220171836,183.1917059799945,183.3543701171875,66542300
2016-10-26,182.53252658412072,183.56841979028252,182.29280204849215,182.98626708984375,75705500
2016-10-27,183.70534120897295,183.73958009522707,182.42116743013958,182.4982147216797,77220200
2016-10-28,182.47258296054287,183.14890892401726,181.24834322181863,181.9589080810547,140623200
2016-10-31,182.2927529041506,182.51535139937488,181.80477363248966,181.96743774414062,61272500
2016-11-01,182.2928507345622,182.34422868946584,179.44199474411272,180.64910888671875,122781800
2016-11-02,180.34083850479635,180.72610117322677,179.12515529623803,179.56178283691406,103330800
2016-11-03,179.77580479671514,179.989833798208,178.4659483526424,178.73989868164062,88939300
2016-11-04,178.85120155849046,179.690191603582,178.3974611112159,178.54299926757812,109122100
2016-11-07,178.54305873236126,182.51543788086946,178.54305873236126,182.48118591308594,109794900
2016-11-08,182.08728033009285,183.86800284714064,181.82188650948365,183.30296325683594,106772100
2016-11-09,181.81339508550664,185.86283415876895,181.78771264430597,185.24642944335938,258429000
2016-11-10,186.0339921705313,186.8986645476055,184.25326948797823,185.7086639404297,172113300
2016-11-11,184.98950237844275,185.52028999059416,184.33885907763485,185.28057861328125,100552700
2016-11-14,185.80288643230247,186.00835901047284,184.68137636929268,185.4261932373047,94580000
2016-11-15,185.81148840693052,186.87307739257812,185.606028841727,186.87307739257812,91652600
2016-11-16,186.25662452049548,186.75317344713747,186.1367687839471,186.5220184326172,65617700
2016-11-17,186.67612946469208,187.5408020750015,186.56483018473205,187.4808807373047,69797200
2016-11-18,187.54933270762592,187.72055328977922,186.88155022962977,187.06134033203125,86265800
2016-11-21,187.63496313098892,188.49963568487826,187.4894249623122,188.4739532470703,72402600
2016-11-22,188.78215239591617,189.02186385363086,188.11438289752599,188.8420867919922,67429000
2016-11-23,188.32840436105832,188.9961738326538,188.13150132797097,188.94480895996094,56620200
2016-11-25,189.28722245606542,189.68102843743884,189.21016210032596,189.64678955078125,37872300
2016-11-28,189.3386507599294,189.61260113485753,188.65375522766547,188.75648498535156,76572500
2016-11-29,188.79068806458108,189.57831315059707,188.49104226452081,189.12457275390625,69886700
2016-11-30,189.74105906744364,189.9037232539868,188.61097928512137,188.67091369628906,113291800
2016-12-01,188.97045571472006,188.97045571472006,187.61779104827826,187.9773712158203,79040500
2016-12-02,188.06297674697552,188.55952553277262,187.71196609547022,188.071533203125,74840300
2016-12-05,188.9019990580523,189.5440860882473,188.70509602651484,189.20164489746094,67837800
2016-12-06,189.38997132242855,189.83515527372356,188.91054848101518,189.8009033203125,59877400
2016-12-07,189.6468370623224,192.34359747994642,189.52698133405676,192.28367614746094,110738100
2016-12-08,192.2579808058571,193.2253830250353,191.99257386659514,192.7545166015625,99714400
2016-12-09,192.9771338845785,193.93597973954576,192.94288192501824,193.91885375976562,88005800
2016-12-12,193.82468599748915,194.30412200195045,193.27677219854309,193.69627380371094,102016100
2016-12-13,194.35549606822372,195.48556261678567,194.33837008714514,194.989013671875,110477500
2016-12-14,194.68938860416048,195.39139709678585,192.94290423688426,193.37953186035156,142501800
2016-12-15,193.61921946002988,195.0318057935021,193.38806445632346,194.17568969726562,124972600
2016-12-16,194.6312573112015,194.6915449704416,193.47730315707153,193.79592895507812,156420200
2016-12-19,193.9768168804575,194.63991556084073,193.8304208596472,194.2179412841797,90341100
2016-12-20,194.7518115170943,195.11351117714477,194.5193072017222,194.96710205078125,89838800
2016-12-21,194.8379146533777,195.010144436063,194.424560546875,194.424560546875,67909000
2016-12-22,194.27820185658513,194.39876404162973,193.69260471473083,194.0887451171875,56219100
2016-12-23,194.13177206117248,194.38151643666708,193.94232848222345,194.37290954589844,36697800
2016-12-27,194.6398577945518,195.25127551528226,194.6226308736002,194.8551483154297,42672500
2016-12-28,195.11343789417407,195.1306516693939,193.13276310012074,193.2447052001953,64095000
2016-12-29,193.3136327930532,193.66671234975908,192.7624896651442,193.20169067382812,48696100
2016-12-30,193.52893622499533,193.61505768273278,191.80661219256285,192.49554443359375,108998300
2017-01-03,193.79592722132304,194.47625268810015,192.79698909968164,193.96817016601562,91366500
2017-01-04,194.29536427788966,195.26848153297962,194.2867573884805,195.12208557128906,78744400
2017-01-05,194.85515990866216,195.12211806798737,194.17483446364827,194.96710205078125,78379000
2017-01-06,195.0790604986911,196.12967937135483,194.53652414010315,195.66465759277344,71559900
2017-01-09,195.4063039034097,195.54409299917106,194.98432972524992,195.01878356933594,46939700
2017-01-10,195.03599735108756,195.87132567623993,194.63125009497077,195.01878356933594,63771900
2017-01-11,194.93266630385088,195.56993103027344,194.2695677639523,195.56993103027344,74650000
2017-01-12,195.0531914599818,195.268481958282,193.7270077721798,195.0790252685547,72113200
2017-01-13,195.25127729217894,195.82825431654757,195.21683659025288,195.52685546875,62717900
2017-01-17,194.88960402791093,195.29435128955922,194.45041606199737,194.8379364013672,61240800
2017-01-18,195.08762859655678,195.31153912048646,194.53648545658123,195.2684783935547,54793300
2017-01-19,195.34599463170878,195.483783712224,194.11453921786523,194.5451202392578,66608800
2017-01-20,195.2254491108912,195.75075852737518,194.59680444535826,195.25990295410156,129168600
2017-01-23,195.25988085598757,195.32015536434764,193.9939716372401,194.7517852783203,75061600
2017-01-24,194.9670681283333,196.41382709593856,194.8551260056911,196.00047302246094,95555300
2017-01-25,196.9477101953868,197.69692993164062,196.78408734332808,197.69692993164062,84437700
2017-01-26,197.5506309747665,197.81760233184454,197.21477819553937,197.4903564453125,59970700
2017-01-27,197.56781818965763,197.71421417781394,196.99944801896262,197.1802978515625,59711100
2017-01-30,196.4913442470013,196.5171780573932,194.97570376275382,195.95742797851562,79737300
2017-01-31,195.46657427051073,196.00050372017813,194.898217258071,195.94021606445312,75880800
2017-02-01,195.94019876504385,196.853028428981,195.4321163128962,196.0177001953125,79117700
2017-02-02,196.01771416236227,196.43108143382898,195.32879499049955,196.1468963623047,69657600
2017-02-03,197.05115223483276,197.6797969976758,196.7411332994059,197.4989471435547,80563200
2017-02-06,197.09413011524674,197.49027039160933,196.80994509660826,197.1457977294922,57790100
2017-02-07,197.53334759389273,197.77447190734355,196.96497750920597,197.15443420410156,57931200
2017-02-08,197.15449049005213,197.5420108801398,196.6119540597534,197.412841796875,51566200
2017-02-09,197.4127730625225,198.88535266019773,197.4127730625225,198.58395385742188,65955200
2017-02-10,198.92847252142548,199.59157110911215,198.60122667342299,199.36766052246094,66015900
2017-02-13,199.85849382600338,200.71104900172796,199.83266001525024,200.45269775390625,55182100
2017-02-14,200.2719222567897,201.2622668842293,199.92746255872953,201.25364685058594,71109000
2017-02-15,201.03827471556946,202.49364065914128,200.98660709584573,202.30418395996094,86785800
2017-02-16,202.33005214808165,202.51090198813316,201.38278163151736,202.13198852539062,84722400
2017-02-17,201.46886778666237,202.45059204101562,201.4516408656272,202.45059204101562,77204100
2017-02-21,202.82089123635168,203.8284492656725,202.81227120600053,203.65621948242188,88946100
2017-02-22,203.25147490734517,203.69926972156108,203.08785201202807,203.47537231445312,62115200
2017-02-23,203.99204201344,204.00925579101815,202.85530195944816,203.61312866210938,74615900
2017-02-24,202.76921937918132,203.91455332700036,202.72615864919575,203.8715057373047,82381600
2017-02-27,203.78539254474492,204.36236955714747,203.535661325161,204.1901397705078,56515400
2017-02-28,203.8112526359961,204.05237699644127,203.25150247216814,203.63902282714844,96961900
2017-03-01,205.29244133183443,206.95449108934181,205.27521440981133,206.4894561767578,149158200
2017-03-02,206.29998018539592,206.308600215748,205.13741929311072,205.1890869140625,70246000
2017-03-03,205.102992538464,205.4819059958703,204.72407908105768,205.3182830810547,81974300
2017-03-06,204.52599832218158,205.0599146181717,204.10402416355956,204.70684814453125,55391500
2017-03-07,204.40540151886213,204.7584810729663,203.88869909137853,204.0953826904297,65103700
2017-03-08,204.38819704453468,204.6465482866462,203.57870261805394,203.71649169921875,78168800
2017-03-09,203.83706442731702,204.30209931528373,203.01035617805067,203.974853515625,90683900
2017-03-10,204.93073003089174,204.9737907605969,203.74232222053638,204.68960571289062,81991700
2017-03-13,204.62936108568235,204.83604474754756,204.30212837976146,204.79298400878906,57256800
2017-03-14,204.25040165819996,204.3020824172589,203.39785966792678,204.00927734375,59880800
2017-03-15,204.5776435433198,206.1966323155387,204.34512612298658,205.774658203125,96081800
2017-03-16,205.91247041032932,205.98997184571738,205.0427014191847,205.36993408203125,78344000
2017-03-17,205.63198195982773,205.82226287274787,205.00924682617188,205.00924682617188,89002100
2017-03-20,205.00928004947667,205.2947014651116,204.3952023470911,204.78440856933594,52537000
2017-03-21,205.38983785536394,205.51092452648842,202.02534406755785,202.1550750732422,131809300
2017-03-22,202.18966922638143,202.91618921870486,201.56693403368797,202.63076782226562,97569200
2017-03-23,202.63073209762806,203.54753285927518,202.04260074013908,202.4145050048828,100410300
2017-03-24,202.7172732379335,203.2881028594989,201.48910466205444,202.26751708984375,112504900
2017-03-27,200.59820862722134,202.31938117796201,200.32144478844586,202.05990600585938,87454500
2017-03-28,201.75717813101937,203.95403957267877,201.64473582031033,203.53024291992188,93483900
2017-03-29,203.24486140080134,203.95407953685887,203.01997673531778,203.72055053710938,61950400
2017-03-30,203.65999883500942,204.5681553695538,203.48701978020478,204.3692169189453,56737900
2017-03-31,204.03193003110582,204.55952479613492,203.84164908650794,203.8935546875,73733100
2017-04-03,203.94544852350572,204.14437380427063,202.31077181340237,203.5389404296875,85546500
2017-04-04,203.2535334549345,203.75518205736938,202.87297153602123,203.66868591308594,56466200
2017-04-05,204.34324734155686,205.32059802569498,202.85560388501835,203.0631866455078,108800600
2017-04-06,203.2016094614245,204.15300091336346,202.76049767058808,203.63406372070312,69135800
2017-04-07,203.38325034394884,204.11842792690598,202.94215171264923,203.42649841308594,74412300
2017-04-10,203.56486351066155,204.3432758756478,203.01996693669741,203.5475616455078,67615300
2017-04-11,203.16695513203615,203.40912840112318,201.8177002907075,203.3053436279297,88045300
2017-04-12,203.02859575515922,203.2188766525714,202.18963357951134,202.4145050048828,81864400
2017-04-13,202.07720426085868,202.81238170244328,201.099853515625,201.099853515625,92880400
2017-04-17,201.61884991623276,202.88162231445312,201.41992462795403,202.88162231445312,68405400
2017-04-18,202.14640731501228,202.81239052775499,201.59286642580503,202.27613830566406,83225800
2017-04-19,202.83835390279546,203.2102582391283,201.67936643251812,201.9042510986328,68699900
2017-04-20,202.51831842688946,203.98867342346213,202.19830650755497,203.5475616455078,92572200
2017-04-21,203.46975338052528,203.521645786266,202.50105994680993,202.89891052246094,110389800
2017-04-24,205.13900016923373,205.33793863462017,202.87294402881207,205.13035583496094,119209900
2017-04-25,205.770357475763,206.6698563911759,205.68386135809914,206.3238983154297,76698300
2017-04-26,206.28930854770627,207.17151885724383,206.15093322651757,206.1941680908203,84702500
2017-04-27,206.51418983204485,206.66986701489674,205.83090478075857,206.36715698242188,57410300
2017-04-28,206.62669879376273,206.65264500093025,205.78773623545203,205.91748046875,63532800
2017-05-01,206.43637084960938,206.86018079937156,206.02121843190722,206.43637084960938,66882500
2017-05-02,206.57474266484968,206.69582932677102,206.1076978824263,206.5142059326172,57375700
2017-05-03,206.51421282157696,206.60935328750722,205.588754362305,206.2633819580078,73137700
2017-05-04,206.56611939387074,206.64395799930222,205.6579627381305,206.5055694580078,61462700
2017-05-05,206.87742871773935,207.33582908383048,206.43631701634504,207.3185272216797,62001300
2017-05-08,207.3618199234985,207.50885278980158,206.86017139275205,207.2839813232422,48385700
2017-05-09,207.54346036253196,207.7423856326874,206.74773288699615,207.0937042236328,51363200
2017-05-10,207.05046951495123,207.4656219482422,206.8428866995768,207.4656219482422,54293800
2017-05-11,207.0158171111785,207.20609800237523,205.96062787725276,207.04176330566406,62358300
2017-05-12,206.79100229411748,207.0850680625128,206.42774225125416,206.69586181640625,53912700
2017-05-15,207.11966394959072,207.95862634921738,207.10236208226476,207.83753967285156,61918900
2017-05-16,208.1315939933016,208.15754019413583,207.25804110448254,207.64724731445312,51241800
2017-05-17,207.64722812837044,207.64722812837044,203.90217285033032,203.9627227783203,172174100
2017-05-18,203.88489625385785,205.63201528405148,203.6254210398754,204.78440856933594,107047700
2017-05-19,205.2686960201495,206.78228560117083,205.21680363182136,206.11630249023438,115011400
2017-05-22,206.6266353290807,207.32722229980186,206.55745426285634,207.1628875732422,61010600
2017-05-23,207.5348112360203,207.78564211492287,207.15424934903544,207.62130737304688,48341700
2017-05-24,207.85477321509447,208.20937559523668,207.51744630168366,208.1055908203125,46927700
2017-05-25,208.61594932157783,209.37707310415792,208.40837970629798,209.1002960205078,64071700
2017-05-26,208.91000654420898,209.22137415187208,208.8321679416575,209.0570526123047,46629900
2017-05-30,208.7369929564361,209.12619910229242,208.5813157770756,208.87538146972656,35201900
2017-05-31,209.16947497747938,209.20407870913107,208.13158738469383,208.82351684570312,91796000
2017-06-01,209.2818630700956,210.50138694434958,208.9964417464966,210.4840850830078,68962000
2017-06-02,210.5360110522851,211.34038276481593,210.2419453498353,211.1846923828125,88666100
2017-06-05,211.01173560965785,211.29715700891515,210.83009901105527,211.02903747558594,44698800
2017-06-06,210.466814497772,211.0203553658864,210.27653358709625,210.35438537597656,50375400
2017-06-07,210.69169891436508,210.9684627494031,210.02571572770137,210.74359130859375,54144300
2017-06-08,210.8387677746789,211.3231144668124,210.31981734884585,210.847412109375,65950700
2017-06-09,211.11552099498175,211.91123526293748,209.2646172592581,210.5273895263672,132256400
2017-06-12,210.28515986866427,210.53597746957973,209.63647864160833,210.4840850830078,86108100
2017-06-13,211.0203777650746,211.56527435779938,210.67441963482645,211.5133819580078,60067000
2017-06-14,211.78143236754988,211.7900766988749,210.42352009473362,211.2451934814453,78602300
2017-06-15,209.89600002888105,210.9598470447608,209.61923615628442,210.83876037597656,66464900
2017-06-16,210.99778680066592,211.0499322546097,210.00698339029083,210.88479614257812,84553100
2017-06-19,211.71051597210155,212.70131962832218,211.61491152887774,212.64048767089844,65123800
2017-06-20,212.2841118334075,212.2927983226885,211.18901740229742,211.20639038085938,56906400
2017-06-21,211.59746816696568,211.71044555369375,210.68488301460977,211.15420532226562,55977600
2017-06-22,211.1629284400103,211.65832352725792,210.8848016626108,211.05862426757812,44148100
2017-06-23,211.1194753547663,211.64094318419558,210.73705765609583,211.31068420410156,66986800
2017-06-26,211.97992043403343,212.39711064820162,211.2411709623493,211.4497528076172,56700500
2017-06-27,211.23246021410642,211.5279732492118,209.72887535654044,209.7462615966797,82247700
2017-06-28,210.76314106699724,211.82347628093936,210.52847323786168,211.6235809326172,70042600
2017-06-29,211.77129021282053,211.82343566222565,208.5555259686431,209.76361083984375,106949700
2017-06-30,210.57188570723025,210.94561685345673,209.9635000455028,210.1547088623047,86820700
2017-07-03,211.09339088533196,211.5279540165934,210.51107788085938,210.51107788085938,39153800
2017-07-05,210.8761255787128,211.20638456590143,210.06783119610182,210.997802734375,54427600
2017-07-06,210.23295488728553,210.35463203575168,208.88580650381542,209.06832885742188,65400800
2017-07-07,209.64194027036658,210.57189842478374,209.0770002732185,210.4241485595703,57972300
2017-07-10,210.42416316812717,211.0238624203301,210.119963666866,210.65013122558594,36663300
2017-07-11,210.6501650267731,210.8066146776675,209.32910242406086,210.4937286376953,50354600
2017-07-12,211.45847389438245,212.24068241669124,211.45847389438245,212.07554626464844,59610400
2017-07-13,212.08422425743714,212.54486018070784,211.85824290969333,212.43186950683594,39471600
2017-07-14,212.43186492959558,213.77901345016744,212.33626049879845,213.42266845703125,60262700
2017-07-17,213.3444457275283,213.72686344258008,213.2227685692678,213.39659118652344,33531900
2017-07-18,212.98807096128579,213.5616974536571,212.64911226339612,213.50955200195312,42742500
2017-07-19,213.8224433044374,214.67418331440118,213.81374355439402,214.66549682617188,51034300
2017-07-20,214.9175294927569,215.03920663244577,214.21353938014167,214.76109313964844,47135200
2017-07-21,214.18749805873117,214.59598850082523,213.96151672202305,214.56991577148438,82340800
2017-07-24,214.49165998348326,214.65679609178116,214.04841037316834,214.5177459716797,46622300
2017-07-25,215.26522896300702,215.3695331531979,214.81329276550863,215.0392608642578,54915600
2017-07-26,215.32603937745765,215.36079859402545,214.7871853188609,215.04791259765625,47575400
2017-07-27,215.50858225374023,215.54334147361757,213.52696191351524,214.84803771972656,70766600
2017-07-28,214.37001170050198,214.72635669145512,213.91807554115323,214.5959930419922,50088400
2017-07-31,214.99580262225925,215.09140706086657,214.26573959752176,214.47433471679688,65838700
2017-08-01,215.074008699399,215.10876791760106,214.43085043723022,214.95233154296875,55050400
2017-08-02,215.08274387758567,215.19573457049742,214.12669938791345,215.05667114257812,47211200
2017-08-03,214.9436057790186,214.9696785049686,214.3612927964457,214.63941955566406,40856000
2017-08-04,215.12612199115475,215.3607765180168,214.64809992600595,215.030517578125,60191800
2017-08-07,215.10002369214698,215.43028259277344,214.99571954190694,215.43028259277344,31995000
2017-08-08,215.11747386415053,216.3342588003273,214.5264742685518,214.9001922607422,61719400
2017-08-09,214.21360766535665,214.94367073621333,213.85726262059882,214.8915252685547,62632600
2017-08-10,214.05713457402004,214.18751149071593,211.80610038765755,211.85824584960938,120479500
2017-08-11,212.08419213347946,212.7621095503957,211.84952433168104,212.1710968017578,74869900
2017-08-14,213.4487466454919,214.491695659703,213.41398742513857,214.2744140625,73291900
2017-08-15,214.65682724702344,214.67421348773985,213.94415051944327,214.2483367919922,55242700
2017-08-16,214.76982020562247,215.16962417546023,214.19619361221802,214.6220703125,56715500
2017-08-17,214.01364977380297,214.32653575018128,211.27589416503906,211.27589416503906,128490400
2017-08-18,211.1107405074695,212.23192068870688,210.5023548433704,210.94561767578125,136748000
2017-08-21,210.88479549613615,211.37150408053873,210.18080534642425,211.1107635498047,65469700
2017-08-22,211.69314287923814,213.47484155193214,211.67575663634727,213.3184051513672,63140100
2017-08-23,212.35364773887312,212.97941978670568,212.205897847276,212.5535430908203,50203800
2017-08-24,212.93596411886358,213.09240050234038,211.8495561386653,212.0581512451172,50741700
2017-08-25,212.8490428740146,213.46612843239413,212.40579319922318,212.5535430908203,64445900
2017-08-28,213.08375434907143,213.10982708458639,212.14509608507606,212.56228637695312,40565600
2017-08-29,211.24984420711982,213.0663150587926,211.1368535401398,212.8055877685547,51135700
2017-08-30,212.7882189478831,214.08322206327634,212.60569656795954,213.81378173828125,62030800
2017-08-31,214.43085140317208,215.3434367114177,213.848538347503,215.10008239746094,103803900
2017-09-01,215.4738133189262,215.8301583221608,215.25653172112212,215.40428161621094,62007000
2017-09-05,214.90015712543195,215.12613844359225,212.89247756007697,213.85720825195312,91398800
2017-09-06,214.53511956173446,214.91753723218903,214.0049520207523,214.58726501464844,57916900
2017-09-07,214.89149051924016,214.9088767595875,214.15272781535776,214.56121826171875,58034700
2017-09-08,214.274416360231,214.769824772838,214.06583451224182,214.30918884277344,63832800
2017-09-11,215.5780660762442,216.67317362286178,215.56069310000328,216.59495544433594,71364800
2017-09-12,216.96004172163705,217.3598324652706,216.7775193304532,217.3250732421875,56896000
2017-09-13,217.03823234422606,217.46410902833395,216.9252416753817,217.42933654785156,59228000
2017-09-14,217.10776144378448,217.55971085193482,216.93393882890064,217.35980224609375,95446300
2017-09-15,217.2156545514275,217.73971021423142,217.1108460843923,217.65237426757812,95432400
2017-09-18,218.01924704393736,218.46469641738005,217.7310103925462,218.11532592773438,46235200
2017-09-19,218.35988131876667,218.42102848279805,218.01051083970842,218.33367919921875,47108100
2017-09-20,218.42103540568147,218.52584388719498,217.41657192320085,218.41229248046875,59574100
2017-09-21,218.25512344327234,218.3424594194711,217.65244789868083,217.82713317871094,48211400
2017-09-22,217.53014764359605,218.03674424025084,217.50394552028905,217.87078857421875,51214000
2017-09-25,217.61743545677857,217.9668192362781,216.68286216782775,217.42527770996094,57064400
2017-09-26,217.8532711530073,218.0978331385597,217.32047254284774,217.55630493164062,54082000
2017-09-27,218.25512707261586,218.7879258485287,217.37294440320042,218.4036102294922,81001400
2017-09-28,218.1240924786589,218.7442405296163,218.03675650526645,218.66563415527344,44778800
2017-09-29,218.65687388117044,219.5128543148782,218.47345902225527,219.43423461914062,85578000
2017-10-02,219.66136543656245,220.38632202148438,219.4866668261174,220.38632202148438,59023000
2017-10-03,220.3863043740284,220.88415805655924,220.30768467457054,220.8579559326172,66810200
2017-10-04,220.70946216621985,221.3645418885094,220.5959107495144,221.11997985839844,55953600
2017-10-05,221.4518837893815,222.44760446083976,221.15491750595024,222.43014526367188,63522800
2017-10-06,221.9846763219045,222.4650707832565,221.7226550953771,222.1768341064453,80646000
2017-10-09,222.4039281542774,222.46506199550856,221.54794775599703,221.8099822998047,35803100
2017-10-10,222.3777281817695,222.7707733374642,221.83618656529862,222.3951873779297,43057400
2017-10-11,222.29910515071512,222.74456787109375,222.13316282390105,222.74456787109375,47674300
2017-10-12,222.4301464750898,222.77951700719035,222.17684151083012,222.4126739501953,47065100
2017-10-13,222.84942737212296,222.96297880960688,222.41270747734904,222.6834716796875,54800400
2017-10-16,222.91052901548102,223.1725502367093,222.56988810025342,222.9803924560547,38221700
2017-10-17,222.92803444683133,223.18133945006159,222.7096744987663,223.13766479492188,31561000
2017-10-18,223.51320028799114,223.55687493585796,223.1638297603191,223.35598754882812,40888300
2017-10-19,222.5785740825621,223.4520135225152,222.1593268831205,223.4170684814453,61903800
2017-10-20,224.21190536689664,224.59622083655938,223.39959979190442,224.5699920654297,89176400
2017-10-23,224.89324417338113,224.9194462959128,223.61800312947534,223.6966094970703,63915300
2017-10-24,224.1246056918486,224.32547973958586,223.73154721149646,224.08966064453125,66935900
2017-10-25,223.75775317683716,223.87130459112328,221.85366122188066,222.9803924560547,103715300
2017-10-26,223.59179742215292,223.86254822529017,223.1463347175475,223.26861572265625,69798000
2017-10-27,224.01105961565028,225.2513555999806,223.27737353607554,225.0941162109375,85562500
2017-10-30,224.01111418343248,224.99810545581022,223.9587099260733,224.25567626953125,54285700
2017-10-31,224.6311978502524,224.85830068394264,224.3080294517007,224.60499572753906,60304800
2017-11-01,225.38232419680972,225.72295172317124,224.5350868601323,224.90191650390625,54202700
2017-11-02,224.83204511359307,225.1290113188359,223.76644795113071,224.9892578125,56449500
2017-11-03,225.14648888383707,225.7841093106653,224.7359712552437,225.74044799804688,59589700
2017-11-06,225.60939030208107,226.22080855487215,225.53952687717194,226.0897979736328,49652600
2017-11-07,226.1946383869873,226.5265496765108,225.4260073281454,225.9326171875,57502200
2017-11-08,225.75790711573666,226.4129867363392,225.47840008035098,226.31689453125,50469600
2017-11-09,225.11156462700185,225.68803787692877,223.91493016041056,225.49588012695312,95085500
2017-11-10,225.1115999260466,225.600723974454,224.7971478062067,225.426025390625,59984700
2017-11-13,224.7447214001383,225.8627229227184,224.7097763557661,225.6356201171875,50228600
2017-11-14,224.83204998810425,225.21636547504622,224.0546760901173,225.11155700683594,61315200
2017-11-15,224.14203021059666,224.66609921823314,223.27733367391352,223.9848175048828,80811500
2017-11-16,224.92820321766374,226.2558487465771,224.88454189064078,225.8889923095703,67777000
2017-11-17,225.53956501844647,225.86273339190677,225.1465065530022,225.22511291503906,75756800
2017-11-20,225.46972440635292,225.80160908346332,225.22513571490924,225.6094512939453,48075500
2017-11-21,226.3780568662347,227.26898226933415,225.57450740471495,227.08554077148438,69176800
2017-11-22,227.0943368606652,227.22534749318547,226.7187641623518,226.8847198486328,45033400
2017-11-24,227.3738035315452,227.5135570664607,227.23404999662972,227.40872192382812,27856500
2017-11-27,227.45242453316544,227.749390818247,227.09431107476212,227.2952117919922,52274900
2017-11-28,227.7580688250894,229.62721529965407,227.66197662936466,229.60101318359375,98971700
2017-11-29,229.7320525704751,230.264864537519,229.01585242326902,229.46128845214844,77512100
2017-11-30,230.3784610083552,232.3786187053131,230.29985463494003,231.4702606201172,127894400
2017-12-01,231.25185497707815,231.73223604917192,227.75809691018895,230.98980712890625,164390900
2017-12-04,232.6056759761227,233.03365281038865,230.6578962545037,230.7103271484375,94040600
2017-12-05,229.8805694580078,231.59250360309943,229.74955884962907,229.8805694580078,77994500
2017-12-06,229.976659620051,230.35225894459674,229.4613334017952,229.92425537109375,75898600
2017-12-07,230.64923095703125,230.96365645856784,229.6622398184337,230.64923095703125,77218600
2017-12-08,231.60121224225176,231.91563765581287,230.61422137981182,231.90692138671875,76563900
2017-12-11,232.60565185546875,232.6667990126684,231.8807088587994,232.60565185546875,83077500
2017-12-12,233.39185386457132,233.48794610840332,232.64070839128803,233.0162811279297,85195800
2017-12-13,233.26080018071406,233.6975200232834,232.90268671117553,232.9900360107422,102905400
2017-12-14,233.28693005648842,233.40048144523197,231.98551385836262,232.0379180908203,100666700
2017-12-15,233.03968429670263,234.43554878182445,232.9870121871894,233.9702606201172,144610300
2017-12-18,235.36610742514497,235.80505949912268,235.26076321403167,235.4539031982422,83653600
2017-12-19,235.69970433667532,235.74358882543072,234.47940476779215,234.54965209960938,82382900
2017-12-20,235.51535044887996,235.56802255763964,234.12827359902516,234.4267578125,76751500
2017-12-21,235.05009009619357,235.62074932777256,234.66381005859233,234.9096221923828,67032300
2017-12-22,234.92716795261202,234.96229162203662,234.31262429947589,234.84815979003906,78720900
2017-12-26,234.44426502174645,234.78666045998,234.30382395075893,234.5671844482422,45244400
2017-12-27,234.73403807744953,235.04130991726413,234.40921779792106,234.68136596679688,57751000
2017-12-28,235.181775060121,235.20811111513945,234.7954950588432,235.16419982910156,45116100
2017-12-29,235.74360810502137,235.76115654365725,234.08438313836797,234.27749633789062,96007400
2018-01-02,235.13787066453907,235.98943885710432,234.75159065194177,235.95431518554688,86655700
2018-01-03,236.12110292886277,237.59600232641256,236.12110292886277,237.44674682617188,90070400
2018-01-04,238.0876536192369,238.93043423408284,237.5082335741826,238.44757080078125,80636400
2018-01-05,239.23764887382802,240.15943743914386,238.7460247334587,240.0365447998047,83524000
2018-01-08,239.93997419586478,240.63352595605033,239.65027762295614,240.4755096435547,57319200
2018-01-09,240.89688647081562,241.64311033514758,240.6159507209364,241.01980590820312,57254000
2018-01-10,240.26476683908032,240.91443403501134,239.59757799911702,240.6510467529297,69574300
2018-01-11,241.20421201328483,242.4069366455078,241.03740804909924,242.4069366455078,62361500
2018-01-12,242.67020471376503,244.1538376375551,242.37169381507297,243.987060546875,90816100
2018-01-16,245.24253818450373,245.89217870480007,242.45957014401458,243.1531219482422,106555100
2018-01-17,244.0836722321971,245.8570288429602,243.15309604331574,245.4707489013672,113258800
2018-01-18,245.35669651890993,245.7780734245086,244.56656123788784,245.05821228027344,100728000
2018-01-19,245.63752981107027,246.17306518554688,245.0581367444621,246.17306518554688,140920100
2018-01-22,245.96243468466326,248.17474365234375,245.9097357837922,248.17474365234375,91322400
2018-01-23,248.21858322942705,248.9911430822644,247.8937630166444,248.70144653320312,97084700
2018-01-24,249.34235578964626,249.93935104203206,247.42853095192575,248.60491943359375,134816100
2018-01-25,249.46524709816148,249.56180369497707,247.92012721704376,248.71023559570312,84587300
2018-01-26,249.54415656717376,251.63357190967932,249.2895569621085,251.58966064453125,107743100
2018-01-29,251.0191331432591,251.45808522868774,249.76373660889539,249.9217529296875,90118300
2018-01-30,248.0957738388967,249.97447521002843,246.88426155330453,247.35833740234375,131796400
2018-01-31,248.20984609063984,248.71023108676374,246.41012653639544,247.48117065429688,108364800
2018-02-01,246.75251295523756,248.4995335490144,246.41011749473475,247.20022583007812,90102500
2018-02-02,245.88335303133664,246.01506007123515,241.78355614616368,241.8186798095703,173174800
2018-02-05,240.06283194438453,242.16979594409014,231.1608735468897,231.70516967773438,294681800
2018-02-06,228.2024284398502,236.77078232610643,227.11383576435438,236.27037048339844,355026800
2018-02-07,235.7172043792899,239.10590067729856,234.90952097825843,234.98855590820312,167376100
2018-02-08,235.28705561060156,235.42752346319241,226.1392842979608,226.17440795898438,246449500
2018-02-09,228.95744719597766,231.42435631314098,222.0395699233782,229.57199096679688,283565300
2018-02-12,231.61741052872057,234.4091657307602,229.7123737697383,232.94305419921875,143736000
2018-02-13,231.7403623395533,234.06680300678443,231.16094237859048,233.5225067138672,81223600
2018-02-14,232.0388312280291,237.03410771542661,232.03004361372035,236.67416381835938,120735700
2018-02-15,238.41239000673542,239.70290992752416,235.9542427906361,239.69412231445312,111200300
2018-02-16,239.07081840698507,241.7045303485651,239.02690713305674,239.76434326171875,160420100
2018-02-20,238.81623691260538,240.25601241008334,237.47304479191206,238.26315307617188,86369700
2018-02-21,238.70210022472662,241.17779601748344,236.98141582880206,237.07797241210938,98883700
2018-02-22,237.99981276687265,239.711709729396,236.7180802507282,237.38526916503906,110511300
2018-02-23,238.6056321866141,241.16909790039062,238.1315563332114,241.16909790039062,92766400
2018-02-26,242.24002586058097,244.0660810448981,241.65184522857155,243.96949768066406,86491400
2018-02-27,244.1539603124492,244.8650874678141,240.86181907554146,240.92327880859375,99099200
2018-02-28,242.02063428753124,242.46837402290828,238.16664860815584,238.48268127441406,121907800
2018-03-01,238.27198600532518,239.81710599569337,233.52252099123643,235.0149688720703,176855100
2018-03-02,233.3468706278778,236.78826606877433,232.48654186128144,236.2263946533203,139083200
2018-03-05,235.04135621975445,239.57134616885665,234.9359851861803,238.95680236816406,97307400
2018-03-06,239.9312506039078,240.0102855727528,238.0700976494251,239.5625457763672,79213200
2018-03-07,237.4028296712189,239.82582667878052,237.20968970474965,239.47467041015625,87063500
2018-03-08,240.1506510839523,240.75640704428025,239.15864197545773,240.63351440429688,66901200
2018-03-09,242.0381499475418,244.8210906982422,241.72209056756208,244.8210906982422,113625300
2018-03-12,245.11083486984458,245.7341392777814,244.12755977525234,244.5138397216797,71924800
2018-03-13,245.67274250351971,246.17315439753227,242.3279291766168,242.93368530273438,91968900
2018-03-14,243.89051360543561,244.07486594797848,241.1339089147542,241.6869659423828,105895100
2018-03-15,242.19617435500027,242.8370271669328,240.9232027619332,241.42361450195312,83433000
2018-03-16,241.94980954895198,242.73428632376158,241.63251123474083,241.68539428710938,100343700
2018-03-19,240.93622002883185,241.86170049075108,236.7670927477109,238.41534423828125,109208400
2018-03-20,238.81200848856804,239.4554549648832,238.14212048028443,238.82083129882812,59757300
2018-03-21,238.77671055837496,240.86567198647185,238.15090979060938,238.36244201660156,78709600
2018-03-22,236.14128090528047,236.9874367365729,232.13080299363773,232.40406799316406,148785900
2018-03-23,232.84475290377557,233.1708740275143,227.25652596079306,227.450439453125,183534800
2018-03-26,231.04663385001984,233.95530915276683,228.64917032274315,233.67324829101562,141956100
2018-03-27,234.60762172890932,235.13645231917573,228.1467967301256,229.69810485839844,129941400
2018-03-28,229.83029701052686,231.49619395397707,227.91760350865525,229.01937866210938,146452300
2018-03-29,230.1564425245714,233.80553513065988,229.0282257239141,231.9457244873047,111601600
2018-04-02,231.41690411803935,231.92814298876075,224.47132084605792,226.93930053710938,186286300
2018-04-03,228.17322279650818,230.32389004720667,226.38394102387377,229.84791564941406,119956900
2018-04-04,226.30461430451857,233.01220846166905,226.17240666715955,232.3070831298828,123715300
2018-04-05,234.0611514312149,235.0219232354331,232.9770216703882,234.1405029296875,82652600
2018-04-06,232.1837048489923,233.67328013698705,227.40639586017514,228.9224395751953,179521200
2018-04-09,230.37681089226027,233.43534029483922,229.11638636610888,230.05068969726562,105442900
2018-04-10,232.93293347707709,234.49306462652993,231.79592065488106,233.70858764648438,103529000
2018-04-11,232.22780953419007,234.1405034372823,232.15730774505533,232.48342895507812,91140200
2018-04-12,233.80558156532558,235.3392444383138,233.62928672756837,234.3961181640625,68890500
2018-04-13,235.7006061362064,235.81519507925242,232.703782489798,233.70858764648438,85079200
2018-04-16,235.33922430803474,236.3969394464726,234.51950987009275,235.6300811767578,63405300
2018-04-17,237.39293495805802,238.75032985118625,236.88172298207755,238.15097045898438,64682000
2018-04-18,238.59165531201305,239.1293087659003,237.8688842340687,238.32723999023438,57303900
2018-04-19,237.67501872082548,237.8777551076934,235.9738837097731,237.00515747070312,77655900
2018-04-20,236.9345575277574,237.1549125737747,234.11400217921198,234.99542236328125,99953100
2018-04-23,235.56838720920786,236.123686276615,233.88487128536516,234.960205078125,65558000
2018-04-24,235.98267553861925,236.20303062196353,230.2975036288115,231.79592895507812,112885500
2018-04-25,231.73422698132876,232.8095608821234,229.91850321587756,232.3688507080078,103840900
2018-04-26,233.39128417911363,235.55957054280748,232.95057403778003,234.7310333251953,67731900
2018-04-27,235.33921256954207,235.6388922340953,234.01708216184804,234.95138549804688,57053600
2018-04-30,235.5684066465393,236.12370575976553,233.0739720424936,233.14450073242188,82182300
2018-05-01,232.5803406831274,233.66449719784265,231.02903254476593,233.55873107910156,74203400
2018-05-02,233.36482048739748,234.17571200711808,231.60198008945386,231.98980712890625,86368900
2018-05-03,231.16132400218362,232.1308649285438,228.3319451352399,231.47862243652344,136311500
2018-05-04,230.50895174476614,235.154052421026,230.18283064429028,234.475341796875,91222100
2018-05-07,235.2422810006576,236.23826336253111,234.55474733145712,235.2687225341797,55304900
2018-05-08,234.89851416605737,235.63008119271018,233.70859135993757,235.2687225341797,67499200
2018-05-09,235.9385486756778,237.86886103281918,235.41851399436158,237.54273986816406,59666100
2018-05-10,238.2831213529077,240.09004880901813,238.17735523817117,239.76390075683594,72063900
2018-05-11,239.88733180849408,240.75992922415082,239.3760930143519,240.49551391601562,59871500
2018-05-14,240.9273905187562,241.57963284906248,240.06358905252702,240.61009216308594,54790600
2018-05-15,239.38485961358774,239.40247833038944,238.00984653653427,238.95297241210938,87036100
2018-05-16,238.98828401389073,240.41618042257653,238.96181558524657,239.95782470703125,53942600
2018-05-17,239.69349735521246,240.83053735291216,238.97954888891297,239.7552032470703,56536400
2018-05-18,239.41141169141412,239.77279729375869,238.80322944586064,239.15579223632812,64368000
2018-05-21,240.6365742714875,241.49155307240963,240.24874717217347,240.95387268066406,58025900
2018-05-22,241.4738581359053,241.72947751252565,239.95781439332927,240.283935546875,52966400
2018-05-23,239.01472187827835,240.971475752457,238.85604580289476,240.94500732421875,64694200
2018-05-24,240.5484167533651,240.8216548938382,238.67098721482813,240.45144653320312,76043800
2018-05-25,239.87847900390625,240.5042797541157,239.37606308246154,239.87847900390625,56374800
2018-05-29,238.25674504247283,239.01478057026313,236.00913379265558,237.1197052001953,115908600
2018-05-30,238.424151931224,240.72464562438188,238.35365015429863,240.283935546875,69678400
2018-05-31,239.878553374853,240.17823307911553,238.21268282780306,238.81204223632812,93519900
2018-06-01,240.1076174822197,241.45618896164063,240.03708882122353,241.15650939941406,71258400
2018-06-04,241.97636895296512,242.55810971121747,241.73839510137873,242.302490234375,45385200
2018-06-05,242.43455055779108,242.8576418244624,241.66771949222644,242.4786376953125,51135000
2018-06-06,243.08695320993857,244.61179337177003,242.46994813598835,244.5060272216797,62732200
2018-06-07,244.99073091584611,245.28158771736173,243.57163054799622,244.4794921875,72969400
2018-06-08,244.0211859352413,245.25516882630356,243.85371394658182,245.20228576660156,72139700
2018-06-11,245.4226609959224,246.24237538751734,245.30807205754232,245.52842712402344,58892500
2018-06-12,245.9426616881948,246.20707697185418,245.20227199514045,245.84571838378906,72329000
2018-06-13,246.08376069412148,246.33938013874248,244.8585734412964,245.06130981445312,79070600
2018-06-14,245.925065019097,246.2070990473521,245.08770504774918,245.6782684326172,77097600
2018-06-15,244.895603562976,245.70130092797672,243.7888808670294,245.36485290527344,120041600
2018-06-18,243.91276179336904,244.9840885625564,243.43467715644596,244.86012268066406,52917600
2018-06-19,242.59368530938067,244.143097533072,242.1775563742337,243.9217529296875,97531500
2018-06-20,244.60337114773532,245.00180205689944,244.00132059043202,244.3377685546875,53785500
2018-06-21,244.328973491891,244.34669834937597,242.3103121693889,242.80612182617188,71061400
2018-06-22,244.0632625173664,244.17836596153998,243.02735853939217,243.2487030029297,54898500
2018-06-25,242.09784043597134,242.2572020425829,238.25530192104247,239.93751525878906,137854200
2018-06-26,240.50409639205643,241.31862903294743,239.7515196771776,240.4686737060547,68547400
2018-06-27,241.05303106816336,242.47847672690543,238.32605160508425,238.47657775878906,105110700
2018-06-28,238.42349268702802,240.60151539893317,237.7151739460364,239.84010314941406,76650500
2018-06-29,240.92909341827357,242.29258330965268,240.07027554780439,240.1853790283203,97592500
2018-07-02,238.61829634130885,240.85830219113393,238.3792269257358,240.69891357421875,63554800
2018-07-03,241.59316478266507,241.6905704427875,239.42400422779951,239.84896850585938,42187100
2018-07-05,240.97338766695466,241.86760124254315,239.90206063048137,241.8056182861328,56925900
2018-07-06,241.83219950579445,244.22270428564602,241.4514663685335,243.85086059570312,66493700
2018-07-09,244.85128879462133,246.09967508683505,244.80703069998145,246.0465545654297,50550400
2018-07-10,246.49810394762574,247.02933617681353,246.20591406275534,246.9319305419922,51966800
2018-07-11,245.38259124794206,246.17059090694184,244.8247985939717,245.12582397460938,77054700
2018-07-12,246.38300937889045,247.40118876018292,245.78095877320726,247.3480682373047,60124700
2018-07-13,247.17103350001074,247.84390253014723,246.71948199088973,247.54287719726562,48216000
2018-07-16,247.58714758902812,247.7287843093492,246.87882888944463,247.32151794433594,48201000
2018-07-17,246.551204508345,248.7115289177783,246.4980839916861,248.32196044921875,52315500
2018-07-18,248.40165608107782,248.9505861324455,247.9589670693822,248.84434509277344,44593500
2018-07-19,248.18037940734067,248.56108557675034,247.42780247784685,247.90591430664062,61412100
2018-07-20,247.70225464991242,248.33089263963382,247.46321225779238,247.62257385253906,82337700
2018-07-23,247.41889800487505,248.28655117021037,247.07358760835706,248.0829315185547,47047600
2018-07-24,249.49080955981233,250.1725412626684,248.46376728018558,249.3314208984375,68026900
2018-07-25,249.08347957158932,251.77503732383056,249.03922146188526,251.45631408691406,78882900
2018-07-26,250.73915922587406,251.54482974615317,250.64175355729782,250.86309814453125,57919500
2018-07-27,251.19059746428582,251.28800309937907,248.24230046443236,249.16310119628906,76768700
2018-07-30,249.24279041796194,249.40215198668153,247.33920594196468,247.86160278320312,63742500
2018-07-31,248.62304812545446,249.69434817311216,248.2423419873048,249.08343505859375,68570500
2018-08-01,249.28704229026565,249.79171426487278,248.0209581599443,248.66726684570312,53853300
2018-08-02,247.3658681456286,250.1902002009129,247.162221399743,250.02200317382812,63426400
2018-08-03,250.14593096703038,251.1464127729615,249.9688444985181,251.09329223632812,53935400
2018-08-06,251.1287207970645,252.32395991882225,250.73915217292347,252.01409912109375,39400900
2018-08-07,252.67810121530914,253.22703138431552,252.54527286766023,252.84629821777344,43196600
2018-08-08,252.67798854560988,253.13837528409576,252.27955771952196,252.7399444580078,42114600
2018-08-09,252.80201123908088,253.19157976992932,252.26194356016575,252.39474487304688,35717000
2018-08-10,250.96042626495432,251.5004939215106,249.99534038558284,250.7036590576172,77076000
2018-08-13,250.97813090933042,251.58904395946368,249.4729773325625,249.76516723632812,65732900
2018-08-14,250.49117247783963,251.59789505219464,250.10160397009915,251.35882568359375,43842000
2018-08-15,250.0130743094144,250.15473804896044,248.0475338300558,249.48184204101562,102925400
2018-08-16,250.91616596894616,252.36819912554938,250.88074327694193,251.50051879882812,69967900
2018-08-17,251.2968851103208,252.82859913857132,250.88961869976814,252.3859100341797,65618500
2018-08-20,252.83739063793178,253.19153641817607,252.3858392318554,252.92593383789062,39807500
2018-08-21,253.43942323545804,254.37792164552263,252.96131160517953,253.51910400390625,67272000
2018-08-22,253.11194611312737,253.89108331990417,252.84631641830762,253.36871337890625,44993300
2018-08-23,253.19157287482844,254.05039070086602,252.71346114188097,253.03221130371094,49204900
2018-08-24,253.6076318976241,254.696656373228,253.55451138853,254.55499267578125,57487400
2018-08-27,255.75032058083627,256.6711214264323,255.5909589978284,256.56488037109375,57072400
2018-08-28,257.0252637708789,257.1315318443619,256.2284288471343,256.6888427734375,46943500
2018-08-29,256.90130179728936,258.3001872470909,256.66225944752415,258.07000732421875,61485500
2018-08-30,257.5919235454238,257.96376724094705,256.4320803195823,257.0252685546875,61229500
2018-08-31,256.617989857108,257.4768077102713,256.13104270122597,257.03411865234375,66140800
2018-09-04,256.61799092686505,256.94557650796173,255.59094906584016,256.5914306640625,57594400
2018-09-05,256.23728113360505,256.4409278252253,254.89151613831157,255.9008331298828,72452400
2018-09-06,256.00716173118104,256.30818714809163,254.1036035544675,255.13064575195312,65909900
2018-09-07,254.08583548590653,255.60868701029355,253.84676608884516,254.634765625,73524800
2018-09-10,255.64406629350196,255.90969593769657,254.88265408992106,255.0774383544922,50210900
2018-09-11,254.43115008705269,256.3612682382333,254.08586661064174,255.9185791015625,50530500
2018-09-12,255.9274092570225,256.5825804504032,255.19255727144122,255.98052978515625,59810800
2018-09-13,257.0429823679138,257.68045569530796,256.75965488471724,257.4945068359375,51034200
2018-09-14,257.69821048912604,257.8841323699944,256.75971163574974,257.5388488769531,55079900
2018-09-17,257.4857236145753,257.52111929245183,255.9008888925555,256.17535400390625,68244000
2018-09-18,256.38773979012984,258.15849572409456,256.36117953190404,257.5653076171875,61930400
2018-09-19,257.6184687058169,258.2559420232231,257.4945028015122,257.8398132324219,49080600
2018-09-20,259.0969993755768,260.24797982774675,257.8574487106688,259.9292297363281,100360600
2018-09-21,260.6701942475922,260.78581879458903,259.5317810140974,259.6918640136719,105479700
2018-09-24,259.11374214506895,259.25604717756437,258.25103654562844,258.8291320800781,53409600
2018-09-25,259.28270927831363,259.38943125963567,258.3488647998379,258.5889892578125,44370000
2018-09-26,258.7312519258059,259.91412321436593,257.3971730938539,257.815185546875,79739700
2018-09-27,258.2866175118633,259.62069664612955,258.0109099954677,258.53564453125,59249500
2018-09-28,257.9130552985251,259.060370917637,257.877499398238,258.56231689453125,70091400
2018-10-01,259.79851514867977,260.5278181370274,258.79353183087005,259.4605712890625,62078900
2018-10-02,259.3094482421875,260.0209463727001,258.9359212233382,259.3094482421875,47258200
2018-10-03,260.35885464256023,260.77686715736866,259.09594169443756,259.4516906738281,64694600
2018-10-04,258.971473535749,259.02483453770105,255.8408438062701,257.4239501953125,111545900
2018-10-05,257.64631758210425,258.1621496899849,254.5601460574228,255.98316955566406,105951700
2018-10-08,255.2983247387188,256.33891864474543,253.91978684031002,255.98316955566406,87742200
2018-10-09,255.60066744276395,256.9080388672711,255.04922529794348,255.6095428466797,74339000
2018-10-10,255.10260623888726,255.17377232722666,247.1426168317317,247.51614379882812,214731000
2018-10-11,246.431132665706,248.04982217091188,240.45445592041213,242.06427001953125,274840500
2018-10-12,246.15530112776585,246.43991110132865,242.24200898793077,245.426025390625,183186500
2018-10-15,245.07027370742713,246.39547715394392,243.95854133324738,244.0474853515625,102263700
2018-10-16,246.00413366011207,249.75734306515875,245.53276024122266,249.3837890625,118255800
2018-10-17,249.41944218007552,250.05089871671996,246.85800584754992,249.4283447265625,110626000
2018-10-18,248.49440576949516,249.0903062427218,244.55443289340653,245.8262481689453,134557500
2018-10-19,246.47559630970608,248.4055491200804,244.99921199445404,245.69293212890625,139901600
2018-10-22,246.35994223177246,246.68010818995015,244.0564355596308,244.59007263183594,82415800
2018-10-23,240.97915149539128,244.4655294729058,238.89796433649786,243.3448944091797,146352700
2018-10-24,243.09582507216817,243.478281619658,235.42044790269816,235.97186279296875,177806700
2018-10-25,237.8040571423669,241.7440310079275,236.78126856701027,240.20538330078125,138061500
2018-10-26,236.50558142545964,241.0236512105069,233.27710529716651,235.98081970214844,201574600
2018-10-29,239.06693924966632,240.35655977032127,231.10695105767994,234.67337036132812,160749100
2018-10-30,234.50444807839088,238.46219999139012,234.01526943167627,238.15090942382812,157116000
2018-10-31,240.7122969905174,243.0069278938109,240.24092353238416,240.69451904296875,128296300
2018-11-01,241.55726602534855,243.4516627284058,240.4722139163721,243.25599670410156,99495000
2018-11-02,244.35877035739765,244.7856853505812,239.76953596281086,241.8151397705078,122634100
2018-11-05,242.30434908918804,243.7006917677633,241.33492150588376,243.14927673339844,65622500
2018-11-06,243.08695198751172,244.8479186355636,243.02468846268695,244.68783569335938,60085900
2018-11-07,246.85795354737292,250.0063873008901,246.43103853509635,249.9263458251953,102752100
2018-11-08,249.1259656950911,250.11319853146952,248.33442605834674,249.47283935546875,65584900
2018-11-09,248.1654298904992,248.35219339245518,245.63067379630257,247.03591918945312,98812600
2018-11-12,246.5289735049613,246.76909801815407,241.9041542101757,242.42001342773438,99673600
2018-11-13,242.88246681934416,244.87468316220532,241.24599951743505,241.96640014648438,98176600
2018-11-14,243.8341260912925,244.23433359982502,238.75573844232798,240.31216430664062,125335900
2018-11-15,239.04918691779187,243.28267329833074,237.47498334426214,242.82017517089844,135101400
2018-11-16,241.72624899886281,244.35882418194376,241.21038987573397,243.45166015625,126668000
2018-11-19,242.84689099106228,243.14040363645833,238.41776508702043,239.33383178710938,103061700
2018-11-20,236.00746255389294,237.46606866293442,234.0419270384769,234.90463256835938,136021300
2018-11-21,236.45218975453028,237.59950549234424,235.6962332375424,235.70510864257812,75563700
2018-11-23,234.06861109703652,235.527217228284,233.97079166091788,234.13087463378906,42807900
2018-11-26,236.3810366819656,238.13312838545468,235.98970462643132,237.91078186035156,79981400
2018-11-27,236.87910933634961,238.71124267578125,236.27433325461553,238.71124267578125,75502400
2018-11-28,239.77847091805359,244.2075958251953,238.64893332775299,244.2075958251953,127629600
2018-11-29,243.43389010233471,245.07035745935582,242.29547684780206,243.67404174804688,82346400
2018-11-30,243.5227131436456,245.71949705985386,243.20254729767166,245.1591796875,98204200
2018-12-03,249.27703382062208,249.38375576658945,246.81344509487946,248.40542602539062,103176300
2018-12-04,247.5783616693744,248.00527669492658,240.0452616142607,240.35655212402344,177986000
2018-12-06,236.50553495236963,240.10753736347036,233.410461928897,239.99191284179688,204185400
2018-12-07,239.65395115076464,241.2192792431404,233.57945653094646,234.4154815673828,161018900
2018-12-10,234.23758739782187,235.82959594381217,230.01300388121976,234.86016845703125,151445900
2018-12-11,238.0530908610672,238.23985434553188,233.44607729820376,234.91355895996094,121504400
2018-12-12,237.8841103617398,239.24487006116965,236.01639405183923,236.096435546875,97976700
2018-12-13,237.03917653874748,237.90188215211614,234.90465530067445,236.01638793945312,96662700
2018-12-14,233.87291800694808,234.82456747202116,231.10694077556747,231.65835571289062,116961100
2018-12-17,230.7067150296598,231.81844749138895,225.48602373208445,227.1136016845703,165492300
2018-12-18,228.75010114550832,229.41714067784332,225.26369591406458,226.86459350585938,134515100
2018-12-19,226.9446507542669,230.70675017805107,221.7684306807493,223.46714782714844,214992800
2018-12-20,222.2219483920661,223.78726259807357,217.58824215552116,219.82949829101562,252053400
2018-12-21,220.72860171340417,223.3855045339363,214.6812341608542,215.32533264160156,255345600
2018-12-24,213.84034063943142,215.45058694361018,209.57320499611265,209.6358184814453,147311600
2018-12-26,211.09393536988443,220.2275848388672,209.11690857829768,220.2275848388672,218485400
2018-12-27,216.998207573705,222.1151909748024,213.76877426318353,221.91839599609375,186267300
2018-12-28,223.26920838177477,224.89733637571823,220.46916948727355,221.6321258544922,153100200
2018-12-31,223.25131500932955,223.81490460672552,221.38164665156634,223.5733642578125,144299400
2019-01-02,220.04873678437622,224.7273989963419,220.02190048222155,223.80596923828125,126925200
2019-01-03,222.06150186504593,222.36566931905944,217.98222086036947,218.46530151367188,144140700
2019-01-04,221.48898887122783,226.42707273146465,221.11326702808634,225.78297424316406,142628800
2019-01-07,226.05132962307513,228.96765431227632,225.15674999016903,227.56317138671875,103139100
2019-01-08,229.74600880148805,230.18434420172517,227.2232870155942,229.70126342773438,102512600
2019-01-09,230.40798400007034,231.61567225774735,229.18241397353972,230.77476501464844,95006600
2019-01-10,229.24502671919808,231.83930266140655,228.56513733970846,231.5888214111328,96823900
2019-01-11,230.51531358491874,231.7051199930724,229.9338421818793,231.67828369140625,73858100
2019-01-14,229.78172036067835,231.06991726630778,229.37917589042223,230.26480102539062,70908200
2019-01-15,230.64053836674492,233.21693219887842,230.63158383386505,232.90382385253906,85208300
2019-01-16,233.3331831885252,234.35301702855713,233.12744735442945,233.46739196777344,77636700
2019-01-17,232.59965398203775,236.09746354596547,232.55490862113237,235.2386474609375,96118400
2019-01-18,237.04574468322795,238.83490412813006,235.2744670046285,238.3697052001953,127900300
2019-01-22,236.9025808874693,237.1172712595665,233.53895278912816,235.14918518066406,115531200
2019-01-23,236.17800390992494,236.87577500924823,233.18115634601335,235.64125061035156,86030300
2019-01-24,235.46231041761553,236.34796286693012,234.45143100905162,235.76646423339844,59204100
2019-01-25,237.60926200285365,238.58437774011935,235.86484825448963,237.7613525390625,96883400
2019-01-28,235.62340130094339,236.01699132108016,234.19206807171742,235.9543914794922,85613700
2019-01-29,236.09749501004995,236.66105730917477,234.80929801123665,235.64125061035156,66136300
2019-01-30,237.15305735490657,240.21250429784018,236.39265923503496,239.37159729003906,92473700
2019-01-31,239.30903974505677,241.95698818402894,239.0943220389077,241.47390747070312,104012100
2019-02-01,241.67074939175615,242.6100746470518,240.80300581517082,241.59024047851562,85782500
2019-02-04,241.63490857696522,243.35251360542537,240.9639738049802,243.28988647460938,60744800
2019-02-05,243.71929701903028,244.61387672404788,243.21833456825289,244.30972290039062,79552800
2019-02-06,244.03229417322956,244.52430186662474,243.25401455258205,243.987548828125,58347800
2019-02-07,242.37744182669658,242.92312237490376,240.0068109279789,241.6617889404297,95482000
2019-02-08,240.41835270069902,242.05542193667483,239.59532716485373,241.95703125,75788900
2019-02-11,242.61002752428735,242.86943598309523,241.56335725463512,242.09115600585938,68021400
2019-02-12,243.70141259084346,245.58000811053353,243.62983092699662,245.2042999267578,72270200
2019-02-13,246.03626385603758,246.84138015886657,245.61581028783473,246.00047302246094,65277200
2019-02-14,244.91806536618728,246.58199805028215,244.1039944428411,245.45481872558594,83234400
2019-02-15,247.22604336493276,248.16536847036366,247.0203074973905,248.12957763671875,97088700
2019-02-19,247.33345094888386,249.212046825401,247.3244964141007,248.55902099609375,59120800
2019-02-20,248.5231680196707,249.51616561794017,248.02220560446585,249.05992126464844,76610800
2019-02-21,248.42476708591184,248.78259346762562,247.2170791597752,248.17428588867188,64214700
2019-02-22,248.7915085043155,249.90973295511063,248.1563646603763,249.71295166015625,78114600
2019-02-25,251.13537861516554,251.65422284883292,249.97240858043799,250.05291748046875,69030700
2019-02-26,249.7040206033896,250.75066349950507,249.49825745695466,249.87399291992188,56844100
2019-02-27,249.15834287634237,250.1155497637619,248.2279995898932,249.7666778564453,56921600
2019-02-28,249.55188802668022,249.99025054305505,248.97937134667168,249.30140686035156,69268300
2019-03-01,250.87585295153653,251.2694700775798,249.42663866946685,250.85797119140625,78880500
2019-03-04,251.9135967161056,252.15512335685045,247.65538949141686,249.9455108642578,106494600
2019-03-05,250.07080497302118,250.26761358958612,249.05992559250146,249.60560607910156,59114600
2019-03-06,249.72198358778937,249.73093812327843,247.77180588008423,248.09384155273438,75039800
2019-03-07,247.64647052496792,247.78960654387646,245.17744927490716,246.0183563232422,94885100
2019-03-08,244.16658535488742,245.6963089968519,243.70141373931386,245.52633666992188,85795800
2019-03-11,246.2420047220662,249.2477792605108,246.21516842441596,249.08676147460938,65098900
2019-03-12,249.64141454290714,250.54494879646793,249.453560445773,250.0260772705078,79667500
2019-03-13,250.91167447017656,252.61137010400643,250.75062940771232,251.68099975585938,80639200
2019-03-14,251.7078583448414,252.1283118499615,251.08166900343892,251.52000427246094,67518400
2019-03-15,252.0707990334898,253.57131202170393,251.88209009768903,252.7626495361328,81309000
2019-03-18,252.97838498395302,253.97575679733146,252.7537549040807,253.67922973632812,62199800
2019-03-19,254.73949825355814,255.50321856970672,252.852600145159,253.74212646484375,90268100
2019-03-20,253.52644405949383,254.73045774743304,251.87317030498068,252.97833251953125,84609200
2019-03-21,252.16068848642908,256.2399499079423,252.115746030022,255.83563232421875,79550400
2019-03-22,254.4789155595248,255.00004525839176,250.8488859396825,250.9117889404297,122659300
2019-03-25,250.57029249849992,251.75634559535843,249.4651303397219,250.72305297851562,85575200
2019-03-26,252.47515272202335,253.54439382873687,251.19027556711794,252.5919647216797,68125900
2019-03-27,252.5829343773154,253.16699429149978,249.7256474675577,251.27110290527344,72224700
2019-03-28,251.90013293967937,252.67284711720208,250.75002822896835,252.2235870361328,56238500
2019-03-29,253.73313183400046,254.1374494706387,252.60998158668255,253.81399536132812,82186800
2019-04-01,255.808730776996,257.12056268797323,255.5391582447158,256.82403564453125,77617900
2019-04-02,257.01267104799234,257.18339204335194,256.1590660711943,256.94976806640625,40070400
2019-04-03,258.16284976811403,258.55820087935837,256.7521663675677,257.35418701171875,68243200
2019-04-04,257.67758476056383,258.2885718276397,256.9857341776094,258.0369873046875,48997500
2019-04-05,258.70191713096256,259.3398587189356,258.41438412036786,259.28594970703125,58621700
2019-04-08,258.8636919237671,259.59149113940293,258.2077622637104,259.4836730957031,53566300
2019-04-09,258.522174565323,258.8456286022435,257.6056940400608,258.1537780761719,66142300
2019-04-10,258.5670843373598,259.1241897573699,258.1537728250394,259.0343322753906,52601500
2019-04-11,259.5196026050741,259.5285965825624,258.3964522455626,258.9625244140625,55093100
2019-04-12,260.57077209913416,260.9930775507416,259.0073562411478,260.71453857421875,69727800
2019-04-15,260.7864442960236,260.88529575789886,259.7441577724898,260.5438537597656,49596700
2019-04-16,261.4243769759953,261.47828597657065,260.1215121472391,260.71453857421875,52153200
2019-04-17,261.82872721774316,261.855681721401,259.6632906883781,260.0766296386719,58268300
2019-04-18,260.6607336464958,260.85840920108075,259.3668622747877,260.5888366699219,68708500
2019-04-22,259.8251261729986,260.96623707797863,259.7352686592267,260.8134765625,40160100
2019-04-23,261.1818444505832,263.39222387949684,260.9482478452623,263.1585998535156,52246600
2019-04-24,263.0777235358863,263.410171605521,262.43078792825753,262.5745544433594,50392900
2019-04-25,262.47568374884355,263.06871029746924,261.22675508512435,262.41278076171875,57770900
2019-04-26,262.4577369591944,263.7066656882998,261.68499538422964,263.6347961425781,50916400
2019-04-29,263.7246416311188,264.56925271334455,263.6347841375647,264.048095703125,57197700
2019-04-30,263.7066163248907,264.47036378092696,262.29596081647924,264.1828308105469,81111700
2019-05-01,264.8118402899683,265.0185097807534,262.1881495792361,262.1971435546875,71671900
2019-05-02,262.0802413327125,262.99674905222287,260.13943532866676,261.6309814453125,65030200
2019-05-03,263.10463197802125,264.47037250137964,261.7388640340087,264.19183349609375,56543700
2019-05-06,259.8969517961515,263.54494138916215,259.58246426144535,263.10467529296875,107198100
2019-05-07,260.705561358726,261.2985878238254,256.8059880160905,258.7108459472656,144729900
2019-05-08,258.3514709472656,260.0586535717971,257.7584444190409,258.3514709472656,91568300
2019-05-09,256.2848860812778,258.17175626704255,254.55072152918922,257.56976318359375,103471100
2019-05-10,256.6353077314568,259.6184010578606,253.652214405053,258.8636474609375,112429300
2019-05-13,253.76006930266527,254.7214650101081,251.52273551419995,252.3583526611328,127290500
2019-05-14,253.37366265002794,256.16807429211826,253.24788410051545,254.6405792236328,77003200
2019-05-15,253.01424507952993,256.7700521218785,252.80757560681195,256.1321105957031,73956400
2019-05-16,256.8329499899436,259.8609579611438,256.7610804560164,258.50421142578125,76749600
2019-05-17,256.20399924622245,259.31287068694866,256.18601129747526,256.83294677734375,100353000
2019-05-20,255.2335743986409,256.9407568168034,254.38896345332793,255.13475036621094,62877600
2019-05-21,256.8239221726295,257.812299512973,256.57233770605575,257.4349365234375,46847100
2019-05-22,256.482621077497,257.59677743350494,256.1681335000444,256.64434814453125,49482500
2019-05-23,254.42494923843603,254.46986427419012,252.09778552084444,253.5084686279297,98733800
2019-05-24,254.9461135870853,255.35945262328002,253.4635607364856,254.0835418701172,55268100
2019-05-28,254.3621108854613,255.314540218978,251.70249844964093,251.720458984375,70029400
2019-05-29,250.6062703090443,251.01058794348035,248.6295149162675,250.0312042236328,104972900
2019-05-30,250.78591983240716,251.62156432473273,249.61785472710497,250.71405029296875,62523800
2019-05-31,248.1712922154684,248.9979154505843,247.30869307361624,247.3356475830078,86862800
2019-06-03,247.37160702364017,248.4857633553792,245.3768909783469,246.7067108154297,96428000
2019-06-04,248.99790209790564,252.19663167059005,248.5486420183639,252.06185913085938,77231900
2019-06-05,253.6791367591237,254.27216324311325,251.87313022493018,254.24520874023438,71169700
2019-06-06,254.54176708749608,256.5724038696885,253.89483151795633,255.8985137939453,69430400
2019-06-07,256.9138946222919,259.5375858798903,256.7431735770717,258.4593505859375,74272200
2019-06-10,260.0048494610901,261.30771503792096,259.5555892512404,259.64544677734375,60799100
2019-06-11,261.4603007892035,261.8286972441243,258.93546202655364,259.5823974609375,58641300
2019-06-12,259.3488670961745,259.9059451972257,258.61207399835774,259.1242370605469,47096300
2019-06-13,260.0317238829631,260.55288092143763,259.3308792682955,260.1934509277344,48945200
2019-06-14,259.906005859375,260.5079991397937,259.1422580758503,259.906005859375,52324700
2019-06-17,260.13950274162505,260.7684777152376,259.83400922950466,260.0047302246094,39205700
2019-06-18,261.81977777473696,263.7785449569694,261.4603478082686,262.7272644042969,85434800
2019-06-19,262.86208891416766,263.85046667610106,261.8916991065089,263.3203430175781,78674400
2019-06-20,265.9978750491621,266.24046558371964,263.3831784940885,265.83612060546875,116570000
2019-06-21,265.5671176917623,266.82212083031214,265.2330527028107,265.4497375488281,83309500
2019-06-24,265.6573967423069,265.97338627298683,264.9711913645555,265.12469482421875,47582700
2019-06-25,265.17894479355795,265.2060304057759,262.4161021312064,262.5244445800781,82028700
2019-06-26,263.4180879293298,263.92370399147154,262.1540477739754,262.26239013671875,51584900
2019-06-27,263.0209840306274,263.6981517889475,262.6417855162231,263.1925354003906,40355200
2019-06-28,264.1675879780534,265.04339252576335,263.65296153358025,264.54681396484375,59350900
2019-07-01,267.86942429707057,268.08613665460155,265.74762708261784,266.948486328125,78705600
2019-07-02,266.9033003429931,267.697847953627,266.0636192538525,267.6436767578125,61504500
2019-07-03,268.32095238664516,269.80170581299336,268.1764866215848,269.78363037109375,40898900
2019-07-05,268.5556549615941,269.6391341895929,267.2645286286108,269.4765930175781,51677300
2019-07-08,268.1675230833992,269.29613623727494,267.45423185502074,267.9959716796875,45841800
2019-07-09,266.84019265047795,268.6278977139199,266.7860214397084,268.3299560546875,41101300
2019-07-10,269.39537569112645,270.56011189882554,268.8626737180611,269.612060546875,58448500
2019-07-11,270.253117309667,270.4878500388574,269.24188463431943,270.24407958984375,50826100
2019-07-12,270.73164779402924,271.5261956250817,270.42466841458145,271.4539489746094,40326000
2019-07-15,271.88738375791934,271.88738375791934,271.0386645988323,271.5442810058594,33900000
2019-07-16,271.4540284074998,271.6617031458477,270.3615385971301,270.66851806640625,36650100
2019-07-17,270.641387055438,270.8039007082595,268.8265686035156,268.8265686035156,36036300
2019-07-18,268.3299433311183,270.18989495674094,267.8875359461371,269.8106689453125,51392600
2019-07-19,270.90324170741786,270.93032731709434,268.1403993042997,268.31195068359375,58678600
2019-07-22,268.7091928929078,269.51277855742103,268.1945663171256,268.9710388183594,43638100
2019-07-23,270.0906678856096,270.89422607421875,269.2599965310851,270.89422607421875,44564500
2019-07-24,270.13579386637423,272.16729736328125,270.0454993112613,272.16729736328125,47213200
2019-07-25,271.71578443902234,271.76995564778645,270.0634799096485,270.8670654296875,55394100
2019-07-26,271.55330237938404,272.8805522564363,271.42688450822385,272.6819152832031,45084100
2019-07-29,272.56458990519246,272.68197007942166,271.63461378772524,272.18536376953125,38126500
2019-07-30,270.7857815620586,271.92343194048675,270.40655558457587,271.5171203613281,45849000
2019-07-31,271.7608869474775,271.9505137105572,266.53317301954223,268.5466003417969,104245200
2019-08-01,268.7002079366244,271.652649838183,265.41367341757837,266.2082214355469,142646600
2019-08-02,265.314330902532,265.5581013739478,262.650793388134,264.2037658691406,116749700
2019-08-05,260.11372490987765,260.22206736292844,254.36231674350026,256.2583923339844,178745400
2019-08-06,258.1453886890081,260.0685495834864,256.67367297899784,259.8518371582031,120711700
2019-08-07,256.78192492921147,260.7727110773986,254.65111763531422,260.0052490234375,140572300
2019-08-08,261.4951276540409,265.106689453125,260.9443777056149,265.106689453125,87713900
2019-08-09,264.1676091836573,264.76352003700896,261.5221474446139,263.30084228515625,93730000
2019-08-12,261.8019984508938,263.29176156394834,259.14749942587946,260.0955505371094,65527600
2019-08-13,259.79766353479624,265.5851940525705,259.4545607891331,264.14056396484375,94299800
2019-08-14,260.09556938065884,260.70049034452813,256.20411507951735,256.33050537109375,135622100
2019-08-15,257.21539563778583,257.9016010899172,254.9672075856533,257.0077209472656,99556600
2019-08-16,258.6600201444486,261.23323542718947,257.06188669690755,260.79986572265625,83018300
2019-08-19,263.8154737214388,264.6190316225491,263.13830611256157,263.9418640136719,53571800
2019-08-20,263.43631331987183,263.96901533165703,261.79307378762985,261.9194641113281,51596400
2019-08-21,264.077348056287,264.4204232030708,263.39114265467236,264.0502624511719,49524700
2019-08-22,264.7544706280108,265.38647715768724,262.1992762467483,263.96893310546875,51666400
2019-08-23,262.6689062282616,264.33022137754676,255.94236124171604,257.1883544921875,149161500
2019-08-26,259.3731680603426,260.03228759765625,257.84728194616036,260.03228759765625,72423800
2019-08-27,261.42281371111113,261.7930019677156,258.2536605647307,259.0120849609375,66668900
2019-08-28,258.35305014787957,260.9985121802663,257.5494645347921,260.83599853515625,59696700
2019-08-29,263.3910389095176,264.69120255097897,262.38881680696863,264.1675109863281,57899400
2019-08-30,265.64836826101157,265.66641614641384,263.12028660352104,264.0502624511719,62901200
2019-09-03,262.3528412178477,263.2647416845759,261.17906729483354,262.5063171386719,69101400
2019-09-04,264.6731833331905,265.50382668884157,263.9237692156625,265.48577880859375,46887300
2019-09-05,267.9688277765969,269.81070420416734,265.44975604997495,268.8988037109375,83258100
2019-09-06,269.2147542351201,269.74745608960535,268.537586657619,269.10638427734375,49584300
2019-09-09,270.09057074583126,270.1808377169626,268.3028383422982,269.2418518066406,51260300
2019-09-10,268.483345961652,269.24179777751164,267.2283432421519,269.1785888671875,57947100
2019-09-11,269.48563003768334,271.17403024628595,268.8355480133743,271.0927734375,68821100
2019-09-12,271.9956759928493,273.08816543274827,271.23725152228974,272.03179931640625,72908700
2019-09-13,272.47428446935595,272.8264249779895,271.4810994432451,271.8512878417969,62104800
2019-09-16,270.7225736719622,271.8963473751053,270.3704608488334,271.0115051269531,58191200
2019-09-17,270.8128202619807,271.7879293074554,270.6412689630707,271.6976623535156,41475500
2019-09-18,271.30945217296875,271.968571901471,269.27794933684083,271.8602294921875,73375800
2019-09-19,272.2485052514616,273.24169007108816,271.5081286082832,271.8421936035156,76560500
2019-09-20,272.44450325727587,272.7257172981861,269.7686931121249,270.5578308105469,89565000
2019-09-23,269.89566087758845,271.2109087987867,269.6416852140578,270.49432373046875,43476800
2019-09-24,271.582733535712,271.9727625422939,267.4102536031992,268.3717346191406,94869400
2019-09-25,268.45338400504926,270.40355684518136,266.9748722488337,269.9591064453125,71854000
2019-09-26,269.9681805505696,270.17678656371356,267.9907970655747,269.396728515625,56179700
2019-09-27,270.1496138053091,270.2584842358922,266.394400547626,267.9454650878906,84746600
2019-09-30,268.4625040639401,269.8956464426555,268.41716214409126,269.1881408691406,51662400
2019-10-01,270.06800612770223,270.72109036382295,265.76855105398255,265.9862365722656,88242400
2019-10-02,264.4079776780748,264.4170571356595,259.9996795705218,261.2876892089844,122539500
2019-10-03,261.0608435391244,263.4554943744778,258.3487439616913,263.42828369140625,85278800
2019-10-04,264.0813879558739,267.2470176140269,264.0269389043035,266.9930419921875,65091200
2019-10-07,266.19486160761295,267.81850652842235,265.5599086250279,265.8410949707031,59610500
2019-10-08,263.9906876592985,264.7254038708757,261.67766859806807,261.7139587402344,95708100
2019-10-09,263.72764914999317,265.13358083305707,263.1017756443016,264.1993103027344,62359400
2019-10-10,264.1176953902786,266.8660857836884,263.9544312515663,265.9862365722656,55296300
2019-10-11,268.7346034051052,270.9750422719158,268.6167088805522,268.7436828613281,98720400
2019-10-14,268.42617702704035,269.09742004492904,268.0996488139588,268.4443359375,40394800
2019-10-15,269.48742469346604,271.84578529470946,269.3695025112143,271.10198974609375,46754500
2019-10-16,270.63938477659065,271.35596965464424,270.2312245406846,270.6665954589844,48928200
2019-10-17,271.8277232343232,272.33567459941145,270.77553035484783,271.46490478515625,45736600
2019-10-18,270.92966490395844,271.57366954233504,269.42394247522446,270.2765808105469,64304000
2019-10-21,271.5918227015919,272.3083799212792,271.1564240881151,272.10882568359375,39048600
2019-10-22,272.6440336093649,272.93429940069217,271.12925918317654,271.219970703125,48594700
2019-10-23,270.96592021500015,272.063454563809,270.75728654487045,272.009033203125,34352200
2019-10-24,272.9434334419132,273.0885663666014,271.62818534280314,272.45361328125,35453100
2019-10-25,271.8820684135941,274.1134552290327,271.82764704553614,273.5692138671875,45205400
2019-10-28,274.7847388004007,275.6101666626339,274.75752810961376,275.11126708984375,42147000
2019-10-29,274.83912723810425,275.95482078917917,274.7121255754735,275.02960205078125,44284900
2019-10-30,275.229106138278,276.24500852902196,273.9229380126746,275.8731384277344,49643900
2019-10-31,275.8640309626855,275.8640309626855,273.6870935348078,275.13836669921875,69053800
2019-11-01,276.5807027657832,277.7326588147076,276.41741095435447,277.68731689453125,71141500
2019-11-04,279.23825494301684,279.3743083231565,278.43095875209247,278.8028564453125,60606900
2019-11-05,279.00251914201027,279.30186437599883,278.2043020930648,278.49456787109375,42933200
2019-11-06,278.4946046311865,278.8302123707764,277.61475540627197,278.55810546875,46487100
2019-11-07,279.8915474950559,280.8711602435746,279.0661194652139,279.53778076171875,54272300
2019-11-08,279.1930501544801,280.2815332005841,278.49462393668216,280.22711181640625,49032100
2019-11-11,278.8484268383734,279.86432971669336,278.7123456789777,279.6919860839844,35797300
2019-11-12,280.05472917772806,281.17947453569053,279.5104877305214,280.281494140625,46484600
2019-11-13,279.2927281958677,280.7712397910703,279.0659632930762,280.37213134765625,53917700
2019-11-14,280.09104877139123,280.8620552625586,279.4560957360127,280.7803955078125,51219900
2019-11-15,282.1137105902836,282.8575062211695,281.4243640106054,282.8121643066406,62023600
2019-11-18,282.5763015670428,283.25659632840035,282.1227717261377,283.020751953125,49228000
2019-11-19,283.6194121870548,283.62849164179835,282.2951128139359,282.9391174316406,67804700
2019-11-20,282.3495416770167,282.86657234836355,280.3358680402715,281.8869323730469,79406200
2019-11-21,281.99581092576324,282.1046536636578,280.635221339549,281.43341064453125,54664700
2019-11-22,282.1771262612713,282.3131796450668,281.05238138021787,282.0592041015625,44850200
2019-11-25,282.9844712930347,284.2452697753906,282.9844712930347,284.2452697753906,48647200
2019-11-26,284.28162866852205,285.0707663027961,283.96415218727157,284.88934326171875,37569000
2019-11-27,285.37004499703744,286.1592102050781,285.15235952241426,286.1592102050781,44444600
2019-11-29,285.5968026686247,285.84172650261706,284.87116598414514,285.0979309082031,36592700
2019-12-02,285.3518958206147,285.4153966404745,282.24976727728045,282.67608642578125,75767800
2019-12-03,279.9640470918064,280.8620552625586,278.58532593769104,280.7803955078125,73941700
2019-12-04,281.8235316935288,283.1115412943075,281.4788444906727,282.51287841796875,49080000
2019-12-05,283.21125441681573,283.2293856451966,281.7145837968173,283.020751953125,40709000
2019-12-06,284.92566208065074,286.00506561677,284.91658262330225,285.60595703125,48927000
2019-12-09,285.21586750080536,285.88708285190785,284.63533597889335,284.7079162597656,34838500
2019-12-10,284.6534969724014,285.3156328729228,283.73735776823526,284.39044189453125,52649800
2019-12-11,284.84389585880245,285.45163790821,284.30873407145583,285.1976623535156,53429100
2019-12-12,285.2067809563498,288.43591134323987,284.9709642525427,287.6558532714844,96389600
2019-12-13,287.4199981041912,289.05272214678655,286.64899183529326,287.82818603515625,81503900
2019-12-16,289.5515664116201,290.39512519551226,287.76465789365096,289.8055419921875,82749700
2019-12-17,290.1865865771561,290.4859041346796,289.78747804627915,289.8691101074219,61097700
2019-12-18,290.2591659445252,290.48593091791935,289.83284668729334,289.88726806640625,48133000
2019-12-19,290.07766829054526,291.14801972745664,289.8236926929126,291.075439453125,85310500
2019-12-20,292.1054650052227,293.48186803995895,291.13016050237536,292.3515930175781,147142100
2019-12-23,293.13556710700664,293.19025605431125,292.65246286090326,292.7983093261719,52990000
2019-12-24,293.0262204121197,293.0717852672687,292.50664754003583,292.8074645996094,20270000
2019-12-26,293.1901602146185,294.37515192605576,293.1810639379538,294.36602783203125,30911200
2019-12-27,295.0952322086851,295.1499211381323,293.7644218965359,294.2930908203125,42528800
2019-12-30,294.3751576532409,294.5118799794698,292.18748916413625,292.67059326171875,49729100
2019-12-31,292.16925296260575,293.6276892705335,291.82287121002,293.3815612792969,57077300
2020-01-02,294.91293581934144,296.1434923281095,293.99229250686125,296.125244140625,59151200
2020-01-03,292.74353546966336,295.00411329960116,292.68884653822107,293.8829345703125,77709700
2020-01-06,292.1328118215423,295.08615327203825,292.0143098616565,295.0041198730469,55653900
2020-01-07,294.4390032296372,294.91301114756425,293.7280191701127,294.1746826171875,40496400
2020-01-08,294.3660894233574,296.95480128822834,294.1199891894408,295.74249267578125,68296000
2020-01-09,297.3011061918994,297.82067881308217,296.71772055042567,297.74774169921875,48473300
2020-01-10,298.3311461832845,298.48608887965315,296.42607426931494,296.89093017578125,53029300
2020-01-13,297.510801872737,298.94186605271307,297.082386683004,298.9327697753906,47086800
2020-01-14,298.4952711557389,299.54351294484616,297.92100945963375,298.47705078125,62832800
2020-01-15,298.3857860264188,299.90800736140204,298.3037526446553,299.1514587402344,72056600
2020-01-16,300.52792945323296,301.6399841308594,300.30004962435345,301.6399841308594,54050300
2020-01-17,302.3510690696179,302.7885806840839,301.5762718291727,302.5789489746094,95846000
2020-01-21,301.6217259743135,302.78846954692693,301.5488166711206,301.986328125,77742400
2020-01-22,302.84318902456715,303.49038781097767,301.8678844320141,302.0228271484375,48914900
2020-01-23,301.37561848363805,302.77936593801815,300.2635638696882,302.3691711425781,51963000
2020-01-24,303.02552540689584,303.1075588185603,298.3949910655985,299.68023681640625,87578400
2020-01-27,294.4480801750021,296.3531521856209,294.1108224827082,294.8764953613281,84062500
2020-01-28,296.2984568633764,298.8416034600196,294.96764649476006,297.966552734375,63834000
2020-01-29,299.3246499677332,299.55252974536654,297.5198321146291,297.7203674316406,53888900
2020-01-30,295.66042488337473,298.89633550564963,294.9130001022843,298.6866760253906,75491800
2020-01-31,298.06685040639036,298.2218209474655,292.35163365596884,293.2631530761719,113845600
2020-02-03,294.73976005288546,297.30112696346464,294.6212580975968,295.4416198730469,69083000
2020-02-04,299.0421847479902,300.8105346597248,298.7231473854342,299.944580078125,62573200
2020-02-05,302.870532103236,303.6179846653886,301.41212336008243,303.4083251953125,65951100
2020-02-06,304.36535568597986,304.62057992939174,303.35355498781945,304.4291687011719,50359700
2020-02-07,303.3718085617881,304.4382703838826,302.25975409202255,302.8066711425781,64139400
2020-02-10,301.92256617332515,305.1311042908256,301.886097610239,305.0672912597656,42070000
2020-02-11,306.41633961218275,307.2002328793031,305.0672809970112,305.5959777832031,54864500
2020-02-12,307.02705945948134,307.77451202465284,306.66245727222037,307.56488037109375,43992700
2020-02-13,306.1428600443528,308.20290257264736,305.8694153801374,307.2366943359375,54501900
2020-02-14,307.64690946641167,307.8474448392001,306.4528213248784,307.72894287109375,64582200
2020-02-18,306.7353777212436,307.79274347896046,305.550385905375,306.9359130859375,57226200
2020-02-19,307.902056949455,309.07789660720476,307.61948824248975,308.40338134765625,48814700
2020-02-20,307.85655491074664,308.67694462905206,304.1557883522253,307.136474609375,74163400
2020-02-21,305.7874869129343,306.09740024451344,303.1531818684547,303.97357177734375,113788200
2020-02-24,294.5483543223174,304.0463696689848,292.8164454315438,293.8920593261719,161088400
2020-02-25,295.27757219253857,295.8882745622072,284.1114604678439,284.98651123046875,218913200
2020-02-26,286.38112799579915,289.9633921811157,283.2090586238566,283.9382629394531,194773800
2020-02-27,278.43268874388383,283.9929622601153,271.1861267089844,271.1861267089844,284353500
2020-02-28,263.15569806188904,271.5325647241753,260.2752930240666,270.0467834472656,384975800
2020-03-02,271.82421045255126,281.80535966924487,268.40601247661044,281.7415466308594,238703600
2020-03-03,282.11520716459734,286.07119736155244,271.24078921564694,273.6745300292969,300139100
2020-03-04,279.0342265229959,285.39663994831454,276.4910804079347,285.1778564453125,176613400
2020-03-05,277.9951665598652,281.1763600202487,273.4649145191371,275.6981201171875,186366800
2020-03-06,267.2118271902237,272.34368433894815,264.5502069103932,271.1404724121094,228667200
2020-03-09,250.9412315537288,259.04465081754387,249.25494324110963,249.96592712402344,309417300
2020-03-10,259.4548490211814,262.9915202948296,249.3005113667445,262.900390625,276444100
2020-03-11,255.8634838386491,256.9937588920719,246.91235745450595,250.0844268798828,255316300
2020-03-12,233.3489770719644,243.06577765843556,225.76512864095778,226.15708923339844,392220700
2020-03-13,239.8116563713259,247.45931815181189,226.53082479595767,245.4904327392578,329566100
2020-03-16,219.84019219766736,234.1692750182009,216.35819611440786,218.6278839111328,297240000
2020-03-17,223.35866962977036,233.50389718402428,216.09387404457632,230.43206787109375,262070500
2020-03-18,215.34646582603455,226.39407689191867,207.84466479454713,218.76466369628906,327597100
2020-03-19,218.08099810602204,225.49165465544974,211.6730183757266,219.22950744628906,289322000
2020-03-20,222.3707310405341,224.14947908525951,209.50691583930976,209.781982421875,347158800
2020-03-23,209.22263365449743,210.58877449160735,200.11801736959103,204.41818237304688,326025200
2020-03-24,214.9348561536564,223.81025556170377,214.3663954320049,222.939208984375,235494500
2020-03-25,224.5162352253458,235.04201992086357,219.82181757105965,226.27664184570312,299430300
2020-03-26,228.77974835482536,240.9558914934752,228.34881392408727,239.48890686035156,257632800
2020-03-27,232.21801874837786,239.13128235143066,230.18254563117415,232.3555450439453,224341200
2020-03-30,234.44607454125364,240.6166693743866,232.45644779685475,239.90150451660156,171369500
2020-03-31,238.90208181788717,241.4418275508448,234.92282878626662,236.32565307617188,194881100
2020-04-01,227.3677561407306,236.2431562593995,223.62688640381754,225.6898651123047,189554600
2020-04-02,224.8096570813122,231.67707467324524,224.25952385795503,230.89773559570312,177660400
2020-04-03,229.91664470662855,232.26386743063676,224.83713961830722,227.56027221679688,135561200
2020-04-06,236.40815247528656,244.80677011871967,227.54193143111638,242.84463500976562,188061200
2020-04-07,251.41752356864058,252.16937148515606,242.87222776811677,243.09226989746094,201427200
2020-04-08,245.6869771638037,253.0586948036147,243.20224201687972,251.25244140625,153774500
2020-04-09,254.5073322785615,257.8264586985217,252.57273047385536,255.07582092285156,189999200
2020-04-13,254.10393966346695,254.443180523553,248.8502112627236,252.7469482421875,114839100
2020-04-14,257.6248340505204,261.2189863290575,252.6095016366842,260.2012634277344,134143400
2020-04-15,254.49816925151632,260.3386853472331,252.56353956668622,254.67237854003906,121775000
2020-04-16,255.94684900762073,256.75370726229335,252.83864275488824,255.90101623535156,131798300
2020-04-17,261.6590540286196,263.41944685021514,258.92674327686353,262.8143310546875,146684800
2020-04-20,259.1192277447229,262.95180422099605,257.9639789331066,258.18402099609375,100109300
2020-04-21,253.7280442757594,254.92915404106213,249.40952219223675,250.34475708007812,126385700
2020-04-22,255.21335676570135,257.6430812956117,253.89304834549813,255.90101623535156,92951600
2020-04-23,257.17550907621705,260.3387543846184,255.58014778029658,255.88270568847656,104709700
2020-04-24,257.39554010912246,260.1186727932332,255.35088916404356,259.4493408203125,85063200
2020-04-27,261.4205849434391,264.30874873794517,260.96214535761493,263.1901550292969,77896600
2020-04-28,266.83015946053325,267.17857801356905,261.6773031279873,261.9798889160156,105270000
2020-04-29,267.29784515422165,270.36939668055743,266.2709447231819,268.83819580078125,118745600
2020-04-30,267.4628265283742,268.9390166066362,264.6021678699744,266.3350830078125,122901700
2020-05-01,261.59485828058166,266.5001686462375,258.11987753446385,259.2843322753906,125180000
2020-05-04,257.4046969992286,260.30203907180845,255.92853469244014,259.9994812011719,80873200
2020-05-05,262.8142792143297,265.2073206037957,260.12780177122573,262.40167236328125,79569900
2020-05-06,264.09793589455825,264.4830095523587,260.192020908388,260.6229553222656,73632600
2020-05-07,263.83194948008304,265.6932128523996,263.26348893990684,263.76776123046875,75250400
2020-05-08,266.8944094168429,268.5998195757135,265.7666377314456,268.1322021484375,76452400
2020-05-11,266.206792766085,269.5625751201923,265.7850360274315,268.187255859375,79514200
2020-05-12,269.37003545665283,269.7826144420416,262.7043036007516,262.84185791015625,95870800
2020-05-13,262.2825424788248,263.3186207708161,255.77269255804435,258.1932678222656,144721100
2020-05-14,255.76353778728304,261.4114906647709,250.29891603317049,261.28314208984375,121977900
2020-05-15,258.89919065123917,262.53002466488874,257.95480613821377,262.48419189453125,111146300
2020-05-18,268.69156570778057,272.08403154793433,268.37068022045037,270.4794921875,119703800
2020-05-19,269.8833792126806,271.58876097438247,267.68287488299757,267.7012023925781,95189300
2020-05-20,271.2312094120459,273.1108005640989,271.0019896139452,272.2489318847656,85861700
2020-05-21,272.1205969507901,272.9274551573874,269.2782657160711,270.3693542480469,78293900
2020-05-22,270.08516244349306,271.0570523361643,268.8473696991475,270.8828430175781,63958200
2020-05-26,276.83341854716673,277.0718161691973,270.90120710948116,274.2203063964844,88951400
2020-05-27,277.00761167218025,278.33709805129075,272.1939946167621,278.3004150390625,104817400
2020-05-28,279.3272767982314,281.3352447299404,277.1175942986496,277.78692626953125,90405200
2020-05-29,277.3192485039644,279.6114462849819,274.57778891176497,279.024658203125,119090800
2020-06-01,278.3828651183529,280.75757894742645,277.8694149921172,280.1524353027344,55758300
2020-06-02,281.0693740975131,282.5180592457431,279.73991573138625,282.4721984863281,74267200
2020-06-03,284.45257547191164,287.1848853825561,284.1775229222528,286.2313232421875,92567600
2020-06-04,285.2503943614797,286.98331020860866,283.38912992249556,285.4796142578125,75794400
2020-06-05,290.8616019107014,294.56577377345707,290.7974136505666,292.79620361328125,150524700
2020-06-08,293.60316862277716,296.52801660585413,293.0622130496706,296.3354797363281,73641200
2020-06-09,293.6764120455833,296.408722278723,292.8145433136846,294.1257019042969,77479200
2020-06-10,294.7033572907335,295.59273133209695,291.76933233464445,292.4844970703125,95000800
2020-06-11,285.57125517345406,286.2039042091924,275.07300264511355,275.62310791015625,209243600
2020-06-12,282.61881945235933,283.38899457849544,273.7801190211421,278.9237976074219,194678900
2020-06-15,273.24835223856235,282.6555425806839,272.07474788246594,281.52777099609375,135782700
2020-06-16,289.2570561458452,289.40376017355715,282.09623192993956,286.9465026855469,137627500
2020-06-17,287.96429064170104,288.25769873534205,285.0210879201945,285.7546081542969,83398900
2020-06-18,284.2417577526698,286.34139118127837,283.78331810749904,285.8646240234375,80828700
2020-06-19,289.32364222607004,289.5170263493881,282.2878438676283,284.2309875488281,135549600
2020-06-22,283.6322825514577,286.4502770307113,282.4903582303145,286.0542907714844,74649400
2020-06-23,288.69733429029844,289.6274664668477,286.96601139314646,287.3712158203125,68471200
2020-06-24,285.3360587710118,285.9530836646762,278.2081916960514,280.0408020019531,132813500
2020-06-25,279.46981736237365,283.3100417218154,277.45301313177083,283.04296875,89468000
2020-06-26,281.9470509652658,282.1588713157659,275.7400992165521,276.32025146484375,127961000
2020-06-29,277.5727234684733,280.51963173893165,275.2888463730119,280.3815002441406,79773300
2020-06-30,279.9486930198918,285.6675903215087,279.792153347328,283.97308349609375,113394800
2020-07-01,285.08739818187286,287.22392574002134,284.62694111006857,285.9622497558594,72396500
2020-07-02,289.38806675534465,290.7326217108491,286.8739889973159,287.53704833984375,69344200
2020-07-06,291.34964563164624,292.55604108748975,290.60370731479867,291.9758605957031,61713800
2020-07-07,290.4379766600847,292.40871878523126,288.58692979485284,288.9645080566406,82910000
2020-07-08,289.72884039147516,291.28518783880827,287.96991877388723,291.1746826171875,54638600
2020-07-09,291.782346987709,292.0217935870357,286.10951418011626,289.51690673828125,83354200
2020-07-10,289.45248660102106,292.74015643400605,288.0250810957527,292.47308349609375,57550400
2020-07-13,294.8123186633165,297.18826534712787,289.2868325014448,289.940673828125,102997500
2020-07-14,288.52246610391046,294.4715932767716,287.3252886428625,293.6980285644531,93657000
2020-07-15,296.9119193662305,297.4920997478603,294.02023559241456,296.3962097167969,87196500
2020-07-16,294.4990994168282,295.87125229977755,293.8544483675677,295.4200134277344,54622500
2020-07-17,296.4238083554755,297.059241275674,294.4530388686995,296.2764587402344,62774900
2020-07-20,296.0094126786261,299.4168060932532,295.2634745052949,298.6708679199219,56308800
2020-07-21,300.63245415579655,301.0744749886083,298.32095050262376,299.30633544921875,57292200
2020-07-22,298.94720120561465,301.3231758826921,298.83669598418305,301.0100402832031,57792900
2020-07-23,300.6507824803938,301.35068608523807,296.055430800531,297.4183654785156,75738000
2020-07-24,295.56736989715625,296.52510025578465,294.001804800679,295.5028991699219,73766600
2020-07-27,296.19361733148213,297.83284336537673,295.4016165623497,297.6578674316406,48293000
2020-07-28,296.9303216498821,298.0446479275418,295.4752897615271,295.7699890136719,57495000
2020-07-29,296.64494113452423,299.96945672259363,296.608096689494,299.4076843261719,48454200
2020-07-30,296.4422138237154,298.7537169791964,294.3609672745089,298.33929443359375,61861700
2020-07-31,300.12590663768805,300.7981840639859,295.9173223565921,300.6968688964844,84986800
2020-08-03,302.3546141881708,303.5517916334194,301.81127807969176,302.7874450683594,53077900
2020-08-04,301.93091720834786,303.9569396972656,301.93091720834786,303.9569396972656,41917900
2020-08-05,305.25535623296946,306.1026094552458,304.98828331124287,305.8447265625,42697700
2020-08-06,305.2645172680934,308.0088224120281,304.9421918165144,307.88909912109375,43679400
2020-08-07,306.9223032635199,308.39577169944573,306.01979717179796,308.11029052734375,57308300
2020-08-10,308.5615746656635,309.21541601638984,306.6276488170699,309.03125,44282100
2020-08-11,310.2098820833046,310.84531498254,305.7526617595523,306.48016357421875,69601100
2020-08-12,308.91137645275995,311.5267686882517,308.8837501585283,310.7532043457031,53774400
2020-08-13,309.98886506986986,311.49917760274417,309.2705532345938,310.19146728515625,41816100
2020-08-14,309.80475825655594,310.73489061846544,309.07722814860483,310.20074462890625,47260400
2020-08-17,311.2136919707807,311.5820519648369,310.2098990427494,311.1860656738281,35481000
2020-08-18,311.5820463337453,312.28194998264934,309.98885496076423,311.85833740234375,38733900
2020-08-19,312.23591780968894,312.7516274630557,309.9981032669653,310.55987548828125,68054200
2020-08-20,308.8377736301808,312.0057207368476,308.7088602558769,311.52685546875,42207800
2020-08-21,311.1953645031958,312.8529989583211,310.85460261366353,312.6319885253906,55106600
2020-08-24,315.06311760311377,315.87352648257695,312.6042927708127,315.79986572265625,48588700
2020-08-25,316.3615713629793,316.9877861104246,315.2012107807819,316.9049072265625,38463400
2020-08-26,317.4943564112972,320.34916765874164,316.9510204608459,320.0821228027344,50790200
2020-08-27,320.94782937860447,322.22788555251475,319.1244090738759,320.78204345703125,58034100
2020-08-28,321.80426786042483,322.9830369399693,320.616280645361,322.8540954589844,48588900
2020-08-31,322.6423290489599,323.5171807672397,321.4543417386252,321.6845703125,66099200
2020-09-01,322.5132963995055,324.81558148751446,321.6200086611954,324.71429443359375,54908700
2020-09-02,326.6206116646277,330.3779287745175,325.47865908576307,329.4109802246094,69540000
2020-09-03,327.72577971733415,328.19545502122673,315.4960384795062,318.0746154785156,148011100
2020-09-04,318.75605256613443,320.3215899223895,308.38654915956926,315.47760009765625,139156300
2020-09-08,310.0810183653904,315.54206103531834,306.5539292774732,306.8578186035156,114465300
2020-09-09,310.8545223596372,315.3762136597868,309.9888609153848,312.9173889160156,91462300
2020-09-10,314.78685053527204,315.4406916483202,306.52625029812896,307.4840087890625,90569500
2020-09-11,309.26138178450964,310.32042738546795,304.8225690491499,307.64056396484375,84680200
2020-09-14,310.7992781526269,313.46073328485505,307.78789928384793,311.69256591796875,65605700
2020-09-15,314.14224664496544,314.97106380213984,311.70182964170226,313.26739501953125,52920900
2020-09-16,314.50130843935,315.92871371302925,311.7477568248734,312.0240478515625,82096000
2020-09-17,307.1801021515254,310.99269998077335,306.6551743743273,309.27978515625,91523300
2020-09-18,310.0832931282361,310.19424068358853,303.2412544546544,305.71917724609375,105877900
2020-09-21,301.14238742219266,302.4645593357365,297.4717223903731,302.3166198730469,99450800
2020-09-22,303.7960885735042,305.9503960005501,301.2904001147618,305.3956298828125,63612100
2020-09-23,305.95029107636867,306.2276881483939,297.8138181951708,298.3131103515625,93112200
2020-09-24,297.0001579503366,302.15941605078405,295.68721289484193,299.1082458496094,76681300
2020-09-25,298.2576833289289,304.7298882709884,297.38858462452924,303.9440002441406,71069400
2020-09-28,308.0953544774506,309.70415018624124,307.1060252515909,308.9922180175781,64584600
2020-09-29,308.78878394674337,309.5284529495285,306.61596745328694,307.3094177246094,51304000
2020-09-30,307.9752282610911,312.78316294549495,307.7810700245136,309.6395263671875,104081100
2020-10-01,312.2283039383906,313.19912304877136,309.7503816970542,311.6273193359375,88698700
2020-10-02,306.6899186926859,311.59954383459586,306.2183635289967,308.6685485839844,89431100
2020-10-05,310.7212700191764,314.3272066536649,310.675051276602,314.1423034667969,45713100
2020-10-06,314.28097349200937,316.37057974539914,309.16793362544905,309.67645263671875,90128900
2020-10-07,312.6259052380061,315.87126190492677,312.598168352672,315.0668640136719,56999600
2020-10-08,316.99932011187576,317.9239207082548,316.08394633419226,317.85919189453125,45242500
2020-10-09,319.50501111946494,321.16005424971684,318.8855444605007,320.69775390625,59528600
2020-10-12,323.23113221465513,327.32710625079835,322.7410950073578,325.85699462890625,80388500
2020-10-13,325.71829333157706,325.89396970025575,322.76881520469266,323.73040771484375,73255500
2020-10-14,324.30360807019053,325.39462982999737,320.96581398724754,321.69622802734375,57727900
2020-10-15,317.7943713525029,321.7793965153316,317.25811557667936,321.2986145019531,60357700
2020-10-16,322.64852844457636,324.30357096252817,320.9287853470718,321.1044616699219,89501900
2020-10-19,322.3620205940744,322.99074228284945,315.325822981665,316.2226867675781,68425600
2020-10-20,317.56327447111846,320.72542054305353,316.8051235185024,317.48931884765625,60051900
2020-10-21,317.44316561554155,319.6067562183945,316.58329368315754,316.888427734375,63575000
2020-10-22,317.1010319977672,319.2091203575822,314.9652067470299,318.6266174316406,55399300
2020-10-23,319.8470279304944,319.9025017003484,317.25815794875194,319.7083435058594,49143900
2020-10-26,316.33359795190205,317.1195140807674,310.31443920384794,313.8002014160156,91473000
2020-10-27,314.1422458102279,314.47508841544396,312.5056850182194,312.7183532714844,65994100
2020-10-28,307.05992076846246,312.746209849687,301.5400530535388,302.03009033203125,127094300
2020-10-29,302.26117045534187,308.2618190207296,300.57839067530114,305.0997009277344,90597700
2020-10-30,303.52789396877716,304.8315842442729,298.27616915749184,301.9190979003906,120287300
2020-11-02,305.3031311035156,307.3002435800331,302.566292996373,305.3031311035156,86068300
2020-11-03,308.5299804346644,312.7461569674992,305.3863439975958,310.69354248046875,93294200
2020-11-04,315.1593172475223,321.7055046793928,313.98508475423665,317.63726806640625,126959700
2020-11-05,322.907491721787,325.63507467035436,322.55613899305547,323.83209228515625,82039700
2020-11-06,323.5454189031764,325.00630337123437,321.43733106964845,323.7580871582031,74973000
2020-11-09,336.52688050400957,336.90597013486416,327.3640851994297,327.8263854980469,172304200
2020-11-10,326.83694242039314,328.3995191436152,324.0816516574695,327.3454895019531,85552000
2020-11-11,329.5276225136965,330.60016251209254,328.2886611922482,329.77728271484375,58649000
2020-11-12,328.76942360523407,329.82348168786507,324.7751710085161,326.578125,67546200
2020-11-13,328.4827306460504,331.8390341702382,327.9649567476339,331.099365234375,62892200
2020-11-16,333.762310414162,335.42658008620566,332.4771021299016,335.232421875,74541100
2020-11-17,332.82842818706325,334.6314103678308,331.32132492500256,333.4294128417969,66111000
2020-11-18,333.69765395560677,334.2431650021247,329.37975611691144,329.416748046875,70591300
2020-11-19,328.7879664083773,331.173423449706,327.44728430310664,330.8035888671875,59940900
2020-11-20,330.5447565683479,330.7481698548991,328.46440495358206,328.5383605957031,70417300
2020-11-23,330.3412386076394,331.7651311623136,328.112948198128,330.5076599121094,63230600
2020-11-24,333.0503176608031,336.37888489880055,332.1997010545498,335.8333740234375,62415900
2020-11-25,335.7502372606201,335.7779741513508,334.2246518372895,335.315673828125,45330900
2020-11-27,336.40664748720786,336.7210082758483,335.24164181075275,336.2494812011719,28514100
2020-11-30,335.47279650501997,335.7409385582566,332.08878340971694,334.7608642578125,83872700
2020-12-01,338.0062793851227,339.9571732876584,337.41452140242126,338.4223327636719,74231400
2020-12-02,337.3127825968703,339.2914131198718,336.73953476512753,339.1342468261719,45927000
2020-12-03,339.03249301288866,340.4286487496057,337.94147123204993,339.041748046875,62882000
2020-12-04,339.6242628374325,341.9635009765625,339.5317971440086,341.9635009765625,50749900
2020-12-07,341.1960744141505,341.75084037057263,339.99410502237635,341.26080322265625,48944300
2020-12-08,339.9940864550397,342.82336164005824,339.9478677180988,342.2593688964844,42458900
2020-12-09,342.9158669849853,343.0730332820125,338.3575929060704,339.1897277832031,74098300
2020-12-10,337.82129446332254,340.1235407764272,336.952167699225,339.0787658691406,57735400
2020-12-11,337.38668688428726,339.0879482674164,335.870356871384,338.6811218261719,57698600
2020-12-14,340.8447147774003,341.91722644158915,336.98911858351033,337.164794921875,69216200
2020-12-15,339.69826688785116,341.72314453125,338.3298760097503,341.72314453125,63865300
2020-12-16,341.935753088197,343.1747143338236,341.0573713537836,342.2593688964844,58420500
2020-12-17,343.8959404400441,344.3767225815223,343.07303238358134,344.1733093261719,64119500
2020-12-18,344.4612007715748,344.6283315180656,340.79344881476123,342.7991027832031,136542300
2020-12-21,338.88995381488303,351.4159755487242,336.1600382375715,341.57342529296875,96386700
2020-12-22,341.8983061447887,342.00972660665593,339.87409218928934,340.99761962890625,47949000
2020-12-23,341.96342554621316,343.20766834908954,340.97917335383556,341.3041687011719,46201400
2020-12-24,341.77771744079797,342.6598436511462,341.19275979993,342.6319885253906,26457900
2020-12-28,345.1761449139129,345.9654111690172,344.5540377310399,345.575439453125,39000400
2020-12-29,347.0981859364546,347.2746111341923,344.33112134700883,344.9161071777344,53680500
2020-12-30,345.733259466037,346.4389603203097,345.0182924625775,345.40826416015625,49455300
2020-12-31,345.2132949330659,347.8875000497571,344.7026082398412,347.1632385253906,78520700
2021-01-04,348.49112640760035,348.6211359007259,338.75072903859245,342.4370422363281,110210800
2021-01-05,341.7962383123607,345.88181651795514,341.74979422078724,344.79541015625,66426200
2021-01-06,343.29115366008426,350.0416701451585,342.743317442046,346.85675048828125,107997700
2021-01-07,349.22456754371,352.7530149569909,349.04814233936133,352.01019287109375,68766800
2021-01-08,353.39364225101247,354.22932401916887,350.1530411521562,354.0157775878906,71677200
2021-01-11,350.84951439553026,353.3844152987946,350.7287994312137,351.6294860839844,51034700
2021-01-12,351.8151841603632,352.71584242095815,349.4659464169587,351.7037353515625,52547700
2021-01-13,351.62953817301246,353.6444582491231,350.8495663690164,352.65093994140625,45303600
2021-01-14,353.39372265354797,353.89514316325904,351.0816626236897,351.4159240722656,49989100
2021-01-15,349.80031300572944,350.5988454547158,346.9961266104406,348.85321044921875,107160000
2021-01-19,351.3045309935299,352.1309468672761,349.82815280679114,351.5923767089844,51233300
2021-01-20,353.87651262058415,357.2935676023044,353.48654097639,356.4578857421875,61836100
2021-01-21,357.0150334029827,357.44218304043847,355.86365062010475,356.78289794921875,47840100
2021-01-22,354.9350947122526,356.68075778914084,354.55438918277406,355.52008056640625,52860500
2021-01-25,356.25368989697324,357.2750633365752,351.4159661050598,356.9222412109375,70402000
2021-01-26,357.86928439217473,358.2778450349725,356.1329158287073,356.36505126953125,42665300
2021-01-27,353.05019098865546,353.1430508430368,345.4268701693278,347.6553649902344,123351100
2021-01-28,349.465966970764,354.6379514307327,349.0295795422171,350.6452331542969,94198100
2021-01-29,348.78814770996314,349.75383907984985,341.9540655846165,343.6254577636719,126765100
2021-02-01,347.0146573120808,350.37597423640665,343.91333096928156,349.3453063964844,75817600
2021-02-02,352.52087154806475,355.8357724135965,349.42883997274356,354.28509521484375,64450700
2021-02-03,355.1114653148641,356.2814368432758,353.2915316437675,354.5636291503906,52427100
2021-02-04,355.59439688401244,358.64001317221204,354.6751494739212,358.5935974121094,47142600
2021-02-05,360.4600097242856,360.7107058588383,358.5472155031286,360.0050048828125,48669800
2021-02-08,361.45341690524697,362.6512436310637,360.5991744109489,362.6048278808594,38365200
2021-02-09,361.7692144251859,362.9577753209079,361.3606820383457,362.3634948730469,35551100
2021-02-10,364.09976890155684,364.24833897480704,359.80991075751706,362.2055358886719,59154400
2021-02-11,363.2826838806573,363.7005390243798,360.3670773709089,362.7905578613281,42913300
2021-02-12,361.9919719175586,364.8240126465975,361.9176727161063,364.5826110839844,50593300
2021-02-16,365.8083200461877,366.0033342269587,363.55197027023985,364.2669372558594,50972400
2021-02-17,362.52129645099154,364.6012209832248,361.5091609681263,364.35052490234375,52290600
2021-02-18,361.7506089186291,363.5426878534969,360.03280086210617,362.79986572265625,59712800
2021-02-19,364.05338233465426,364.34122801938736,361.71343891444184,362.1591491699219,83241000
2021-02-22,359.4013292371553,361.7783935972179,359.10418910793686,359.37347412109375,67414200
2021-02-23,357.1729115862207,361.15636405887625,353.0316228676275,359.8099670410156,107284100
2021-02-24,358.72354113198065,364.20196042155277,357.7392890909114,363.7748107910156,72433900
2021-02-25,362.5119712403062,363.8769286831077,353.5701100677541,355.00933837890625,146670500
2021-02-26,356.8850463128118,358.0271345906392,351.20237503364604,353.1801452636719,152701600
2021-03-01,358.03639956573255,362.9855428178806,353.3751303176071,361.74127197265625,105348800
2021-03-02,361.9641337209318,362.19626914684636,358.41709761211445,358.91851806640625,79595300
2021-03-03,358.22212100889243,359.1877840030245,354.06224386816876,354.1643981933594,119940200
2021-03-04,353.9787065028338,356.5600515760826,345.306129482108,349.7817077636719,183433000
2021-03-05,353.27306228530506,357.26580967154143,346.0118857739026,356.216552734375,152039600
2021-03-08,357.17293919990277,359.97712560372787,354.1644724397162,354.4430236816406,123149200
2021-03-09,358.2778276525571,362.04770476168795,357.77640719038783,359.5035095214844,113633600
2021-03-10,361.84342629734385,363.4312247093334,360.4320530796693,361.74127197265625,109899400
2021-03-11,364.2019037645304,367.37750035793965,363.7468990842494,365.40899658203125,86245000
2021-03-12,364.0534253078508,366.04049021562264,363.2455983981242,365.9012145996094,64653600
2021-03-15,366.15189953144346,368.34327305827475,364.01626458616573,368.0832824707031,73427200
2021-03-16,368.69603871329787,369.4017110962296,366.84822156602263,367.6189270019531,73722500
2021-03-17,366.33759873657715,369.6710604301495,365.1954821103504,368.8725280761719,97959300
2021-03-18,366.2911796002453,368.37110416522074,362.8277084837041,363.50555419921875,115349100
2021-03-19,363.205574280837,364.77995178052817,360.66234252833834,362.83294677734375,113624500
2021-03-22,363.3453133880508,367.10891663764517,363.28942068287944,365.73016357421875,73778600
2021-03-23,365.09671154896347,366.54065388487237,362.06906667782835,362.8515930175781,90686600
2021-03-24,364.2488764007338,365.8791463078982,360.9603902394682,361.0069580078125,97588600
2021-03-25,359.5724129695901,363.82972563036685,357.63470442840975,363.03790283203125,116128600
2021-03-26,364.18376357430776,369.2888490443927,363.58756519155156,368.8882751464844,114409100
2021-03-29,367.4163456691813,369.60557150137186,365.9351320456119,368.7019348144531,108107600
2021-03-30,367.4349664373488,368.39449575639236,366.1307275395253,367.7237548828125,76262200
2021-03-31,368.29203631973724,370.7700506223906,368.2640899656706,369.21429443359375,112734200
2021-04-01,371.14265609357545,373.25736766767085,370.93770669938243,373.2014465332031,99682900
2021-04-05,375.8564594894642,379.0983784802134,375.7819453604423,378.55804443359375,91684800
2021-04-06,377.9990859414913,379.3778104361055,377.66370131465686,378.3344421386719,62021000
2021-04-07,378.16678511784755,379.1169894924743,377.7103185696919,378.7723083496094,55836300
2021-04-08,380.0206514166771,380.626174688792,379.089068404298,380.5702819824219,57863100
2021-04-09,380.4491821914655,383.5047731912766,380.328071856803,383.3370666503906,61104600
2021-04-12,382.74084817389485,383.7469452179368,382.13532496213276,383.476806640625,56704900
2021-04-13,383.3743798281407,385.2375459689583,382.992427357714,384.6133728027344,56551000
2021-04-14,384.58536523914717,385.6380584899132,382.7594706720506,383.2998046875,61659900
2021-04-15,385.43314308577106,387.6875864651336,385.3865753074208,387.41741943359375,60229800
2021-04-16,388.70295534718036,389.31780345743056,387.28695960911085,388.7122802734375,82037300
2021-04-19,387.78082221556,388.2279639453747,385.479810632014,386.8026428222656,78498500
2021-04-20,385.59152639170094,386.6907875184191,382.4986639809094,383.9705810546875,81851800
2021-04-21,383.3557132219947,387.80867863656937,383.2159530341772,387.6037292480469,66793000
2021-04-22,387.4359827535034,388.2650766586937,383.00163954615294,384.0636291503906,97582800
2021-04-23,384.6226532391619,389.6345741269456,384.54813911119874,388.2278747558594,73209200
2021-04-26,388.8800074072831,389.60664100563645,388.2931055721406,389.0383605957031,52182400
2021-04-27,389.3364201598553,389.5320730309627,387.81793554032805,388.9544677734375,51303100
2021-04-28,389.2246953658085,390.342606350338,388.3769514146441,388.8427429199219,51238900
2021-04-29,391.56289934262634,391.93552678623496,387.94835343735446,391.3206787109375,78544300
2021-04-30,389.0569499796858,389.90469378427656,387.85520014354586,388.74951171875,85527000
2021-05-03,390.73387217038277,391.1158246327663,389.0943053331574,389.5880432128906,68128300
2021-05-04,387.6037329855272,388.09747082223015,383.5047736052085,387.18450927734375,101591200
2021-05-05,388.8241183887439,389.0570141395226,386.7466780571217,387.3056335449219,60162200
2021-05-06,387.38008968955535,390.5288443174939,385.3771922186021,390.3984375,74321400
2021-05-07,391.16239525650957,393.8919265936675,390.4823294392389,393.23980712890625,67733800
2021-05-10,393.59384166171475,393.81741249794896,389.22471484913274,389.3458251953125,81852400
2021-05-11,384.8369586713548,386.8584779431412,382.0049382756216,385.8710021972656,116888000
2021-05-12,383.0949159919616,384.3618553205323,376.3595601632733,377.673095703125,134811000
2021-05-13,379.21955649395835,384.13831434726995,379.17296027905456,382.2099304199219,106394000
2021-05-14,384.9394270681594,388.9266014154042,384.9114807136324,388.078857421875,82201600
2021-05-17,386.97025720812496,387.9018401628468,385.07911651757036,387.0913391113281,65129200
2021-05-18,387.35227560923283,387.5944963339857,383.5979965238752,383.7563781738281,59810200
2021-05-19,379.0797117393857,382.92712508894346,377.5984699667049,382.7501220703125,106467100
2021-05-20,383.62587868681237,388.1254406224363,383.5047967743601,386.8677978515625,78022200
2021-05-21,388.3489736323711,389.58799485674376,386.09455884988506,386.551025390625,76578700
2021-05-24,388.7868254622032,391.56295289159766,388.544604797389,390.49163818359375,51376700
2021-05-25,391.57227976579446,391.9262858634761,389.0476977323679,389.6252746582031,57451400
2021-05-26,390.2121095554055,390.9014717770301,389.1780662229686,390.3984375,43088600
2021-05-27,391.4232216191229,391.9355808710809,390.3239321287522,390.6034240722656,56707700
2021-05-28,392.1685199593985,392.4293620777178,391.0692587771713,391.3021545410156,58520200
2021-06-01,393.65898211112926,393.7987138563774,390.51955237272466,390.9573974609375,54216600
2021-06-02,391.60950638441597,392.41068247668926,390.6034093428114,391.5722351074219,49097100
2021-06-03,389.2620389814805,391.25561221110485,387.79944656000316,390.11907958984375,58138800
2021-06-04,391.9635773504691,393.985125124761,390.1842502722685,393.68701171875,55938800
2021-06-07,393.6776507018846,393.85465374362394,392.3734402072181,393.3050231933594,51555000
2021-06-08,394.1620869131879,394.2552509032389,391.5629906976117,393.3888854980469,47134300
2021-06-09,394.2272923071258,394.3018348687151,392.57840061009364,392.8019714355469,48436300
2021-06-10,394.0223758472598,395.5781321168516,392.70884027859677,394.6278991699219,51020100
2021-06-11,395.1775688004502,395.39181472194224,393.89197955285624,395.280029296875,45570800
2021-06-14,395.3916873351566,396.2673774556017,394.1526947002913,396.1649169921875,42358500
2021-06-15,396.3140141846101,396.35125703166875,394.5626337646086,395.4383239746094,51508500
2021-06-16,395.57807599910893,395.8016468115362,391.19032822728997,393.23046875,80386100
2021-06-17,392.82060361942723,394.0782178856841,390.63137795315737,393.1000671386719,90949700
2021-06-18,389.82512979232945,390.5167474088944,387.5913771677302,387.7969970703125,118676300
2021-06-21,389.55418585663176,393.53572300776443,388.7410614576369,393.3487854003906,72822000
2021-06-22,393.33932268734105,396.28340358966534,392.6196388178262,395.4515686035156,57700300
2021-06-23,395.52640432656335,396.33017311106846,394.8908622379778,394.9749755859375,49445400
2021-06-24,397.115289475811,397.7321206963649,396.86292090837077,397.3115539550781,45110300
2021-06-25,398.05922899461444,399.1714418641056,397.73210252899935,398.7228088378906,58129500
2021-06-28,399.2462945020696,399.69489908000827,398.0499680897806,399.52667236328125,53159600
2021-06-29,399.9098343658785,400.5453764693619,399.2088612604478,399.7416076660156,35970500
2021-06-30,399.2836220683984,400.7509992918403,399.2555842848848,400.07806396484375,64827900
2021-07-01,400.83513000426785,402.452051650708,400.7696989990123,402.29315185546875,53441000
2021-07-02,403.4520300284134,405.7231756894549,402.37718195001327,405.3680114746094,57697700
2021-07-06,405.4240804253988,405.6390557421083,401.90053315862076,404.629638671875,68710400
2021-07-07,405.31199914635374,406.34009873848606,403.3025486160357,406.0596923828125,63549500
2021-07-08,400.7510054866028,403.5081778396305,399.57336151548776,402.7511291503906,97595200
2021-07-09,404.25584763381096,407.349473214676,402.55481277928465,407.0503845214844,76238600
2021-07-12,406.9662877159468,408.76079142536776,406.53636552867664,408.5084228515625,52889600
2021-07-13,407.72331850573784,409.2187334442086,406.854118733952,407.1158142089844,52911300
2021-07-14,408.8075333770508,409.29355967985066,406.48031165768174,407.7233581542969,64130400
2021-07-15,406.38679455738685,407.05972983900836,404.43341971053184,406.3307189941406,55126400
2021-07-16,407.5083229344722,407.5550430583768,402.7510563008199,403.1435852050781,75874700
2021-07-19,398.33031422579336,403.209088281005,394.38617099707693,397.1900634765625,147987000
2021-07-20,397.85360950811923,404.1530401378472,397.0591676686946,402.8819274902344,99608200
2021-07-21,404.07824240394586,406.28398573679834,402.83519609526724,406.1437683105469,64724400
2021-07-22,406.3213579405747,407.23730633204167,405.3400070746696,406.9942932128906,47878500
2021-07-23,408.91963853760046,411.5179109011736,408.2373763394922,411.18145751953125,63766600
2021-07-26,410.59258548528925,412.2001513321197,410.54586536220575,412.1907958984375,43719200
2021-07-27,411.15341783224966,411.1814556139232,407.48965273178777,410.312255859375,67397100
2021-07-28,410.93845431834467,411.51792083805464,408.7233839343774,410.1440124511719,52472400
2021-07-29,411.0693007705477,412.91985138960683,411.05994533585215,411.84503173828125,47435300
2021-07-30,409.2841865056366,411.29363706752343,409.15332449973266,409.844970703125,68951200
2021-08-02,411.5552501136449,412.10667876520074,408.6298516644557,408.9850158691406,58783300
2021-08-03,409.7795364098606,412.4338844991458,407.5925037276187,412.3123779296875,58053900
2021-08-04,411.0318422374195,412.28424381294224,410.0504915209961,410.2841491699219,46732200
2021-08-05,411.4431679198543,412.96662067268136,411.1253968736616,412.88250732421875,38969700
2021-08-06,413.20029762470335,413.9853841029397,412.91989126076,413.5647888183594,46930000
2021-08-09,413.5366870620658,413.85445807390835,412.46186747322616,413.228271484375,41222600
2021-08-10,413.6768480634151,414.45260745639985,412.99458596031207,413.7422790527344,43339300
2021-08-11,414.80783999492405,414.8639155599606,413.6862716488568,414.77044677734375,44034300
2021-08-12,414.6208676326382,416.1536756754447,413.7236301446858,416.0134582519531,38909400
2021-08-13,416.4621552133837,416.7892817139917,415.9761574416634,416.7705993652344,39470300
2021-08-16,415.4713908619817,417.8827255582406,413.9199004513762,417.75189208984375,73740000
2021-08-17,415.2003978250957,415.87333317500145,412.032014089514,415.01348876953125,92673900
2021-08-18,414.00406428357036,415.5649103189403,410.22817626839674,410.4711608886719,89351900
2021-08-19,407.7512775027748,412.30295243814317,407.61108861871384,411.1065979003906,92812200
2021-08-20,411.4524984131377,414.7049951138694,410.96647217681397,414.37786865234375,72008700
2021-08-23,416.0602189821948,418.9295421673049,414.45265298648917,418.02294921875,54973000
2021-08-24,418.6864929199219,419.2192392352231,418.17245747210313,418.6864929199219,38744700
2021-08-25,418.8734154308783,420.0790683883611,418.4995403666085,419.5650329589844,40529700
2021-08-26,419.2846772641112,419.5183349461485,416.9948490937456,417.08831787109375,57829600
2021-08-27,417.8921363097158,421.19138203158167,417.8360607411706,420.8175354003906,77235100
2021-08-30,421.4904469021432,423.4531772582027,421.24743377041483,422.6680908203125,48357400
2021-08-31,422.57458594782264,422.9110393113264,421.44369077915854,422.0418395996094,59300200
2021-09-01,422.9764722664043,423.4905077483613,422.03248612109024,422.2661437988281,48721400
2021-09-02,423.68684470342555,424.369106938718,422.36901184150173,423.5653381347656,42501000
2021-09-03,422.43439243098885,423.9765273755303,422.0324795543075,423.46246337890625,47170500
2021-09-07,423.1166526229062,423.21012139664674,421.27542901861193,421.9483642578125,51671500
2021-09-08,421.4156133100836,422.14462405168274,419.51828577257527,421.4342956542969,56181900
2021-09-09,421.23808970978325,422.9858446456514,419.38751055980504,419.6305236816406,57970400
2021-09-10,421.55580611377326,421.9763727824504,416.2003623513121,416.3218688964844,89948200
2021-09-13,419.3126944167152,419.5743898490149,415.0787903327298,417.3873291015625,83738600
2021-09-14,418.82672304337876,419.03234294728094,414.2470381175579,415.13494873046875,78197100
2021-09-15,415.555451086405,419.09770903207215,414.45259382841397,418.60235595703125,78792200
2021-09-16,418.0790011528334,419.0509965202967,414.99470280608074,417.9388122558594,77786700
2021-09-17,417.168134146106,417.59004823430996,413.51137369740354,413.86767578125,118425000
2021-09-20,407.75436793021106,409.3295710757895,402.10984707082173,406.9667663574219,166445500
2021-09-21,409.3013817803459,410.59530867420943,406.0572077545702,406.582275390625,92526100
2021-09-22,408.8513325900805,412.58309005146594,406.69480673198865,410.5484313964844,102350100
2021-09-23,412.4143728690153,417.14001100580157,412.17996661282217,415.5366516113281,76396000
2021-09-24,413.90516505538227,416.9337039803391,413.6895010133059,416.2210998535156,62094800
2021-09-27,415.18965363663966,416.35229928321826,414.33641159747526,415.0302734375,61371100
2021-09-28,412.26433994291904,412.59251441684535,405.93537117136833,406.6667175292969,130436300
2021-09-29,408.045029638689,409.77964162679973,406.7886155612909,407.3511962890625,82329200
2021-09-30,408.82330398006496,409.52652283633495,402.03490711070083,402.3724670410156,140506000
2021-10-01,404.0976283486504,408.8326231008619,400.58153463739126,407.1542663574219,129240100
2021-10-04,405.9916262485337,406.89173823936943,399.7657824946463,401.9035949707031,128570000
2021-10-05,403.4037658375677,408.3262970264828,402.6068074886927,406.08538818359375,90682500
2021-10-06,402.4942384202276,407.97934991567206,400.8721656243834,407.7730712890625,113032200
2021-10-07,411.0454355366307,414.13020116989895,410.86728449835147,411.298583984375,72437500
2021-10-08,412.0674077940218,412.4518374427157,409.9202387275282,410.5484313964844,74557400
2021-10-11,409.8921065328173,412.79874945849707,407.5105312643394,407.576171875,65233300
2021-10-12,408.49511604042164,408.89828794249456,405.785365924999,406.5729675292969,71181200
2021-10-13,407.5949901170963,408.85140428938456,404.62273464026305,408.0356750488281,72974000
2021-10-14,411.69235787459854,415.0490712799511,411.2235453911505,414.8990478515625,70236800
2021-10-15,417.00870250976914,418.42452536112467,416.3898666001841,418.058837890625,66260200
2021-10-18,416.2774158643815,419.6341011247243,415.6210668502245,419.29656982421875,62213200
2021-10-19,420.91862541650084,422.59695355572194,420.3091462784129,422.5313415527344,46996800
2021-10-20,422.99075914645675,424.4909648278342,422.878248727811,424.19091796875,49571600
2021-10-21,423.5908483463569,425.5223536137635,423.1595488456662,425.2973327636719,41305400
2021-10-22,424.8660748608127,426.3100255563803,422.91579858892055,424.856689453125,58845100
2021-10-25,425.9443581792132,427.4633063660101,424.17226149929996,427.1351318359375,45214500
2021-10-26,428.68217522735085,429.89169091412384,427.1444564431734,427.5195007324219,56075100
2021-10-27,427.9789975244028,428.6447033477546,425.5505232829299,425.62554931640625,72438000
2021-10-28,427.050677407055,429.80729721502064,427.0413206145411,429.7322998046875,51437900
2021-10-29,427.435131798945,430.89497056169455,427.14447031928165,430.60430908203125,70162400
2021-11-01,431.5887947913139,431.9638676988326,429.6198050970678,431.34503173828125,48433600
2021-11-02,431.51378609797507,433.398421537022,431.38250486096626,433.0889892578125,48908400
2021-11-03,432.5263728629684,436.1362346004919,432.0856879971298,435.7330627441406,52509800
2021-11-04,436.33313266603705,437.87085131761023,435.9862160130472,437.7864685058594,52847100
2021-11-05,440.00869977242445,441.2932415636286,437.7959183013962,439.30548095703125,66390600
2021-11-08,440.40250108208477,440.8994412181432,438.9960634954237,439.6805114746094,50405200
2021-11-09,440.0461369788913,440.28054321030675,436.8207049454919,438.2271423339844,51149100
2021-11-10,436.53942763125457,438.2271697715408,433.220255788708,434.7016906738281,69429700
2021-11-11,436.1924978999976,436.2675239203641,434.8235734757579,434.8423156738281,34848500
2021-11-12,436.1081354103615,438.6772187538003,435.1611250038921,438.1240234375,53466700
2021-11-15,439.40859470618256,439.56797493267015,437.14891501750157,438.2740478515625,46980500
2021-11-16,438.01152112700873,441.1431852512349,437.9365237158013,440.0086669921875,48857500
2021-11-17,439.74616317118915,439.9243142257767,438.3209833485355,438.9398193359375,47858300
2021-11-18,439.9710863467691,440.69307581212365,437.25197993727926,440.4305419921875,50625600
2021-11-19,440.31803734544474,441.5650945480242,439.2772873896782,439.6429748535156,57315600
2021-11-22,441.5182563851529,444.0029569483632,438.19905582510415,438.40533447265625,72762000
2021-11-23,438.07713594296996,439.83987544998917,435.4799250989726,438.98663330078125,73206500
2021-11-24,436.98945366666055,440.28052618496287,436.17372459112534,440.15863037109375,61858800
2021-11-26,433.50149668510204,434.96418925297854,429.2165439866492,430.3417053222656,112669600
2021-11-29,435.12357388678817,437.4582506222478,432.92953515695143,435.6205139160156,86268800
2021-11-30,433.18280884176426,435.08618670574947,426.9007090428121,427.1445007324219,148559600
2021-12-01,432.84521097923056,435.6862135337651,422.2031616971008,422.4000549316406,131939200
2021-12-02,422.61574691393747,430.43553635703284,422.22193180478286,428.86968994140625,127637800
2021-12-03,430.5292522904625,431.58874442702455,420.9185967447433,425.1379089355469,137331600
2021-12-06,427.6789180869,432.0482542479885,425.2692148441158,430.1730041503906,98977500
2021-12-07,435.442440658666,439.63362565886325,430.0417113660508,439.071044921875,95484700
2021-12-08,439.4649032824723,440.68380448756346,437.71152027988126,440.2337341308594,72238800
2021-12-09,438.94912708653544,440.3368223530035,437.06452034105865,437.26141357421875,61272600
2021-12-10,439.9617692478392,441.52758690349503,437.41142821807136,441.3775634765625,77159800
2021-12-13,440.86187964178026,441.20879629669554,437.1863772299923,437.4676818847656,87724700
2021-12-14,434.2047373052017,436.6894377150197,431.5418858646757,434.4578857421875,97264100
2021-12-15,434.5141971486355,441.49010093703475,432.00134036114184,441.246337890625,116899300
2021-12-16,443.09342361388826,443.37469964954175,435.8080595359977,437.35516357421875,116568600
2021-12-17,434.2811153094128,437.28264895632753,430.9973174727998,432.70037841796875,135511600
2021-12-20,427.62893618734074,428.4945657060667,424.4862697414786,428.0993957519531,107134800
2021-12-21,431.5149548202637,435.8431890265247,429.3508520744213,435.7020568847656,69806300
2021-12-22,435.44797367017134,440.1713773813337,435.2503599777173,440.0584716796875,58890200
2021-12-23,441.0558332086626,444.2925972471357,440.9523458894644,442.7965393066406,56439700
2021-12-27,444.17025861450196,449.11008378457836,444.12322414632985,449.06304931640625,56808600
2021-12-28,449.49583182545905,450.5214301033936,447.9339028188725,448.696044921875,47274600
2021-12-29,448.7995600259367,450.28619942831625,447.802188171838,449.27001953125,54503000
2021-12-30,449.693492768275,450.70028317333333,447.5670349664784,448.028076171875,55329000
2021-12-31,447.53874202831184,448.68663568101795,446.6260494189647,446.8988952636719,65237400
2022-01-03,448.15975083339737,449.61819265083415,445.8545162929149,449.4864501953125,72668200
2022-01-04,450.9072545217483,451.6223622300133,447.4822951975026,449.3359069824219,71178700
2022-01-05,448.9689713732978,449.7405319442751,440.61360498167255,440.70770263671875,104538900
2022-01-06,440.2466056724417,443.0034914570786,437.93192425280233,440.29364013671875,86858900
2022-01-07,440.3030723284207,441.479221117935,437.1980222953608,438.5529479980469,85111600
2022-01-10,435.36331312046167,438.2236867337772,429.6237004184561,438.0072937011719,119362000
2022-01-11,437.74376052174716,442.0908017452963,434.7516162526011,441.9967041015625,74303100
2022-01-12,443.7280116585806,445.2429062617321,441.2345819172256,443.1916809082031,67605400
2022-01-13,444.29258772329274,444.9418241930247,436.05954567988096,437.08514404296875,91173100
2022-01-14,433.94247281173614,437.6120514809011,432.7286791584299,437.263916015625,95890900
2022-01-18,432.578128611285,432.7851319574491,428.4098639787604,429.5201416015625,109709100
2022-01-19,431.06321784637055,432.4557595624984,424.78727560160723,425.0601501464844,109357600
2022-01-20,426.94202425230395,431.6372011815895,418.2385229314581,420.3555908203125,122379700
2022-01-21,419.2358828982697,421.58818048554997,412.0755028255823,412.1037292480469,202271200
2022-01-24,406.50524550753806,414.3619251147175,395.901098425589,413.85382080078125,251783900
2022-01-25,407.47441758472695,413.7409421509055,401.9135823339121,408.8011169433594,167997300
2022-01-26,414.6818552495206,417.80571346524874,403.5225401054795,407.7755126953125,186391100
2022-01-27,412.36723366568094,415.50048178403745,404.07773829561154,405.761962890625,149878300
2022-01-28,407.11686454826264,415.886237349482,402.54401155859085,415.8392028808594,164457400
2022-01-31,415.1711072435179,423.67702338927,413.82559991033423,423.3288879394531,152251400
2022-02-01,424.0533351601826,426.8290574808643,420.5343075616041,426.1892395019531,123155400
2022-02-02,428.58860927324656,431.0538124863708,426.2833462117449,430.3293151855469,117361000
2022-02-03,424.30745056905977,426.2080966836343,419.3770152968473,420.2144470214844,118024400
2022-02-04,419.9792032496543,426.0293055549054,417.6080689818472,422.19036865234375,118454400
2022-02-07,422.95257835164983,424.3451203230606,419.5088108002381,420.83551025390625,84472900
2022-02-08,420.3368340105605,425.2202068332441,418.9160368655322,424.298095703125,81012000
2022-02-09,428.3252089130967,430.8280572528607,428.1276239352286,430.5081481933594,92589900
2022-02-10,424.67441942143387,430.66806944150386,420.7790293131962,422.7737731933594,140103700
2022-02-11,422.858431768966,424.9284364407401,413.00700821201644,414.43719482421875,153214600
2022-02-14,413.9291560964369,415.50989334254666,409.61973040303707,413.0823059082031,123006300
2022-02-15,417.5140448697904,419.9133771021189,416.99652213320917,419.7440185546875,88482700
2022-02-16,417.7021805621434,421.58818077331404,415.82976087005267,420.2144470214844,84863600
2022-02-17,417.03422512188433,420.18631030686123,410.63598579994795,411.2381591796875,102259100
2022-02-18,411.49211293034836,412.74355133918664,406.30766852315804,408.5752868652344,132642900
2022-02-22,406.37355193227506,409.7702560003978,400.6997823601273,404.19061279296875,124391800
2022-02-23,407.0980794779474,407.6626367061376,396.45628627766916,397.0208435058594,132578000
2022-02-24,386.7365552102814,403.42847944353576,386.3790300752348,402.9956359863281,213942900
2022-02-25,404.22823397331,411.97200837339045,402.58162557598797,411.8873291015625,121804500
2022-02-28,406.5052626502716,412.3107459178309,405.25385292778066,410.83349609375,145615000
2022-03-01,409.3374336179091,411.34159579885494,401.8759236906789,404.5763854980469,137785900
2022-03-02,406.825151607102,413.74091213892484,406.0724278778105,412.01904296875,117726500
2022-03-03,414.446680076633,415.04885343146157,408.17073639481583,409.9678955078125,105501700
2022-03-04,406.2418252656333,407.7661096277124,402.60047290853925,406.63702392578125,113978200
2022-03-07,406.05356074725825,406.759249958647,394.5837564676544,394.6496276855469,137896600
2022-03-08,394.82848568696517,401.97005852746355,390.59434954887394,391.6575927734375,164772700
2022-03-09,400.02235763522094,404.134169484024,397.8394184443937,402.1582336425781,116990800
2022-03-10,397.5571741386675,401.23617169428314,395.6000748169369,400.3423156738281,93972700
2022-03-11,402.8262482347944,403.43783985789673,394.7437572588801,395.2518615722656,95636300
2022-03-14,396.0234704863825,399.46720926881693,391.22477713105775,392.36328125,95729200
2022-03-15,394.96955062340055,401.6218547157255,393.6993329697204,400.991455078125,106219100
2022-03-16,404.4917305799787,409.9396315604553,399.7024270341616,409.8831787109375,144954800
2022-03-17,407.9731146505722,415.0111999511719,407.5967527483876,415.0111999511719,102676900
2022-03-18,413.4028311487186,419.8775739934096,412.66663547827596,419.5566711425781,106345500
2022-03-21,419.3867810928451,421.38772166865976,415.93231566706595,419.4339904785156,88349800
2022-03-22,420.8213779356856,425.27631330286863,420.8213779356856,424.3419189453125,74650400
2022-03-23,421.81256176889076,423.30381991515435,418.79225491588033,418.877197265625,79426100
2022-03-24,420.89699675804104,425.2009149244502,419.78326986493045,425.19146728515625,64736900
2022-03-25,425.8238060374059,427.54160557531713,423.24710673053914,427.26788330078125,77101300
2022-03-28,426.6733606985077,430.3071594238281,424.78567604159133,430.3071594238281,68529800
2022-03-29,434.18626321308204,436.12115693733773,431.5057549157547,435.6303405761719,86581500
2022-03-30,434.4882240411419,435.2999431413781,430.83556009950934,432.9403381347656,79666900
2022-03-31,432.1758685328461,432.9970065427643,425.8238008960685,426.27685546875,121699900
2022-04-01,427.8530688001301,427.99463935727147,423.9172632927216,427.4849853515625,89048800
2022-04-04,427.6832403411355,431.2509628688752,426.8621021980193,431.1471252441406,59601000
2022-04-05,429.6558116325977,432.119225743506,424.5590699380688,425.70111083984375,74214500
2022-04-06,421.7936427720497,423.71906006741074,418.5656898647818,421.44439697265625,106898000
2022-04-07,420.5666126114327,425.3802132507673,418.62230012164184,423.5680236816406,78097200
2022-04-08,422.8129558921499,425.32357938924946,420.89695753959705,422.4354248046875,79272700
2022-04-11,419.1697603481383,420.00979376147524,414.7148526591951,415.215087890625,89770500
2022-04-12,418.19761946757274,420.71769099701174,412.12872059672054,413.6766357421875,84363600
2022-04-13,413.4311873130841,419.16973507105604,413.25185499529334,418.4146728515625,74070400
2022-04-14,418.64113099890267,419.7548865120772,413.1007827575576,413.2046203613281,97869500
2022-04-18,412.27974277354747,415.0546413726437,411.1471205194664,413.3746032714844,66002500
2022-04-19,413.2707073837323,420.76481631207815,413.10082271070314,420.0475158691406,77821000
2022-04-20,421.82193478222695,422.4354264021452,418.57511557097627,419.73602294921875,65224400
2022-04-21,423.3509483444846,424.7383973991878,412.55339229515056,413.45947265625,85417300
2022-04-22,412.37412370691203,413.4784030168014,401.54825187367607,402.11456298828125,132471800
2022-04-25,399.87763849644267,404.61571598232445,395.31886452951045,404.4458312988281,119647700
2022-04-26,401.9162927984164,402.1145203899857,392.70441293823944,392.73272705078125,103996300
2022-04-27,393.80863047196954,399.16967497196913,391.703881227094,393.8369445800781,122030000
2022-04-28,398.57515732733924,405.5124037214935,394.1485348093446,403.78515625,105449100
2022-04-29,399.8021034252902,401.9540624319965,388.11733269096055,388.86297607421875,145491100
2022-05-02,388.92913281565893,392.5629317055577,382.27502681638845,391.20379638671875,158312500
2022-05-03,391.7040109410524,395.40385671006345,390.1466480680365,392.9970703125,100028200
2022-05-04,393.65763595496884,405.53118526756083,390.47689280324255,404.9648742675781,144247900
2022-05-05,400.7081751004019,401.1329155913623,386.4467339742489,390.5713195800781,172929100
2022-05-06,388.01350785652954,391.50570647733946,382.9450801949944,388.2400207519531,151770800
2022-05-09,382.3505124543199,383.5869435337957,374.23346310540126,375.8096923828125,155586100
2022-05-10,381.7747515433738,383.27545730002635,372.64781289944233,376.6780090332031,132497200
2022-05-11,375.71521640762944,381.34995466803645,369.9483264327751,370.6939697265625,142361000
2022-05-12,367.5038552140162,373.57275401716174,363.5208397349999,370.30706787109375,125090800
2022-05-13,374.43161982347493,380.53827982576547,373.3933876739787,379.1602783203125,104174400
2022-05-16,377.51798684544667,381.28390774009296,375.271637959596,377.6217956542969,78622400
2022-05-17,383.70016285890136,385.62560898408395,379.9719747013643,385.3896484375,83029700
2022-05-18,380.840309909265,381.12345103452697,368.61754246873323,369.8539733886719,117674500
2022-05-19,366.7959211904098,372.0059481432004,365.3707103676318,367.5887451171875,98510700
2022-05-20,371.1659411793916,374.7336635050742,359.1697150107811,367.7492370605469,131432200
2022-05-23,370.7695426186861,375.39439273940906,368.45714636210454,374.6298828125,76414900
2022-05-24,370.5146628553773,372.9592105064328,365.2291411864955,371.7699890136719,91448800
2022-05-25,370.2787563943249,377.0178039870792,369.8823587734453,375.0545959472656,91472900
2022-05-26,376.28154835892093,384.18150224653084,376.07390194163645,382.54864501953125,82168300
2022-05-27,385.0026051853853,392.0531062882977,384.8044064245167,391.9398498535156,84768700
2022-05-31,390.3258696030877,393.07245343451956,387.0035559449801,389.7406921386719,95937000
2022-06-01,391.8549424707136,392.86483164009155,384.0776638781302,386.5882873535156,86585800
2022-06-02,386.4278638148007,393.9974674509903,384.1815149003103,393.9502868652344,79609600
2022-06-03,389.240487364167,390.7884022780611,386.51279859544996,387.4849548339844,71874300
2022-06-06,391.48681245747764,393.21403077110097,387.49435013390536,388.66473388671875,57508900
2022-06-07,385.18194504153405,392.84593785258215,384.7194428520581,392.39288330078125,59272400
2022-06-08,390.6846048993001,392.4684805286195,387.33397652533813,388.1268005371094,64350000
2022-06-09,386.3523433395128,388.6175587452947,378.89599609375,378.89599609375,86289800
2022-06-10,372.7044332589276,373.55388552538324,367.86251789521714,367.9096984863281,132893900
2022-06-13,358.5184359528124,360.3683584476511,352.3362527688543,353.9407958984375,170004900
2022-06-14,355.6869276147928,356.7157121238985,349.7784664118968,352.874267578125,104011800
2022-06-15,356.1682125540914,362.3409474596305,351.2224895627162,357.9049072265625,125666800
2022-06-16,349.702968623294,350.10881384000515,343.63404163139757,346.0597229003906,134473300
2022-06-17,346.4739155238614,350.14235777027204,343.30786923756034,346.8056640625,111113900
2022-06-21,352.521725834006,356.92005638665404,352.44587608946637,355.5361022949219,76811900
2022-06-22,351.3178056312109,358.99595685720385,350.90071887328156,354.8914794921875,90059400
2022-06-23,357.02430174493765,359.1002181811548,353.4696047412398,358.3703308105469,79292100
2022-06-24,361.5363809433128,369.77380119326506,361.507944524138,369.7643127441406,98050300
2022-06-27,370.68380190795756,370.9776545538821,367.2618273862305,368.3519287109375,66009600
2022-06-28,369.9065529188097,372.68394948048416,360.71172428504013,360.8254699707031,86548900
2022-06-29,361.37524766838453,362.3610628098229,358.71159702593604,360.5315856933594,65676000
2022-06-30,356.64510092174794,360.8349164010324,353.1567653026987,357.6025085449219,112508300
2022-07-01,356.94854012954494,361.8208599109863,354.3322732319177,361.3847961425781,74839700
2022-07-05,356.30395395124316,362.0862681620961,353.47914368346136,362.0672912597656,81438000
2022-07-06,362.2094581257224,365.7736442291068,359.8302001680812,363.29010009765625,70426200
2022-07-07,365.0626062245405,369.527297172002,363.3089500699822,368.7310485839844,64525900
2022-07-08,367.1006548819058,370.29516685698064,365.5745188691098,368.4277648925781,72397800
2022-07-11,365.7546185718872,366.72148571389,363.527002730403,364.218994140625,58366900
2022-07-12,363.6692331147653,366.0485198112267,359.251925711996,360.99609375,62219200
2022-07-13,355.56446938861467,362.0292847605267,355.14738265957544,359.1001892089844,84224600
2022-07-14,354.1521699959699,359.3088540915369,351.7160390075151,358.2282409667969,89704800
2022-07-15,362.6265260152687,365.185919762693,360.72122784420594,365.0721740722656,79060400
2022-07-18,368.1529146526756,368.82592927824663,360.83497625525047,362.05780029296875,63203600
2022-07-19,365.97264856832055,372.4090283274704,365.31861090466685,371.84027099609375,78506000
2022-07-20,372.02991057920354,375.62253303614597,370.6649043931411,374.2101135253906,71843800
2022-07-21,373.63188089355765,378.06813634762244,371.2336461823122,378.020751953125,64903900
2022-07-22,378.1439748043947,379.33833343517273,372.29530007355766,374.513427734375,72197300
2022-07-25,375.139002292695,375.82150523542174,372.7312795602707,374.9683837890625,53631500
2022-07-26,373.3285099278068,373.53705331768873,369.6411191276845,370.53216552734375,52946400
2022-07-27,373.82144153900765,381.8977324950311,373.5275888700464,380.153564453125,82342100
2022-07-28,380.95927437369363,385.61353235014826,377.4140367716771,384.92156982421875,73966600
2022-07-29,386.3528761831323,391.5190471453721,385.5850639824012,390.533203125,87003700
2022-08-01,387.8411758992656,391.8793213752261,387.1302364241008,389.3768005371094,69997500
2022-08-02,387.8127450392465,391.4906766053588,385.63254218875403,386.8079528808594,63435400
2022-08-03,388.9313756593287,394.0311874126305,388.6470113686351,392.8652648925781,67820600
2022-08-04,392.78932847212786,393.4718315474268,390.95985110646615,392.5997619628906,45656600
2022-08-05,388.3246175842232,392.5807659148732,388.26774474140564,391.9361877441406,56814900
2022-08-08,393.62347746477167,395.87004150956847,390.3815808280443,391.4811706542969,53886100
2022-08-09,390.7512903773344,391.25368644325886,388.8554517997777,389.9266052246094,44931800
2022-08-10,396.96966387104465,398.2588492285253,395.01695232609546,398.11663818359375,68665700
2022-08-11,400.9603962309802,402.81833898357877,397.37726224840134,398.11663818359375,59489700
2022-08-12,400.050395788599,404.9606110010774,399.10247645360926,404.8563537597656,61694500
2022-08-15,402.64764150057266,407.04600061972724,402.5907686609456,406.5246276855469,54048300
2022-08-16,405.4535207281274,409.2451978170758,404.64778356108576,407.3209228515625,59289000
2022-08-17,403.7282975362389,407.1313242254354,402.42965277199465,404.42974853515625,63563400
2022-08-18,404.62877901944364,406.2876376325339,403.3396227828059,405.60516357421875,49023200
2022-08-19,402.84681184473675,403.11222812937183,399.28262551260394,400.15472412109375,68016900
2022-08-22,395.3297635768896,395.5004110497399,390.921944270961,391.8224792480469,77695600
2022-08-23,391.39585573923233,393.7846307828097,390.3247023494631,390.87451171875,49105200
2022-08-24,390.6469215129157,393.49067877722706,389.964447540548,392.1257019042969,49177800
2022-08-25,393.614017515164,397.7090360070508,392.52391605971974,397.6616516113281,50942300
2022-08-26,397.5478603350803,398.088152311537,384.14426851779484,384.2011413574219,103087000
2022-08-29,381.2531682301508,384.70357956798847,380.30524889484775,381.6607666015625,65370800
2022-08-30,382.8172261577202,383.0542059895712,375.3760536519589,377.470947265625,85652400
2022-08-31,379.10134082789193,380.3431127380741,374.46603071215685,374.5987243652344,76029700
2022-09-01,372.4280160542996,376.1154069737023,369.7264403478649,375.774169921875,78740100
2022-09-02,379.43310730382876,380.6464427581479,370.00129941700374,371.81182861328125,99632100
2022-09-06,372.6555609471726,373.5939919026862,368.19086864195987,370.40899658203125,76637400
2022-09-07,370.0961415467539,377.83116684452074,369.87813861226584,377.0633544921875,70964200
2022-09-08,374.79778552612436,379.98287576733065,373.59390963079943,379.52789306640625,80821700
2022-09-09,381.7649972904449,386.28659071940456,381.4995810521483,385.4239807128906,76706900
2022-09-12,387.4903999035653,390.28677304617617,387.1870588242466,389.56634521484375,69256300
2022-09-13,380.90239200547273,382.10626800654813,371.5085373863549,372.6270751953125,122947100
2022-09-14,373.9257465690702,375.5656574561683,370.75021096587693,374.0489807128906,85023700
2022-09-15,372.4943947202488,375.3381528851013,368.53209861998994,369.80230712890625,87633800
2022-09-16,365.6295510878898,367.6378630769438,363.69734233012485,366.9811096191406,103084800
2022-09-19,363.84011191988435,369.8269958496094,363.7639505998914,369.8269958496094,73278500
2022-09-20,366.5051996914192,367.5141193905518,362.83121456949,365.5819396972656,77274900
2022-09-21,367.50452437829694,370.55033777024784,359.1952150060502,359.2047424316406,106746600
2022-09-22,358.4338263970015,360.0709463739704,355.4451478506608,356.18756103515625,89472600
2022-09-23,352.7228790149844,352.76095967141856,345.7841825636604,350.2196350097656,122346900
2022-09-26,348.75391014864755,352.3707890222306,345.5367765894628,346.7550964355469,92581200
2022-09-27,350.28630194167937,352.5516221250691,343.48084301099055,345.8699035644531,108294100
2022-09-28,346.8217084645166,354.3600529595543,345.127482081543,352.67535400390625,110802200
2022-09-29,349.1346285560483,349.42016092257757,342.36725004597866,345.308349609375,112952300
2022-09-30,344.3660311283521,348.27799879138144,339.83541969328155,339.9686584472656,153711200
2022-10-03,343.6806581182504,350.79070306991537,341.9007722856018,348.9441833496094,89756500
2022-10-04,354.4551993806732,359.7853586515844,348.90614168269303,359.7568054199219,103602800
2022-10-05,355.3974984990643,361.1749817964111,353.0750722691506,358.919189453125,88065700
2022-10-06,357.5200770483229,360.47070383972516,354.72174385776447,355.2167053222656,82333500
2022-10-07,351.19054873616767,355.3023890964065,343.5474892236813,345.308349609375,107789500
2022-10-10,346.4218681376383,346.65982139917173,340.43498499131846,342.6717224121094,76042800
2022-10-11,340.9774934330555,345.5366860181765,338.5694076088321,340.5015869140625,92482800
2022-10-12,340.9109745209168,342.4814606200205,339.1310592917608,339.3785400390625,76991800
2022-10-13,332.38265512986965,349.8008528442018,331.3356548770357,348.3350524902344,147254500
2022-10-14,350.7907254903841,352.4183468938871,339.7592145462475,340.3969421386719,123737000
2022-10-17,346.4695113964719,350.24821073516875,340.0637984886666,349.14410400390625,93168200
2022-10-18,357.0536513093477,357.35823847132036,349.81033854515664,353.24639892578125,97162900
2022-10-19,351.20960435158037,353.9318056806791,347.935364051329,350.74322509765625,79746900
2022-10-20,350.2958089110657,354.7122360773966,347.0405950042413,347.80206298828125,88283100
2022-10-21,347.5260408349085,356.7395859020458,346.02218871676973,356.2541809082031,131038400
2022-10-24,357.77707959447656,361.74612439325887,355.13101099924324,360.61346435546875,85436900
2022-10-25,360.53729867069814,366.68600327248134,360.4230857441992,366.3719177246094,78846300
2022-10-26,363.2308833811119,368.903680899248,362.9739043202817,363.6116027832031,104087300
2022-10-27,364.61105138754175,366.44804370025827,361.0512506396155,361.6699523925781,81971800
2022-10-28,361.5652980348159,370.75029017440346,361.3844511918501,370.2743835449219,100302000
2022-10-31,367.81868945232327,369.68423516133385,366.69555686556424,367.5997619628906,96631300
2022-11-01,371.34039469961164,371.5783479860967,364.8204688405162,365.9911804199219,85407600
2022-11-02,365.4010542504777,369.9031408055681,356.70149735976,356.8061828613281,126990400
2022-11-03,353.57008917022813,356.1685499468717,351.0192364870028,353.13226318359375,87100100
2022-11-04,358.8335469874606,360.61343287804317,352.170855133582,358.2148742675781,103505200
2022-11-07,359.50933724612685,362.231537963315,357.4343915475703,361.64141845703125,68286900
2022-11-08,362.7455541021946,366.56233474373306,359.5189221082523,363.5926818847656,84641100
2022-11-09,361.622403460563,362.77411841444257,355.6069367100275,356.1018981933594,78495500
2022-11-10,369.35108918360226,376.00428299719744,367.0572450041489,375.671142578125,141455800
2022-11-11,376.5277909851231,380.1066180137116,374.64319033872147,379.3070983886719,93839900
2022-11-14,377.5462448649226,380.89661702699635,375.80441036199727,376.0804443359375,71903500
2022-11-15,381.8197900048712,382.9238966019307,375.48071175885616,379.2879638671875,93194500
2022-11-16,377.6604299906343,378.61224316456577,375.76633106956126,376.39453125,68508500
2022-11-17,371.64500584373235,375.9186672305997,371.3404476693323,375.24285888671875,74496300
2022-11-18,378.5741867367159,378.6408206344442,374.1006819611119,376.94659423828125,92922500
2022-11-21,375.6235663390515,376.7466989172969,373.73896579052973,375.5759582519531,51243200
2022-11-22,377.5176474312929,380.79188693120494,376.1089535381112,380.63006591796875,60429000
2022-11-23,380.2968975987144,383.5140303982983,380.0684717587064,383.02862548828125,68261600
2022-11-25,382.46708656258517,383.49506108811516,382.1910816475926,382.9429931640625,30545400
2022-11-28,379.8591259436192,381.4962458070925,376.0708989562592,376.8323669433594,67881600
2022-11-29,376.96558433179973,378.1553507626501,374.34809818392904,376.18511962890625,52310000
2022-11-30,376.43252267362675,388.0351257324219,374.5193982519049,388.0351257324219,144566700
2022-12-01,389.07263892248426,390.2433795179694,385.24636063389784,387.7496337890625,76398200
2022-12-02,382.86679385886526,388.20645105003473,382.76210836744406,387.30224609375,85342700
2022-12-05,384.48494250767516,385.4177008262784,378.98346353454565,380.33502197265625,77289800
2022-12-06,380.1732926862465,380.7158042080798,372.76818614779955,374.8526306152344,77972200
2022-12-07,374.0054742055746,376.5753814167961,373.0822142567911,374.2148742675781,65927900
2022-12-08,376.09948257287107,378.2124799961138,374.3195674856605,377.1464538574219,60737900
2022-12-09,375.9090230523275,378.45987488377693,374.20526967404885,374.3290100097656,81447700
2022-12-12,375.11902932851245,379.725830078125,374.4527776179369,379.725830078125,75405800
2022-12-13,390.45276931962,390.70974839855415,379.84005911089247,382.6003112792969,123782500
2022-12-14,382.257673780074,385.9602409589763,377.21307559103866,380.1541748046875,108111300
2022-12-15,375.2999627142446,376.20419694431035,369.19886518287717,370.8550109863281,117705900
2022-12-16,368.3028770994123,369.6415286124747,364.3442912550409,366.4765625,119858000
2022-12-19,366.6678340994925,367.00250429400353,361.70523742151596,363.3689880371094,79878100
2022-12-20,362.61367325179793,365.48222528681765,361.2941346468216,363.86627197265625,74427200
2022-12-21,366.4574464966575,370.4351746621718,365.9219858955704,369.306884765625,78167400
2022-12-22,366.2662256920997,369.28777027212345,358.34902428686854,364.038330078125,100120900
2022-12-23,363.0151558474651,366.2757459455611,361.4661428370809,366.13232421875,59857300
2022-12-27,366.01758598213945,366.3617981256818,363.01515499931827,364.6884765625,51638200
2022-12-28,364.6216127041186,366.59137848650926,359.9267751898031,360.15625,70911500
2022-12-29,362.9960715854847,367.50926042450396,362.47015297141144,366.6391296386719,66970900
2022-12-30,363.9619134619415,365.8168836865277,361.8487256860745,365.6734619140625,84022200
2023-01-03,367.5284750602069,369.4982119568314,361.2750229231247,364.134033203125,74850700
2023-01-04,366.39049594030786,368.972203833434,363.34983850558666,366.9450988769531,85934100
2023-01-05,364.9945163658359,365.1092537639918,362.16422021646383,362.7570495605469,76970500
2023-01-06,365.845539153224,372.1946147969525,362.7857679206914,371.07586669921875,104189600
2023-01-09,373.2655401902277,376.44964922378716,370.6838609207569,370.8655090332031,73978100
2023-01-10,370.28225918611713,373.53327899556643,369.34518834804146,373.4663391113281,65358100
2023-01-11,375.04405606095594,378.26639143115705,374.231293835196,378.18988037109375,68881100
2023-01-12,379.2895306207411,381.02976337180365,375.2257485082276,379.5668029785156,90157700
2023-01-13,376.3730941204777,381.61299228704434,376.10536380133436,381.0392761230469,63903900
2023-01-17,381.0201896884126,382.6935115955875,379.6623956443495,380.3412780761719,62677300
2023-01-18,381.5269162830095,382.58826631918953,374.1356048315,374.3363952636719,99632300
2023-01-19,372.2997219516563,373.9443593060729,370.2917592534764,371.6112976074219,86958900
2023-01-20,373.0073764154368,378.6871115907864,371.36273880270227,378.53411865234375,91806400
2023-01-23,379.3372757234957,385.0074392135379,378.3810918291715,383.0759582519531,84178800
2023-01-24,381.4026252152029,383.57315208650715,380.21696655885887,382.664794921875,59524900
2023-01-25,378.6010846087599,383.14295882633485,376.31579073268307,382.80828857421875,84800300
2023-01-26,385.46642861189923,387.17800600043023,382.5022526217131,387.01544189453125,72287400
2023-01-27,385.97318218490153,390.2760095744735,385.762820567528,387.9046630859375,68346200
2023-01-30,385.15081668441593,387.37874124310093,382.7412440526751,383.03765869140625,74202000
2023-01-31,383.5540574493801,388.7174447402499,383.20981606709955,388.6696472167969,86811800
2023-02-01,387.45528923844535,395.54462644508357,384.7206171548962,392.80035400390625,101459200
2023-02-02,396.68239430758535,399.9812400651867,394.7891690731477,398.5182800292969,101654500
2023-02-03,393.55570061661354,398.69997431086017,393.07760869975664,394.28240966796875,94736800
2023-02-06,391.8346069060138,393.26888274999055,390.21865378736663,391.8728332519531,60295300
2023-02-07,390.9549267928235,398.24104381969875,389.7118993305467,396.9980163574219,90990700
2023-02-08,395.02826801613645,396.3669196696717,391.9684677962696,392.65692138671875,76227500
2023-02-09,396.25214123369045,396.4051341468822,388.02895452722424,389.25286865234375,78694900
2023-02-10,388.07678232835883,390.54375312300726,387.26404936045475,390.1612854003906,70769700
2023-02-13,390.81149214644563,394.875273798094,390.3525133608386,394.74139404296875,64913500
2023-02-14,393.2210725630297,396.86413102531327,390.61070909281807,394.55975341796875,88389300
2023-02-15,392.3700815999979,395.91751581058026,391.5286350725414,395.8410339355469,61555700
2023-02-16,390.8784407346895,394.8179138959173,390.25692701019995,390.3907775878906,76431500
2023-02-17,388.2680643786122,389.6545428210452,386.34612524209655,389.4154968261719,89257800
2023-02-21,385.39950609313314,386.4513142893378,381.34529542458307,381.60345458984375,82655900
2023-02-22,382.0145561334285,383.55402728513724,379.62409654042705,381.0775146484375,83742300
2023-02-23,383.96523503521115,384.5772067863999,378.88790045751995,383.10467529296875,96242400
2023-02-24,378.0942785897589,379.84408241701556,376.39227228887677,379.01220703125,108194400
2023-02-27,382.3491965943758,383.7069903770485,379.36590792305304,380.302978515625,80444700
2023-02-28,379.82492994288907,381.78509520813367,378.7922350201957,378.8974304199219,96438600
2023-03-01,378.08474796543993,379.3086624121773,376.1436954636512,377.444091796875,99706800
2023-03-02,375.4742885040699,381.2209631061389,375.13961830151106,380.3795166015625,85127800
2023-03-03,382.1962961869598,386.7286281625777,381.54609807414363,386.4800109863281,90120000
2023-03-06,387.3022850157021,389.59714976739536,386.3078747490803,386.7477111816406,72795900
2023-03-07,386.69989002886615,386.9389359941927,380.2073934400801,380.8193359375,108310600
2023-03-08,380.9341111603913,382.19625170885286,379.212962662717,381.4408874511719,74746600
2023-03-09,382.22492782127654,383.8887075845493,373.4184826190144,374.4033508300781,111945300
2023-03-10,373.85837851710613,375.9333106680976,367.4806474809918,369.0009765625,189253000
2023-03-13,365.08050452774603,373.284577202758,363.9713279086819,368.4749450683594,157790000
2023-03-14,373.38980130348455,376.21055539266825,370.0909552792131,374.56591796875,149752400
2023-03-15,368.98181836154816,372.4240570496017,366.89731528704147,372.2232666015625,172996900
2023-03-16,369.8710404113854,379.0982086417623,369.3642641428275,378.75396728515625,143254200
2023-03-17,377.42568128509345,378.558277638752,372.94324653075375,374.3254089355469,140553400
2023-03-20,375.1028011958168,378.33746367070916,374.40214170963634,377.9247131347656,93055800
2023-03-21,381.28412015653794,383.36697102971766,379.69079357481445,382.8870544433594,91524200
2023-03-22,382.7142575848104,386.32321007597335,376.3217657060295,376.3601379394531,111746600
2023-03-23,379.22048781510506,383.25179889041164,374.6708879123496,377.37762451171875,119351300
2023-03-24,376.10105243097433,379.94038538264834,373.7590569871103,379.85400390625,107682400
2023-03-27,382.12883352250185,382.8967177472465,379.671662586895,380.5643005371094,74010400
2023-03-28,379.87320774489075,380.5642888800985,377.8767674052834,379.7100524902344,62871700
2023-03-29,383.8660888939379,385.4690232440617,382.6662973806607,385.22906494140625,77497900
2023-03-30,387.8590304445402,388.10859647318574,385.62263176835995,387.4847106933594,69840000
2023-03-31,388.4060846284512,393.2436518891425,388.3004877505952,392.94610595703125,112062600
2023-04-03,392.42779542260035,394.84656445369103,392.03426030988214,394.4434509277344,67391100
2023-04-04,395.08655642138893,395.37452397054454,390.88248211307797,392.25506591796875,66601500
2023-04-05,391.5255732993779,392.28384974684195,389.57711302940226,391.22802734375,65200200
2023-04-06,390.43131081559227,393.03247968178334,389.3850962213968,392.7541198730469,63743300
2023-04-10,390.277787817443,393.2340906618624,389.6635097627265,393.15728759765625,63681000
2023-04-11,393.78116601430696,394.6641961280183,392.4949930804865,393.2628479003906,59297900
2023-04-12,395.3264818376402,395.61444936283374,391.0744279375137,391.659912109375,86420400
2023-04-13,392.7445207254535,397.2173467130726,391.6023169352439,396.8622131347656,85814800
2023-04-14,396.22867813799274,398.4170963154106,393.58913725641605,395.8927307128906,78161500
2023-04-17,395.80643975007484,397.3325711300684,394.5778543396015,397.3133850097656,66436400
2023-04-18,398.8874765900454,399.0218673008723,396.1999552913603,397.572509765625,63560000
2023-04-19,395.6624782963843,398.4075874340768,395.60489064257166,397.50537109375,55227300
2023-04-20,394.6929889766768,397.0829934844094,393.7907434550367,395.3360900878906,75840400
2023-04-21,395.63361128968654,396.10392013942635,393.6947589557848,395.6432189941406,73457400
2023-04-24,395.44169241406223,396.47832873039835,394.1075394245126,396.0559997558594,64332100
2023-04-25,394.0883231137075,394.6450428024144,389.7114858346393,389.7690734863281,97766700
2023-04-26,390.3833857943013,391.4583943618871,387.56147365849546,388.1181640625,80447000
2023-04-27,390.65214704527966,396.11360078097556,390.4025810177756,395.8448486328125,92968400
2023-04-28,394.9617574024191,399.23302689490464,394.9041697532796,399.2234191894531,89433100
2023-05-01,398.78194148395835,400.8455772162606,398.589963107647,398.8203430175781,62122300
2023-05-02,398.1099666648256,398.1579758951747,391.4391441559721,394.33782958984375,103998500
2023-05-03,394.837004192524,397.24619509986604,391.3912062306647,391.63116455078125,91531800
2023-05-04,390.5849268562114,390.91126663739385,387.52305652796423,388.85723876953125,94901900
2023-05-05,392.48541888407567,397.102214486308,392.2262744508848,396.0559997558594,87891800
2023-05-08,396.3823322476967,396.64147667611564,394.76021173712985,396.16156005859375,50046800
2023-05-09,394.61623373049684,395.53766541370464,394.1939047732381,394.42425537109375,49220100
2023-05-10,397.25577792419296,397.88927136463667,392.44700411687967,396.26715087890625,96142900
2023-05-11,395.4032868637811,395.8639880395315,393.5028066384593,395.5760498046875,70157100
2023-05-12,396.8142503993596,397.0254148728848,392.63897016343816,395.0577392578125,70481500
2023-05-15,395.6624389099318,396.8238288685914,393.75238023444746,396.42071533203125,54289400
2023-05-16,395.31692397910456,396.2383850257728,393.7619987390595,393.7716064453125,57705500
2023-05-17,395.7872805401457,399.1562756190207,394.1459737431661,398.5516052246094,87287000
2023-05-18,398.23477512417634,402.8131980774416,398.01403224251106,402.390869140625,97177200
2023-05-19,403.29314851307697,403.8210450825171,400.5864117249465,401.8053894042969,103793300
2023-05-22,401.8245977682805,403.50430592203884,400.58640469895295,401.96856689453125,60745400
2023-05-23,400.32725913165393,401.9013998007867,397.0638317760762,397.4573669433594,86383500
2023-05-24,395.85444497777297,396.238372422446,393.4164603018304,394.5778503417969,89213700
2023-05-25,398.0812545290906,399.44423070710803,395.84485582251955,397.994873046875,90961600
2023-05-26,398.64748907245814,403.8689837488059,398.57071530888675,403.14910888671875,93830000
2023-05-30,405.07833981829293,405.6062362776454,401.92048089068174,403.3026428222656,72216000
2023-05-31,401.47906649861943,402.3813121326053,399.5018122688516,401.06634521484375,110811800
2023-06-01,401.2966730663804,405.9326839874396,400.0489015795839,404.8768615722656,88865000
2023-06-02,407.44922983268606,411.51891359121186,406.92133324219725,410.73187255859375,91426200
2023-06-05,411.0773899248413,412.3635629860605,409.2441048720611,409.9447937011719,65460200
2023-06-06,409.53204325524,411.3652988856477,408.8793344192004,410.83740234375,64022200
2023-06-07,411.2309077542299,412.36350381538136,408.99448016231673,409.41680908203125,85373300
2023-06-08,409.48405866767195,412.34437231335727,408.71620378018724,411.89324951171875,61952800
2023-06-09,412.689850828952,414.63831094166113,411.6436362158996,412.63226318359375,85742800
2023-06-12,413.61134578902306,416.4524439304632,412.89147087099775,416.3756408691406,76104300
2023-06-13,417.8345546921649,419.76379931662035,417.1722675057486,419.1207275390625,95899700
2023-06-14,419.45674831132544,421.42439480568777,416.1741056268984,419.6199035644531,100612100
2023-06-15,418.80397116276845,426.069914890404,418.70801128446885,424.8221435546875,110303100
2023-06-16,426.80484934957235,427.3732510116979,422.9030966686289,423.3751525878906,114165800
2023-06-20,421.4387558395076,422.32506614292663,419.1073181445954,421.1786193847656,76160400
2023-06-21,420.19597746428883,420.995585443212,418.43294139177686,419.0206298828125,76982300
2023-06-22,418.0668439684426,420.6391018260277,417.72964857046975,420.53314208984375,70637200
2023-06-23,417.0841314152319,419.13617505158805,416.6409763099136,417.3538818359375,92074500
2023-06-26,416.7854848977608,418.70263864501453,415.4078319979814,415.648681640625,72823600
2023-06-27,416.52543732038123,420.82218732627064,416.07263875155775,420.20562744140625,72813700
2023-06-28,419.1265310456325,421.4290677123489,418.509971256602,420.4175109863281,75636000
2023-06-29,420.0032229268465,422.2383146152685,419.59861200085055,422.07452392578125,67882300
2023-06-30,425.2827392627515,428.0380455282395,424.96480121636677,427.0553894042969,104964000
2023-07-03,426.70857023719304,427.82608687001783,426.42917637868914,427.5467224121094,32793400
2023-07-05,425.7355105986345,427.6430505530816,425.725867203726,426.9108581542969,58418400
2023-07-06,423.3365733138423,423.99167722455906,421.06293761114665,423.5677795410156,80658300
2023-07-07,422.5755624788719,426.4388005460157,422.2576244540767,422.49847412109375,86134200
2023-07-10,422.1419392054069,423.74118421139565,421.5735376298801,423.5677795410156,62443500
2023-07-11,424.3289694634643,426.75672360489915,423.35592736761294,426.265380859375,64463800
2023-07-12,430.0515200243212,431.1016209821125,428.62567949600117,429.6950378417969,91924500
2023-07-13,431.50622355890425,433.89546265173254,431.07271183277675,433.10546875,72425200
2023-07-14,433.9918445617416,434.83961069702235,432.07466121110787,432.83575439453125,69815800
2023-07-17,432.6911892645716,435.3886934056767,432.6430016974079,434.3385925292969,52680200
2023-07-18,434.0110663595222,438.2114701147798,433.5775252322227,437.5660095214844,80668200
2023-07-19,438.35601441060516,439.724023983291,437.48893213427476,438.5390625,65891700
2023-07-20,437.54673021651973,438.44268380742795,434.9166416038705,435.6295471191406,70591600
2023-07-21,437.34439535359957,437.54673021651973,435.6199331260899,435.6295471191406,71275600
2023-07-24,436.77595485534556,438.3848432188805,435.74511144759634,437.5755920410156,54023400
2023-07-25,437.30587795856155,440.02263949533193,437.2576903912355,438.7702331542969,55191200
2023-07-26,437.83576473919794,440.263518637083,436.7856637889011,438.83770751953125,71052900
2023-07-27,442.2191833737535,442.62382369326946,435.0225951669556,435.9281921386719,92194400
2023-07-28,439.1941631701477,441.0246146496096,435.92822776892785,440.19610595703125,80011800
2023-07-31,440.6681140687776,441.39066294813205,439.3578768125751,441.0342102050781,62040400
2023-08-01,439.56991241987384,440.51405372612544,438.81846261305157,439.7722473144531,55291500
2023-08-02,436.66033942017077,436.9204464126687,432.9030914144886,433.654541015625,93933400
2023-08-03,431.64115804128886,434.29050444334024,430.9956679816183,432.411865234375,64276100
2023-08-04,434.2229769011584,436.3231785934213,429.93584177835424,430.4560852050781,100128900
2023-08-07,432.28655130575453,434.3674956833761,431.5929031798807,434.2133483886719,58357500
2023-08-08,431.6796137883657,434.2037427118271,428.9724661870649,432.3251037597656,71361300
2023-08-09,432.59488283321724,432.7586735355105,428.6738433785323,429.4349365234375,78789600
2023-08-10,431.7856284811605,435.16716703483127,428.42337671620794,429.5890808105469,93005500
2023-08-11,427.72008989099777,430.3501787286785,427.1227874459535,429.3385925292969,68690900
2023-08-14,428.4233935882657,431.70855712890625,428.11509896255956,431.70855712890625,47867400
2023-08-15,429.9358890851779,430.2923712690211,426.1111954097984,426.67962646484375,75707500
2023-08-16,426.2652536120349,427.92230005852804,423.44250331789874,423.5484924316406,80107200
2023-08-17,425.01291328665195,425.273020314269,419.8009235363625,420.3211669921875,95711300
2023-08-18,417.5080561439708,421.5543421169173,417.1612467523088,420.52349853515625,98852000
2023-08-21,421.53502982303786,424.0013277942752,419.38666984217986,423.259521484375,68719000
2023-08-22,425.0321947779214,425.0321947779214,421.55433988295033,422.11309814453125,64994200
2023-08-23,423.17289859888336,427.43113398661325,423.0283946673013,426.8145446777344,68441000
2023-08-24,428.41372832126285,428.9243284062607,420.8703007742917,420.89923095703125,88517300
2023-08-25,422.623632306367,425.14773158497053,419.0783330051314,423.8664245605469,102325100
2023-08-28,426.0534267072631,427.17097271429145,423.8665222680011,426.5544128417969,61595400
2023-08-29,426.4483889303442,432.999517120143,426.26534084235647,432.7201232910156,83081900
2023-08-30,433.05731299234867,435.1382574911251,432.35402143192493,434.5024108886719,69053900
2023-08-31,435.11898360214246,436.2557869248091,433.6835290574293,433.8665771484375,66084600
2023-09-01,436.5833209067049,437.06502016743536,433.2210400744053,434.67578125,58944100
2023-09-05,434.23263347174435,434.5505420529184,432.72973410501413,432.7971496582031,55166200
2023-09-06,431.9879277285903,432.093916863234,427.56593166865076,429.8877258300781,70758500
2023-09-07,426.8915375451562,429.24223247025344,426.5447281630559,428.56787109375,70355400
2023-09-08,428.6160154651993,430.74511806057524,428.2595627004295,429.21331787109375,61659700
2023-09-11,431.8337979292306,432.3443980335229,430.1285929169173,432.0361328125,60180100
2023-09-12,430.59105211482444,432.11320909412444,429.08815252492514,429.6661682128906,67565400
2023-09-13,429.8877204342684,431.3231749266096,428.78943192828973,430.1671142578125,60199300
2023-09-14,432.6334271290332,434.5698383708397,431.332833106535,433.8761901855469,83430800
2023-09-15,432.2934628129322,432.6221701292882,428.21357982100875,428.64862060546875,111848900
2023-09-18,428.3392962837647,430.1955590603149,427.86557530879384,428.9000549316406,55752200
2023-09-19,427.981617392204,428.57137880593234,425.3326034960519,428.0106201171875,66514600
2023-09-20,429.2674693964477,429.68318495179983,423.8727265693422,424.0757751464844,82562600
2023-09-21,421.2333589486901,421.4943834516094,416.91177626347593,417.06646728515625,104095800
2023-09-22,418.091288955446,419.6864977783781,415.71294757869936,416.1286926269531,100829700
2023-09-25,414.92017485715184,417.9172211836111,414.485104517223,417.8785705566406,70874500
2023-09-26,414.84288124552415,415.54865360911657,410.90801075336816,411.7394714355469,96168400
2023-09-27,412.9092856337623,413.4700443597365,408.26867230252077,411.90380859375,104705800
2023-09-28,411.3527373620953,415.964347748709,410.76297593705533,414.2917785644531,92258300
2023-09-29,417.3372277775056,417.5112441372113,411.76846823252566,413.2863464355469,115111300
2023-10-02,412.4549170103042,414.3691856249788,410.36663202274156,413.12200927734375,83798600
2023-10-03,410.94667474306095,413.1799731499237,406.2287013020404,407.5918884277344,103760600
2023-10-04,408.0559363281981,411.30435944495287,406.59606370497346,410.5599365234375,87453000
2023-10-05,410.269877205424,411.2463514179395,407.1858225474584,410.4052429199219,70142700
2023-10-06,407.9592344326086,416.8150963910029,406.63472757769614,415.27789306640625,113273300
2023-10-09,413.3829806224,418.5070215863633,412.8319288458573,417.9366149902344,80374400
2023-10-10,418.56502711101643,422.70291641435927,418.16863686530417,420.1119079589844,78607300
2023-10-11,421.17534896503963,422.0841107631383,418.79700772466646,421.832763671875,62451700
2023-10-12,422.4419089154139,422.8189443567332,416.91182957643576,419.2611389160156,81154200
2023-10-13,420.7596289275812,421.9584770278049,415.60661494268294,417.1728210449219,95143100
2023-10-16,419.4158131019472,422.6255856986061,419.1741138914331,421.5621032714844,75433200
2023-10-17,418.43937576892034,423.5924199141401,418.0913430371363,421.54278564453125,75324700
2023-10-18,419.77355201420596,420.73067151213604,414.84288188055683,415.9256896972656,93559800
2023-10-19,416.64108906158174,418.44899434083845,411.5944086302288,412.2711486816406,121323000
2023-10-20,411.83610400929126,412.37750784711915,407.0987761718527,407.20513916015625,123919900
2023-10-23,405.67760643648245,410.35692908932583,403.92770652261123,406.4993896484375,92035100
2023-10-24,408.61670687631084,410.71466914656554,406.7701212432729,409.5641784667969,78564200
2023-10-25,407.8818980106432,407.9109007331841,403.17357302000806,403.68597412109375,94223200
2023-10-26,402.6225515026816,403.47330792914914,397.9335809780985,398.8520202636719,115156800
2023-10-27,400.43759484678344,400.8339851009318,395.62293584989493,397.04412841796875,107367700
2023-10-30,399.8284499771529,402.844851029009,398.5329459102298,401.7910461425781,86562700
2023-10-31,402.361504611754,404.63348310254605,400.45691364342605,404.314453125,79665200
2023-11-01,405.2812643437381,409.43847913059346,404.7495083565733,408.6263732910156,98068100
2023-11-02,412.41616442869764,416.612088488878,412.3968391143164,416.4573974609375,94938900
2023-11-03,418.75840416588386,421.80380835994043,418.63271585397734,420.2569274902344,100167800
2023-11-06,421.0109973746679,421.66841210779677,419.2804228673673,421.22369384765625,67831700
2023-11-07,421.2237277176419,423.0606358569916,420.0829145000172,422.42254638671875,64256100
2023-11-08,423.0218997774992,423.54397827582386,420.4308916076277,422.73187255859375,61746000
2023-11-09,423.8727442351021,423.91142437106953,419.00975716373983,419.4351501464844,83174400
2023-11-10,421.50413223667414,426.28975929301595,419.4254952530958,425.9803771972656,89462200
2023-11-13,424.64616313137293,426.6764127794683,423.86306009469695,425.57427978515625,52236100
2023-11-14,431.50073527138204,435.11654569788686,431.27836139592864,433.8307189941406,97176900
2023-11-15,435.164952660045,436.3928036457593,433.89845104016877,434.7492370605469,77327600
2023-11-16,434.30444014118734,435.59994425440004,433.24095780816333,435.2809143066406,66665800
2023-11-17,435.2906012114316,436.43144390959674,434.37216191303287,435.8223571777344,83133200
2023-11-20,435.57099160312566,440.0182630951851,435.5613141930735,439.1771545410156,69936200
2023-11-21,438.13296253247677,439.05143128536895,436.95346926763995,438.219970703125,49244600
2023-11-22,439.8732451207241,441.22675482120695,438.8194400859089,439.9118957519531,59394900
2023-11-24,439.9602422808771,440.3759578384197,439.6315348978691,440.1825866699219,29737400
2023-11-27,439.55417048077294,440.36627627306393,439.00308920962266,439.38983154296875,50506000
2023-11-28,439.00304598057033,441.1203331786689,438.44231685931027,439.8248291015625,62115000
2023-11-29,441.97117519611106,443.10234049536746,439.1191421839662,439.5155029296875,63146000
2023-11-30,440.35665713551293,441.59415597189025,438.2876976332808,441.24609375,79752700
2023-12-01,440.6370255353667,444.38820233909854,440.0472935709732,443.8564758300781,89183400
2023-12-04,440.4726232624604,443.8757373404589,439.2544498661346,441.52642822265625,72430900
2023-12-05,440.14391844231596,442.3965419933345,439.7668535301099,441.4394226074219,69793500
2023-12-06,443.57603770145914,443.60504042530386,439.2254520989698,439.6605224609375,69124700
2023-12-07,441.7391409339485,443.66305717468333,441.13973162302386,443.01531982421875,66995400
2023-12-08,442.27087844484373,445.451648340426,442.02917923250493,444.919921875,83194400
2023-12-11,444.4268307846884,446.8244975103325,444.2141343049595,446.65045166015625,65002200
2023-12-12,446.30247061264276,448.7871457987425,445.30667095693167,448.6904602050781,68327600
2023-12-13,449.06747102737427,455.12930631637573,448.70976090431213,454.8779296875,93278000
2023-12-14,456.8114895469167,458.0006602364905,453.6693999362765,456.3377685546875,119026000
2023-12-15,455.7417745258769,456.91636306344805,453.74210049149804,455.5864562988281,141553700
2023-12-18,457.18810894495897,459.12954211953263,456.13003141968665,458.14910888671875,70375300
2023-12-19,458.69273602664884,461.0127630324847,458.61509172941334,460.9350891113281,55761800
2023-12-20,460.0808267995912,461.96401935450547,454.12064234016117,454.5477600097656,102921000
2023-12-21,457.5278509164755,459.1295570366737,455.1107760152546,458.8577575683594,86667500
2023-12-22,459.98374941589714,461.45925759296136,457.8870276491879,459.7799072265625,67160400
2023-12-26,460.18765521976536,462.62413389794295,460.109981297383,461.72137451171875,55387000
2023-12-27,461.5175089754055,462.7017844285322,460.98362668768385,462.5561828613281,68000300
2023-12-28,462.91536504878167,463.5657286208665,462.3135254600746,462.7309265136719,77158100
2023-12-29,462.5367960308314,463.0609913493408,459.4402073535901,461.391357421875,122283100
2024-01-02,458.3335624378489,459.7993540123723,456.7124526493962,458.8092041015625,123623700
2024-01-03,456.65418509885427,457.39193916554245,454.4603858132538,455.0622253417969,103585900
2024-01-04,454.5865557790852,457.1686653982138,453.3731600721968,453.596435546875,84232200
2024-01-05,453.80025127175645,456.6638768226145,452.7712941422228,454.2176818847656,86118900
2024-01-08,454.71275316529835,460.8476889622242,454.5865552720958,460.70208740234375,74879100
2024-01-09,458.05205442710235,461.02244496424106,457.54729244084217,460.0032043457031,65931400
2024-01-10,460.27499186871785,463.4686578138975,459.9934757568045,462.6047058105469,67310600
2024-01-11,463.6045886611641,464.11906733105025,458.43068164604205,462.4009094238281,77940700
2024-01-12,463.84719564870727,464.58494971105563,461.31363965656635,462.7211608886719,58026400
2024-01-16,461.34278348918724,462.6532272077025,459.2071951071508,461.0224304199219,85014900
2024-01-17,458.0035093314712,458.9451056102245,456.11060012839494,458.4597473144531,68843900
2024-01-18,460.12938495584103,463.09005873569527,458.58594911701266,462.5367431640625,91856200
2024-01-19,463.6628015298727,468.58434205067863,462.5853202688259,468.3028259277344,110834500
2024-01-22,469.83656769535,471.0111265282756,468.6425755704272,469.29296875,75844900
2024-01-23,469.8365052457373,470.90426970251536,468.7493074995451,470.6615905761719,49945300
2024-01-24,473.525295727068,474.45717543420074,470.68110299788805,471.1761779785156,81765000
2024-01-25,473.30199623812143,474.0106300348732,471.1761540957068,473.73883056640625,72525000
2024-01-26,473.3117152908374,474.79691054106985,472.29247468488353,473.1369934082031,76641600
2024-01-29,473.4476261562877,477.0295728420406,472.9040272208165,476.8839416503906,61322800
2024-01-30,476.19475312019154,477.2237103899132,475.7579187820987,476.5151062011719,58618400
2024-01-31,474.31155855924624,474.75807991768903,468.7202212489611,468.7396545410156,126011100
2024-02-01,470.43839078044346,474.9036930669608,469.6326794127357,474.87457275390625,91891600
2024-02-02,475.31139921660196,481.5239798187347,474.971642466127,479.873779296875,99228200
2024-02-05,479.2428126687566,479.90289286822576,475.87442477356564,478.12646484375,75757100
2024-02-06,479.06809742412736,479.8446885622171,477.64114268330553,479.5146484375,55918600
2024-02-07,481.75695184930976,483.93134756331705,480.8541628931194,483.5139465332031,70556500
2024-02-08,483.513949705615,484.1060726186496,482.69855130751233,483.7275085449219,52343600
2024-02-09,484.2322866772762,486.9599980744067,483.8925299274153,486.523193359375,63979400
2024-02-12,486.49406987855394,488.75582660767503,485.59128089218916,486.30963134765625,56502300
2024-02-13,480.04849815534635,482.53353038052535,476.3500701317823,479.6116638183594,113099200
2024-02-14,482.2423403647749,484.4555731763151,479.92231331563113,483.97021484375,68387800
2024-02-15,484.66915861837293,487.4939478237512,484.19348728209525,487.30950927734375,61683000
2024-02-16,487.0085929456435,488.14431492487785,484.1449667563623,484.8827209472656,75532900
2024-02-20,483.14507545774694,483.8148722929186,479.970842787005,482.21319580078125,71736700
2024-02-21,480.9124325062878,482.80531210783914,479.10688422021883,482.6499938964844,59293400
2024-02-22,489.25088043870596,493.5996718242251,488.2898508655614,492.638671875,76402500
2024-02-23,494.3568250348437,495.1916567031526,492.25038663284334,492.9784240722656,61321800
2024-02-26,493.4152963659735,493.85213073904663,491.04674520195,491.1729431152344,50386700
2024-02-27,491.86214231163,492.30866367947897,489.9692329795254,492.08538818359375,48854500
2024-02-28,490.53217814092545,492.0173732682764,490.17301775947533,491.4349670410156,56506600
2024-02-29,493.19203416880555,494.8131144463538,490.5516835957709,493.20172119140625,83924800
2024-03-01,494.0753617325155,498.25911842016706,493.6676477127876,497.8320007324219,76844800
2024-03-04,497.03610351614157,499.14254217920546,497.0069535759895,497.29815673828125,49799300
2024-03-05,495.29842384541166,495.7449748064334,490.1245174506037,492.3280334472656,72855600
2024-03-06,495.5993458504527,497.0748540345267,493.53174438668293,494.8227844238281,68382400
2024-03-07,498.1136302356614,500.7831014209996,494.88112672001705,499.7347106933594,58652100
2024-03-08,500.36563844693006,503.0447667007892,496.1624186562773,496.7351379394531,86532500
2024-03-11,495.53145243574386,496.8904498381802,493.6094227797772,496.3080139160156,62557200
2024-03-12,498.41449998303995,502.2294094929587,495.9003176684613,501.6470031738281,73114400
2024-03-13,501.9672573875113,502.14197926945354,499.4239845817287,500.8606262207031,55104100
2024-03-14,501.831351753217,501.9866995940405,496.8321966177629,499.87054443359375,110171800
2024-03-15,496.80813351794416,498.2590153922283,494.7730358188075,496.4381103515625,107646300
2024-03-18,500.4985887866016,501.93969410963876,498.97956820958467,499.3885192871094,88893300
2024-03-19,498.6972103635703,502.44605736767124,497.6942371868493,502.1636962890625,60755300
2024-03-20,502.22219759800726,506.9447780211189,501.550319572243,506.8084411621094,69594600
2024-03-21,509.64186783246885,510.34292670569124,508.2007033176528,508.4831237792969,60256100
2024-03-22,508.39561095817277,508.8824773514824,507.2855413177628,507.519287109375,79070800
2024-03-25,506.14624650613894,507.2660628859731,505.961234915521,506.1170654296875,48512100
2024-03-26,507.5386061090331,507.87944816611747,504.78298573958654,505.18218994140625,65463700
2024-03-27,508.00609219695343,509.4666912006187,505.8443747669276,509.4277038574219,82999800
2024-03-28,509.4666590943707,510.8298490860622,509.0479612048705,509.330322265625,96294900
2024-04-01,510.07032895168504,510.6058699579784,507.2854087415083,508.44415283203125,62477500
2024-04-02,504.62724203503336,505.3477947483364,502.9134629158643,505.2115173339844,74230300
2024-04-03,504.1208688391064,507.266065898289,504.0721940901131,505.7664794921875,59155800
2024-04-04,509.76856679026787,510.10934946561747,499.2911933332161,499.5930480957031,96858100
2024-04-05,500.94656541967566,506.7694681704287,500.50837380151097,504.812255859375,74546500
2024-04-08,505.5133924018632,506.51630625250846,504.2864795999242,505.0946350097656,48401800
2024-04-09,506.82786095826793,507.071294128757,500.839381191466,505.6788635253906,68049200
2024-04-10,499.9922143304957,502.60181066009386,498.6387711363,500.61541748046875,82652800
2024-04-11,502.1344572387197,505.8346295064768,498.6290433917763,504.3935241699219,70099000
2024-04-12,500.85886371567153,502.2707879594682,495.70780962230026,497.43133544921875,92561100
2024-04-15,501.5989207934361,501.7644387082916,490.3522904966187,491.199462890625,92101400
2024-04-16,491.6766166443132,493.19563735543574,489.0183155418661,490.30364990234375,73484000
2024-04-17,492.7574157801548,492.9229634124424,486.00945537176443,487.4018859863281,75910300
2024-04-18,488.7943295112607,490.88784877913054,485.46415075166374,486.39892578125,74548100
2024-04-19,486.32104754330464,487.3142441699,480.8876025986124,482.1534729003906,102212600
2024-04-22,484.75331996273405,489.18382142190774,482.4163675078979,486.59368896484375,67961000
2024-04-23,488.5996095177476,492.79639521919916,486.4087108687592,492.3679504394531,64633600
2024-04-24,493.2540334865075,494.0427545951939,489.914137461728,492.1342468261719,55928100
2024-04-25,486.0678932982719,491.0241892900092,484.4222826199273,490.2646789550781,69122400
2024-04-26,493.0495298783495,496.4868049205615,492.4166096033967,494.90936279296875,64306100
2024-04-29,496.69128964862307,497.33395677101214,493.9258924563797,496.6620788574219,46415400
2024-04-30,495.20149000874,496.1752226900087,488.7943420410156,488.7943420410156,77483600
2024-05-01,488.2100967940072,494.841213980312,486.7397509352648,487.2071533203125,80242800
2024-05-02,490.90730120185356,492.60161619088024,486.4281251448712,491.7641906738281,62550200
2024-05-03,497.73318173027803,499.08665465274976,495.20147091341136,497.8597717285156,72756700
2024-05-06,500.2551653379584,503.0400265445959,499.8169737447077,503.0010986328125,47264700
2024-05-07,503.96507290224616,504.9485523975052,502.8842439138016,503.5561218261719,52561300
2024-05-08,501.7254700555243,504.14030789046143,501.60862689782874,503.6047668457031,42047200
2024-05-09,503.7898378767789,506.5455181068331,503.1374535973279,506.50653076171875,43643700
2024-05-10,508.1034582569593,508.9116730396104,505.94180018838176,507.1589660644531,52233200
2024-05-13,508.83367220506113,508.94076852048096,506.0877393186341,507.22698974609375,36716400
2024-05-14,507.4217834719146,510.07036706182174,506.88624242560803,509.55426025390625,57535900
2024-05-15,512.0178797101214,516.1562436643347,511.38492968552964,515.8641357421875,59504900
2024-05-16,515.9614786446474,517.558414507879,514.6566506998298,514.802734375,50244800
2024-05-17,514.9195214966393,515.6108930215729,513.4686694664939,515.542724609375,59187600
2024-05-20,515.6596602461204,517.5973789121299,515.2701433728218,516.1367797851562,37764200
2024-05-21,515.3772058901883,517.5583573493641,515.1727006539206,517.4025268554688,33437000
2024-05-22,516.7112486575287,517.4220544657823,513.741316563043,515.9127807617188,48390000
2024-05-23,518.9605990872589,519.0676954201629,510.93699174891134,512.1444702148438,57211200
2024-05-24,513.9848806494027,516.3413570270269,513.040388276308,515.5331420898438,41291100
2024-05-28,516.3412489766735,516.5749353115505,513.2642204156563,515.893310546875,36269600
2024-05-29,511.871810616093,513.4589997088932,511.56995584928654,512.28076171875,45190300
2024-05-30,510.74230907986095,511.4044402025134,507.63609930287237,508.8824462890625,46377600
2024-05-31,509.8367164200918,513.6439850215788,504.7440541264526,513.5173950195312,90785800
2024-06-03,515.1240809646227,515.4064420460951,508.87267437322015,513.9360961914062,46835700
2024-06-04,512.6312623824123,515.250605333056,511.17066354967966,514.5105590820312,34632700
2024-06-05,516.8280887412405,520.645104022442,514.8416361330836,520.6256103515625,47610400
2024-06-06,520.9275073614583,521.3559521321091,518.6879340097541,520.6159057617188,30808500
2024-06-07,519.6421901069427,522.7873872843439,518.55161418802,519.9830322265625,43224500
2024-06-10,519.1747616812378,521.9109480214009,518.5807990347079,521.589599609375,35686100
2024-06-11,520.0414700499772,522.9042467845098,518.0745108271142,522.8458251953125,36383400
2024-06-12,527.4028804771598,529.8274655446977,526.1077992631506,527.1399536132812,63251300
2024-06-13,528.8828575806059,529.0581223075357,525.4163720846324,528.2012329101562,44760900
2024-06-14,526.6725282080745,528.5518251182958,525.6695550365463,528.5226440429688,40089900
2024-06-17,527.8410283318889,534.1216160104203,527.3833430672393,532.7291259765625,55839500
2024-06-18,532.7874995764366,534.2091705580833,532.3688016931667,534.0825805664062,41376400
2024-06-20,535.0076850141029,535.669816103357,530.8595742964317,532.6317749023438,70328200
2024-06-21,531.8102827682807,533.0313753907063,530.4621917432297,531.917724609375,64338600
2024-06-24,531.7418545665156,534.3012597413704,530.0713785197397,530.1885986328125,45528700
2024-06-25,531.4097461795637,532.5917853363576,529.8956032092343,532.2303466796875,37936200
2024-06-26,531.1166742934914,533.6076912884868,530.4719636310322,532.8945922851562,38550600
2024-06-27,532.7578061070262,534.3110621107577,532.0153722749866,533.7346801757812,35041500
2024-06-28,534.5064116818106,537.5543137581463,530.3938098387125,531.6343994140625,76144500
2024-07-01,533.0118486999152,533.2560672380866,529.973784394742,532.7285766601562,40297800
2024-07-02,531.1264605772033,536.3136596679688,531.0776287968915,536.3136596679688,40434800
2024-07-03,536.0010100914286,539.068408833479,535.9619565950238,538.7069702148438,32789900
2024-07-05,539.0097918869257,542.2139076372644,538.3747999305978,541.8134155273438,41488400
2024-07-08,542.5949332840256,543.3861988920726,541.3738407022457,542.4386596679688,36110500
2024-07-09,543.396013525926,544.2947210316149,542.6731362089374,542.9661865234375,27289700
2024-07-10,544.1873348127845,548.6809324242213,543.8942844683293,548.3390502929688,38701200
2024-07-11,548.4561564855596,549.3255886798729,542.9759074999535,543.61083984375,53054200
2024-07-12,544.7343252522627,550.6346235261244,544.2654447499774,547.0397338867188,53084400
2024-07-15,549.0325654558818,551.7775792240066,546.6880438244344,548.5441284179688,40584300
2024-07-16,549.8530274778409,552.090047326324,549.1008154677004,551.7969970703125,36475300
2024-07-17,545.8772131422685,547.5476892504238,543.7378565645935,544.0602416992188,57119000
2024-07-18,545.5939606590898,546.5806130354061,537.7008012722223,539.8792114257812,56270400
2024-07-19,539.644738170822,541.2663824595259,535.2390267295067,536.2940673828125,65509100
2024-07-22,540.2113760766848,542.4288993582354,538.277184442637,541.8232421875,43346700
2024-07-23,541.7157629327536,543.8648979607326,540.4849516029554,540.973388671875,34439600
2024-07-24,536.1671163330532,536.4699449259502,527.7952979520205,528.7135620117188,74515300
2024-07-25,528.8307523766035,534.7994982405838,525.0209792890996,525.958740234375,61158300
2024-07-26,529.7392825093052,534.5357078065754,528.9675138593225,531.8493041992188,53763800
2024-07-29,533.3927971337158,534.3989464184045,530.1690650137424,532.1619262695312,39515800
2024-07-30,533.6272524601584,534.6822931769603,526.0662565076813,529.4657592773438,46853600
2024-07-31,536.2843251839307,540.6998152024645,534.9167372159726,538.072021484375,65663400
2024-08-01,539.7913683115238,542.0381669821182,526.9552273833177,530.4524536132812,76428700
2024-08-02,523.3602388903765,524.5715530952934,516.3755660291246,520.576171875,82789100
2024-08-05,499.8078827767836,511.47176200774925,498.4695402072865,505.4151306152344,146267400
2024-08-06,507.2125052074326,517.4990173620844,505.89374911647377,510.0747985839844,84826300
2024-08-07,516.2486605015515,519.2965627450678,506.0696484137689,506.66552734375,70698300
2024-08-08,511.79405372836936,519.0033889369354,509.77197692780607,518.3782348632812,63276600
2024-08-09,517.5575496711185,522.1488688468696,516.3364573171235,520.6640014648438,45619600
2024-08-12,521.8559471668351,523.3407552909962,518.6713279832952,520.9376831054688,42542100
2024-08-13,524.1221746789957,529.7391995235392,523.8779562074939,529.5046997070312,52333100
2024-08-14,530.2960824274743,532.3573320967027,527.6292352085552,531.17529296875,42446900
2024-08-15,536.7922766972661,540.5629961238054,536.1866195717042,540.2797241210938,60846800
2024-08-16,538.6678476452682,542.1846298407453,538.5115740387317,541.4910278320312,44430700
2024-08-19,541.9013070349608,546.66845703125,541.0514314058853,546.66845703125,39121800
2024-08-20,546.2192073450451,547.8701270511177,544.4412892289927,545.7796020507812,33732300
2024-08-21,546.8248322343893,549.1106842316043,541.9013486274712,547.6551513671875,41514600
2024-08-22,549.5503421956289,550.1559994238155,542.1456191373768,543.35693359375,56121500
2024-08-23,546.5903394303513,550.0680084955276,544.4020915801096,549.1301879882812,50639400
2024-08-26,550.1559102385648,550.8690092024209,546.1214157161334,547.8211669921875,35788600
2024-08-27,546.5512887213379,549.0618623501647,545.4083627021253,548.5734252929688,32693900
2024-08-28,548.2316536504621,548.6614807323351,542.20429622134,545.388916015625,41066000
2024-08-29,547.3521942445709,550.6442544077365,544.2945742697917,545.4375,38715200
2024-08-30,547.8016102208953,551.1522806301471,544.255553101835,550.644287109375,62700100
2024-09-03,547.508549729637,547.8407131286382,536.8020487007664,539.3126220703125,60600100
2024-09-04,537.4761456891545,541.6083040829072,536.7532683896355,538.2088012695312,47224900
2024-09-05,538.1501466111926,540.9928237930679,534.4477558926965,536.8997192382812,44264300
2024-09-06,537.2222417910504,538.8438268549829,526.9650618918539,527.86376953125,68493800
2024-09-09,532.0544335310877,535.043665505135,530.1299607989381,533.773681640625,40445800
2024-09-10,535.6786451567546,536.4504138231891,530.8138314182086,536.0986938476562,36394600
2024-09-11,536.0107592184578,542.5167136236998,527.4728902611638,541.5984497070312,75248600
2024-09-12,542.1748597619055,546.4633510224045,539.9573366553728,546.1605224609375,51819600
2024-09-13,546.7661412876428,550.0093699640063,546.5121445202687,549.012939453125,39310500
2024-09-16,548.7491943236346,550.0875069413107,546.9517795427174,549.8237915039062,36656100
2024-09-17,552.0314851715059,553.477299266029,547.8211605278194,550.0484619140625,49321000
2024-09-18,550.702966140304,555.5385046014119,547.8602888957543,548.4171142578125,59044900
2024-09-19,557.8049085738365,559.6316584337985,554.9426745171918,557.7755737304688,75315500
2024-09-20,556.4096197933483,557.8500005367814,553.7933228326182,556.8113403320312,77503100
2024-09-23,557.8794446150124,558.8495067502496,556.6643550711399,558.2027587890625,44116900
2024-09-24,558.9964868304339,559.8587776289324,556.1744550910837,559.7999877929688,46805700
2024-09-25,559.6431398003925,560.3780425284191,557.4579883539482,558.5652465820312,38428600
2024-09-26,562.817932214862,563.1413061737785,558.4281322177342,560.77978515625,48336000
2024-09-27,561.8479471107624,562.6611965458859,558.9377006949258,559.966552734375,42100900
2024-09-30,558.937595094156,562.8179029799776,556.6447321030395,562.2103881835938,63557400
2024-10-01,561.857759819067,562.5044480240527,554.6066943100618,557.1739501953125,72668800
2024-10-02,556.282242548741,558.4281611024765,553.8913563966638,557.4090576171875,38097800
2024-10-03,555.9392527365582,558.3301388916863,554.106899883147,556.3900146484375,40846500
2024-10-04,560.828843806913,561.8185225581165,556.6643942780399,561.4461669921875,42939100
2024-10-07,559.7999688939893,560.4467168743025,555.22399069742,556.3704223632812,49964700
2024-10-08,558.9376805045769,562.2300906410503,558.0656412646009,561.63232421875,37398700
2024-10-09,561.6224751598685,566.0809331902332,561.0247685875196,565.5223999023438,37912200
2024-10-10,564.1799758679994,565.9535388259317,562.9257131010544,564.53271484375,44138100
2024-10-11,564.4542980317323,568.6481717987969,564.3171018304082,567.9132690429688,42268000
2024-10-14,569.5201665882303,573.4886890058166,569.0400397275337,572.5578002929688,36217200
2024-10-15,572.8224884018784,573.1262458468478,566.8942243784207,568.1093139648438,54203600
2024-10-16,568.1093193754714,571.097912292803,567.3058184280349,570.5785522460938,30725400
2024-10-17,574.1158386665669,574.3216329805343,570.4413246734956,570.6275024414062,34393700
2024-10-18,572.3128969974695,573.6063330690159,570.8528997080355,572.8224487304688,37416800
2024-10-21,572.0972566282711,573.0771269383695,568.9126781204517,571.8817138671875,36439000
2024-10-22,569.3536780068462,572.7342428128154,568.697181591541,571.5780029296875,34183800
2024-10-23,569.5594196255329,570.0003732214365,562.8570804647936,566.355224609375,49314600
2024-10-24,568.3051725972728,568.3835789691921,564.9638411001258,567.580078125,34979900
2024-10-25,569.8044050522926,572.6950344865168,566.443456997856,567.3840942382812,47268200
2024-10-28,570.8528957024953,570.9802836348513,568.8343651367928,569.1381225585938,30174700
2024-10-29,568.1779315985226,571.1763331795203,566.7865321214724,570.059326171875,42899700
2024-10-30,569.5888588084969,571.5780244818477,567.6291179550885,568.3346557617188,41435800
2024-10-31,563.9742291931302,564.0428273008541,556.9975564307639,557.1935424804688,60182500
2024-11-01,559.8195584319851,563.9643910438907,559.1336371976272,559.545166015625,45667500
2024-11-04,559.6822611574623,560.9756970155746,556.4585096866238,558.33984375,38217000
2024-11-05,559.2512590975022,565.1304818819561,559.0357163025479,565.09130859375,39478300
2024-11-06,577.3396500855225,580.0146771322202,573.6063462638446,579.142578125,68182000
2024-11-07,581.1416251858423,584.6397701216673,581.063218798349,583.6206665039062,47233200
2024-11-08,584.1692634497057,587.569444510154,584.1692634497057,586.1486206054688,46444900
2024-11-11,587.7360051791314,588.0887441353201,584.9825720146739,586.7071533203125,37586800
2024-11-12,586.6287817012992,587.2264882691159,582.4055428293386,584.8846435546875,43006100
2024-11-13,585.3451316888757,587.1676761411395,582.9836705187753,585.1687622070312,47388600
2024-11-14,585.296183408181,585.7763103260314,580.7202054727688,581.4060668945312,38904100
2024-11-15,577.8491019104924,578.3194803370213,572.1070761341368,573.9590454101562,75988800
2024-11-18,574.4195885423085,577.6237838402152,573.5573576252949,576.310791015625,37001700
2024-11-19,572.9400384688264,579.142574989824,572.2737337790142,578.41748046875,49412000
2024-11-20,578.495884693383,578.8976052377521,572.8616299600318,578.6134643554688,50032600
2024-11-21,581.455141177832,583.1404896221547,575.6249001169805,581.7196655273438,46750300
2024-11-22,581.7097870344509,584.1497143652956,581.2101034094488,583.5225830078125,38226400
2024-11-25,587.4518855330788,588.7648782973704,583.2188384863542,585.501953125,42441400
2024-11-26,586.746407902425,589.2255088244219,586.0311216188419,588.5592041015625,45621300
2024-11-27,588.3730726347505,588.7551766837055,585.2570915650057,586.77587890625,34000200
2024-11-29,587.5890586237147,591.2047827973582,587.3147260107087,590.4208984375,30177400
2024-12-02,590.8323171053594,592.1551777846197,590.3423819959737,591.4790649414062,31746000
2024-12-03,591.2441090536275,591.9985687131837,590.2152569312856,591.7536010742188,26906600
2024-12-04,593.438872844782,595.6729460981672,592.7725681970518,595.427978515625,42787600
2024-12-05,595.4279904670244,596.2314913306755,594.0953811448159,594.4481201171875,28762200
2024-12-06,595.212525949607,596.8097196143469,594.8009970944031,595.5750732421875,31241500
2024-12-09,595.4574149257465,595.6239761392873,591.9200973185369,592.5079956054688,34742700
2024-12-10,593.1842290759141,593.6055662349224,590.0094580682774,590.6659545898438,37234500
2024-12-11,593.5858806768452,596.1825011825678,593.3114882757061,595.2320556640625,28677700
2024-12-12,594.3698085144841,594.9380902901107,592.1651000976562,592.1651000976562,31543800
2024-12-13,594.1934038090473,594.9086900260288,590.6756429397628,592.0474853515625,35904700
2024-12-16,593.8013634964105,595.5455612250375,593.0272875396962,594.575439453125,43695200
2024-12-17,592.0279524011855,592.9882063411098,590.7541327283874,592.1259155273438,55773500
2024-12-18,591.822113059209,594.2031909866316,574.0962907751041,574.4784545898438,108248700
2024-12-19,579.456129686489,581.0631314525076,574.057034359764,574.302001953125,85919500
2024-12-20,571.9778279294948,585.7225012446567,571.132257605004,581.199951171875,125716700
2024-12-23,580.9443919924163,585.2801382457641,577.7687172457148,584.680419921875,57635800
2024-12-24,586.0273454449668,591.2185033240278,585.4472496940897,591.1791381835938,33160100
2024-12-26,589.4093887705021,592.3392110668057,588.0133066034633,591.2184448242188,41219100
2024-12-27,587.4823184826345,587.7183292627742,580.8164691334702,584.9949340820312,64969300
2024-12-30,577.9949335439408,581.7801081982007,574.5734664197146,578.3193359375,56578800
2024-12-31,579.9808850967214,580.6986388843645,574.5832998036092,576.2153930664062,57052700
2025-01-02,579.4696102256324,581.1803135593343,570.7292291618253,574.799560546875,50204000
2025-01-03,577.6408633877121,582.6254735449975,576.5593423217554,581.9864501953125,37888500
2025-01-06,586.2338281568046,589.6060884935793,583.6087253809885,585.339111328125,47679400
2025-01-07,587.3643786767495,587.6888410122485,576.903513754268,578.7223510742188,60393100
2025-01-08,578.7911897402016,580.6395509433228,575.350100693004,579.56787109375,47304700
2025-01-10,576.0185903209236,576.0874192959229,568.8119506064235,570.7192993164062,73105000
2025-01-13,566.0788468496604,571.9581742427216,565.6658729466735,571.604248046875,47910100
2025-01-14,574.5242667122994,575.1535088845837,568.6154150795988,572.3908081054688,48420600
2025-01-15,580.3938376431494,583.943061283102,579.2828525136379,582.8026123046875,56900200
2025-01-16,584.1690862304802,584.34604932179,580.9836305712422,581.6817016601562,43319700
2025-01-17,586.9122299431212,589.27179809953,585.5849165977943,587.5217895507812,58070600
2025-01-21,590.5596519481012,592.9094384516549,588.5933154613438,592.8995971679688,42532900
2025-01-22,595.7213382459036,597.5893820777127,595.1707663809229,596.2326049804688,48196000
2025-01-23,595.6032899728609,599.48681640625,595.3280340779654,599.48681640625,41152100
2025-01-24,599.54587252364,600.4995770008244,596.5865262707722,597.73681640625,34604700
2025-01-27,584.798310310645,589.5961762199101,584.6311885086425,589.2815551757812,70361100
2025-01-28,590.5104687195756,595.1805175844501,587.1971967465958,594.3448486328125,44433300
2025-01-29,593.5583671362218,593.9614997638901,589.1341095636221,591.6805419921875,37177400
2025-01-30,593.7943615542468,596.3898803192325,590.6088457833347,594.8561401367188,39281300
2025-01-31,597.2747575383468,599.6933732210748,590.9333098394596,591.6903686523438,66566900
2025-02-03,582.6943625959686,590.1861005375324,580.5510628181718,587.7085571289062,65857200
2025-02-04,587.7674745011321,592.1622076462813,587.2267439810199,591.6510009765625,33457800
2025-02-05,590.5302880913656,594.1974870575806,588.5049635673978,594.0499877929688,30653100
2025-02-06,595.7901006731433,596.2423796576439,592.4866698522919,596.1145629882812,35771500
2025-02-07,596.6750050236558,597.8941240756534,589.9501076619601,590.6580200195312,50788500
2025-02-10,593.8631663388722,595.3083949100401,592.5948408497425,594.6693115234375,26048700
2025-02-11,592.4080280097315,595.662312577201,592.2900526181724,595.12158203125,30056700
2025-02-12,589.1144530437037,594.3743794070193,588.4360645213627,593.2044067382812,45076100
2025-02-13,594.3055297285264,599.6736500230521,593.0471055616473,599.4671630859375,40921300
2025-02-14,599.6737559982794,600.7060708506282,598.8184042628043,599.4378051757812,26910400
2025-02-18,600.5978525430173,601.1975708007812,598.1399318067746,601.1975708007812,26749000
2025-02-19,599.8112758662747,602.9082197102092,599.3000091966954,602.61328125,31011100
2025-02-20,601.2467110134413,601.3843689751305,596.8028311734677,600.1062622070312,36554000
2025-02-21,599.8899930676969,600.0276510429451,589.3799206723878,589.842041015625,76519800
2025-02-24,591.8869960824046,592.8800056614799,586.4500466079941,587.157958984375,50737200
2025-02-25,587.0990297013516,587.8265647106925,579.6367551973434,584.2379760742188,58266500
2025-02-26,585.8994552001853,589.488043359785,581.8979531727184,584.5328369140625,43321600
2025-02-27,586.8039490929929,587.9542991571739,574.809344386224,575.2025756835938,74196700
2025-02-28,575.7039886670112,584.70978328648,572.636508577737,584.1788940429688,88744100
2025-03-03,586.1453691683953,587.2858781939484,570.1394177375422,573.9442749023438,74249200
2025-03-04,569.9525173224438,575.5369060706639,562.6180601948478,567.1504516601562,109648200
2025-03-05,566.9833166199888,575.035467216836,563.434093538414,573.24609375,71230500
2025-03-06,565.7937090893346,570.4047711019521,560.523941077153,563.0703735351562,80094900
2025-03-07,561.2907328755356,567.6714847046253,556.1094174114145,566.2261962890625,81158800
2025-03-10,558.0365509948175,559.9536812738498,546.2385307775894,551.14453125,99326600
2025-03-11,549.9844552948313,554.5266887361913,542.7286673284324,546.56298828125,88102100
2025-03-12,552.7076387923001,553.6318192815521,544.3703918307585,549.4631958007812,69588200
2025-03-13,549.0896792735167,549.6992388466521,540.4279685563406,542.138671875,74079400
2025-03-14,546.7497351697265,554.3398260143258,542.2075022062043,553.3369750976562,62660300
2025-03-17,553.3172227764923,560.1207900872192,552.8846263579363,557.6038818359375,49008700
2025-03-18,555.2934322950165,555.5097605205915,549.6500559715837,551.5770874023438,66041400
2025-03-19,553.3566169353411,561.3399385264869,552.1768030039566,557.584228515625,66556000
2025-03-20,553.8483063542163,560.9664364159598,553.1305525718145,555.971923828125,62958200
2025-03-21,551.5204692681951,557.0526205906217,550.2878120115934,556.1552124023438,83763000
2025-03-24,562.880651498493,567.1703352751009,562.2890000340255,566.1151733398438,58766800
2025-03-25,567.3181993393742,568.4127846067184,565.73055113845,567.4760131835938,38355700
2025-03-26,567.2097001365158,568.3338979913931,559.3206937528307,560.7012939453125,51848300
2025-03-27,559.3108077400744,562.9792269072261,557.1018956425098,559.2122192382812,42164200
2025-03-28,557.6838014665011,558.4135249923543,547.3689030262066,547.95068359375,71662700
2025-03-31,542.201546342058,552.9305994826874,539.282592409213,551.62890625,95328200
2025-04-01,549.7158288612504,555.1296497708261,545.998115405224,553.1869506835938,54609600
2025-04-02,547.3491017135567,559.547472787333,547.1124411566806,556.687744140625,76014500
2025-04-03,537.5470765410741,540.3673821784607,529.2537841796875,529.2537841796875,125986000
2025-04-04,516.404523136506,518.5740121118964,498.05273494035157,498.2696838378906,217965100
2025-04-07,482.4029468413161,515.9114867336431,475.1154617622772,497.3822021484375,256611400
2025-04-08,514.6196468974629,517.6963548854247,482.3733480760591,489.591796875,165816600
2025-04-09,486.5939443539347,541.0083618164062,486.20934082523814,541.0083618164062,241867300
2025-04-10,524.7866027854379,526.0981670837639,502.25365007002944,517.3019409179688,162331200
2025-04-11,515.7537548286505,528.9875485351057,512.8545420601603,526.5321044921875,97866300
2025-04-14,536.5018528789103,536.7287027931718,526.4532262576091,531.6402587890625,68034000
2025-04-15,532.1826012332219,535.6932073834843,529.3622953201973,530.1511840820312,56892900
2025-04-16,524.3034408726064,530.4273047249436,513.0714517926509,518.366943359375,83484800
2025-04-17,520.3194821276195,523.800475242003,516.6411916080497,519.1065063476562,79868100
2025-04-21,513.9293002870572,514.4618467446136,501.40552056556845,506.7503356933594,69368100
2025-04-22,512.9235348557764,521.9564215250564,511.9867032226325,519.9348754882812,75948100
2025-04-23,532.9320165359907,537.8626460694973,526.4729038847668,527.9915161132812,90590700
2025-04-24,529.2735171048926,539.8349482182391,528.0211780146883,539.105224609375,64150400
2025-04-25,539.0657336001437,543.4046513367819,536.1467793425768,543.0003662109375,61119600
2025-04-28,543.7399439376,545.8699492792146,537.4583271221219,543.2073974609375,47613800
2025-04-29,541.2943585019403,547.7436606136026,540.9393676118534,546.6293334960938,47775100
2025-04-30,539.9729835885655,548.7988227140515,534.0069337400583,546.8462524414062,93101500
2025-05-01,552.5952816524762,556.2439589647481,550.1200963901105,550.7216186523438,63186100
2025-05-02,556.894803218062,560.4941864598073,554.5774316657111,558.8966674804688,60717300
2025-05-05,554.7648117792631,558.7882219920989,553.9068871278389,555.6917724609375,38659200
2025-05-06,550.1892553966732,555.5340413030556,549.2327420958744,551.0471801757812,48264700
2025-05-07,552.3783761794856,555.997440916007,548.3253535066884,553.364501953125,55588000
2025-05-08,557.3978323656503,562.3974982446085,553.9069681077176,557.2203369140625,65130800
2025-05-09,558.6205173502777,559.6263849147109,554.9521583078488,556.51025390625,37603400
2025-05-12,573.402558732667,574.9113601462691,569.0340285188223,574.9014892578125,78993600
2025-05-13,575.3155948085854,580.9069711222367,574.7535560992819,578.6980590820312,67947200
2025-05-14,579.6546629482465,580.8084133986617,577.4161378946785,579.437744140625,66283500
2025-05-15,577.4357820961777,582.7706958315019,576.9821425909696,582.267822265625,71268100
2025-05-16,583.0469103495059,586.2518193704545,581.1042713102905,585.9559936523438,76052100
2025-05-19,579.9406348417033,587.27741416191,579.9406348417033,586.5969848632812,68168500
2025-05-20,584.8614155899625,585.8080578995526,581.419785763877,584.6246948242188,60614500
2025-05-21,580.2759146876367,584.3584902721909,573.7477661832594,574.7733154296875,95197700
2025-05-22,574.5760350084579,578.4811148637216,573.3433777523152,575.0001220703125,70860400
2025-05-23,567.988738706783,573.7378691727489,567.6140060747297,571.0753173828125,76029000
2025-05-27,577.9387671986972,583.1060568711622,570.4047514802384,582.9483032226562,72588500
2025-05-28,583.3526236048898,584.545857588394,578.8460211072919,579.5757446289062,68445500
2025-05-29,584.8317737253767,584.9698457847473,577.9387639052553,581.863525390625,69973300
2025-05-30,580.7591899526665,582.928679235147,575.1481304892388,581.2128295898438,90601200
2025-06-02,579.6052986473595,584.5654800276525,576.9427470010985,584.4866333007812,61630500
2025-06-03,584.1218520308094,588.7960792462304,583.6385997733717,587.81982421875,63606200
2025-06-04,588.6777258495218,589.6539808386906,587.2280895107962,587.6619873046875,57314200
2025-06-05,589.3383724752952,590.6893600195378,582.8496477946317,584.8218994140625,92278700
2025-06-06,590.3541332655441,592.4940699072976,588.5791185976601,590.8275146484375,66588700
2025-06-09,591.3993476813894,592.9081490758875,590.1864321834666,591.3599243164062,53016400
2025-06-10,591.8925244948556,595.0974340255312,590.7782574774766,594.712890625,66247000
2025-06-11,595.8073544523882,596.6652790904382,590.9556323288738,593.0166015625,73658200
2025-06-12,591.6854337777163,595.37353515625,591.2022416981604,595.37353515625,64129000
2025-06-13,590.1962907494013,593.4997881009825,587.2181715759101,588.7171020507812,89506000
2025-06-16,592.0700235861916,596.0638215052488,591.8924679557008,594.318359375,79984100
2025-06-17,591.8826171802143,593.4012293190596,588.4804709653109,589.2398071289062,82209400
2025-06-18,590.1371267775953,592.8785252065284,588.1944276516227,589.1510009765625,76605000
2025-06-20,591.8224395288368,592.8906208578056,586.3629131433069,587.7673950195312,94051400
2025-06-23,588.5190130228361,593.9587392448562,585.4035696790836,593.5730590820312,87426000
2025-06-24,597.7072691809916,601.1886530620405,596.7973078378046,600.1304321289062,67735300
2025-06-25,601.247995602986,601.940336500435,598.903972841808,600.4666748046875,62114800
2025-06-26,602.3161684365299,605.5997923429508,601.7029677445283,605.1646118164062,78548400
2025-06-27,606.1636033457827,609.6351477759472,604.1360808658505,608.1713256835938,86258400
2025-06-30,610.6142811588834,612.4340832221852,608.2998981128763,611.0791015625,92502500
2025-07-01,609.6053849111585,612.0483479268365,608.7746241554748,610.8812866210938,70030100
2025-07-02,610.4757300098587,613.6901136433279,609.8526292762224,613.6505737304688,66510400
2025-07-03,615.628656191773,619.4167005776212,615.6088560521965,618.4869995117188,51065800
2025-07-07,616.5286747873084,617.1913758193931,611.0988485499288,613.8780517578125,74814500
2025-07-08,614.5406899285775,615.2923708557059,612.7307881009865,613.5418090820312,59024600
2025-07-09,615.945166968477,617.8737488887257,614.1055045789822,617.2210083007812,66113300
2025-07-10,617.3594891460615,620.0002120765442,616.1825277796053,618.9617309570312,57529000
2025-07-11,615.9154666088177,618.0122289852302,614.7187654701638,616.7858276367188,63670200
2025-07-14,616.3308265898004,618.3089087938923,614.9857451789246,617.9627685546875,51898500
2025-07-15,620.6431287961128,620.9793689858044,615.242942324076,615.3220825195312,74317300
2025-07-16,616.9044910111767,617.8836320494379,611.276844692317,617.3792114257812,88987500
2025-07-17,617.5573456006476,621.5135103761386,617.3397251475282,621.1574096679688,68885700
2025-07-18,622.4035141905442,622.5716342647312,619.5946714429975,620.702392578125,65621600
2025-07-21,621.87939453125,624.6189973413707,621.4541141003111,621.87939453125,63375000
2025-07-22,622.2057439990875,622.8288447335428,619.3276609031153,621.9683837890625,60046300
2025-07-23,624.6289433239532,627.2598266601562,622.8288811376781,627.2598266601562,70511000
2025-07-24,627.6454273719465,629.1784892953694,627.0421268182102,627.4674072265625,71307100
2025-07-25,628.1301201477661,630.5928227551882,627.8828598800927,630.1180419921875,56865400
2025-07-28,630.4939604147171,631.0478210681617,628.5752180855901,629.9598999023438,54917100
2025-07-29,631.3543820995848,631.6708825055948,627.3883778702398,628.2982788085938,60556300
2025-07-30,628.9510415464463,630.6917636576716,624.6190364089183,627.507080078125,80418900
2025-07-31,632.4522656090571,632.8379457731452,623.8574957354674,625.1531372070312,103385200
2025-08-01,619.4364414435403,619.476041722763,612.5032535330552,614.9066162109375,140103600
2025-08-04,618.813325728958,624.3024917393647,618.7243458354196,624.2530517578125,73218000
2025-08-05,624.866279158634,625.6773001361546,620.1683337507773,621.088134765625,68051400
2025-08-06,622.1562946160922,626.4981995520814,621.2463937026511,625.845458984375,64357500
2025-08-07,629.2674923107387,629.9993730574174,622.2156245224251,625.3212280273438,74205800
2025-08-08,627.1114619051468,630.6621463802445,626.794961476664,630.197265625,64051600
2025-08-11,630.4742118551501,631.947873553624,627.70484826023,628.9510498046875,58742300
2025-08-12,631.2950454377703,635.8050706066525,629.8114837326607,635.6468505859375,64730800
2025-08-13,637.842432642892,639.1084341540673,635.6368904336466,637.8226928710938,60092800
2025-08-14,635.7457782923831,638.5447818220973,635.300758040457,637.8821411132812,59327500
2025-08-15,638.9107148606824,639.0096552004113,635.4787708739423,636.388671875,68592500
2025-08-18,635.814941575414,636.942462907598,635.1424008771667,636.2501220703125,43804900
2025-08-19,636.0721245937336,637.0512656505922,631.4829592777961,632.7984008789062,69750700
2025-08-20,632.3929672116759,632.6500672159099,626.0136394005863,631.1170654296875,88890300
2025-08-21,629.3071240874224,630.9785456585483,626.864161086776,628.5850830078125,54805800
2025-08-22,630.7708500494616,639.4150594466402,630.2664294390896,638.2380981445312,84083200
2025-08-25,636.9820621561176,638.218363635622,635.3105801411765,635.4292602539062,51274300
2025-08-26,635.1621986940528,638.4359222802034,634.5390979794016,638.0897216796875,51581600
2025-08-27,637.5062179210042,640.2755208793137,637.3578376120881,639.5436401367188,48341100
2025-08-28,640.146950913372,642.3623933153343,638.267809046051,641.8085327148438,61519500
2025-08-29,640.374419619015,640.7404203673219,636.0919150690585,637.98095703125,74522200
2025-09-02,630.5136938017484,633.4709169972102,627.9619508913343,633.2533569335938,81983500
2025-09-03,635.6270215222661,637.1501834379544,633.4412793439511,636.685302734375,70820900
2025-09-04,637.3578424589464,642.0360478647699,636.4578416280056,642.00634765625,65219200
2025-09-05,644.3404973975818,645.0625384730564,636.2798483910566,640.14697265625,85178900
2025-09-08,641.5118230975241,642.718484610511,640.1370415028089,641.7195434570312,63133100
2025-09-09,641.8579832056892,643.7272854003053,640.1271612550325,643.203125,66133900
2025-09-10,646.4570825189741,647.3768835600082,643.4998590892842,645.0625610351562,78034500
2025-09-11,647.0109525903231,651.1154976382888,646.4274520986086,650.4231567382812,69934400
2025-09-12,650.393364548417,651.8868261792371,649.7010841125947,650.2054443359375,72780100
2025-09-15,652.4110731340584,653.7956944276398,652.114372883025,653.6671142578125,63772400
2025-09-16,654.2210123755038,654.5276730798186,651.9858301119879,652.7671508789062,61169000
2025-09-17,652.7770367516476,654.4682584259048,647.1295902463727,651.9561157226562,101952200
2025-09-18,654.6365009878455,657.6036246179045,653.0342590569163,655.00244140625,90459200
2025-09-19,656.8877828567474,659.0895125014193,654.9438659954435,658.2465209960938,97945600
2025-09-22,656.7588899327194,661.8070328507519,656.7291073786307,661.3607788085938,69452200
2025-09-23,661.2417286303936,661.8566899635472,656.540685502851,657.7606201171875,81708900
2025-09-24,659.0498612769777,659.1490153831234,654.2496039734066,655.6678466796875,68082200
2025-09-25,652.5338627083877,653.9917550046746,649.0328388399253,652.6429443359375,89622100
2025-09-26,654.0910020825955,656.9274877414105,652.4743904900326,656.3820190429688,69179200
2025-09-29,658.9010899003678,659.8135740530697,656.4216318338509,658.2266845703125,73499000
2025-09-30,657.4828203674869,661.1722852976668,656.173659297658,660.7061157226562,86288000
2025-10-01,657.7208144097488,663.8698820443607,657.6117327913598,662.9574584960938,72545400
2025-10-02,664.9410037342527,665.0600128657511,661.3011766397112,663.7210693359375,56896000
2025-10-03,664.4848020775174,667.1527012490268,662.6698219114437,663.7112426757812,70494400
2025-10-06,666.1014192164715,666.9841207809839,663.9591941673339,666.0914916992188,54623300
2025-10-07,667.0138297258598,667.4601442579947,662.1838505424819,663.6219482421875,72020100
2025-10-08,664.7426772273783,667.6783772359653,663.919480237528,667.5791625976562,60702200
2025-10-09,667.9957845708525,668.4023890582872,663.7112737749407,665.6452026367188,66501900
2025-10-10,666.6071968358344,668.4122493878771,647.4757221413303,647.6542358398438,159422600
2025-10-13,655.2216030747315,659.664772492732,654.3488290056752,657.5919189453125,79560500
2025-10-14,651.7701536094826,660.3590300864076,647.8030207789583,656.78857421875,88779600
2025-10-15,661.3408732132422,664.7228272522149,653.5156893256119,659.7044067382812,81702600
2025-10-16,661.340821247798,663.2153058553965,651.7105854492366,655.2116088867188,110563300
2025-10-17,654.0810128478913,660.2895852935891,652.7322022395391,658.9308471679688,96500900
2025-10-20,661.8367798071084,666.6866142382812,661.7872027532737,665.7840576171875,60493400
2025-10-21,665.9229005771253,667.4601523988813,664.4748753427003,665.7741088867188,56249000
2025-10-22,666.4783066993808,666.4783066993808,657.8497808005621,662.3128051757812,80564000
2025-10-23,662.6301900162397,667.1825015615415,662.3128121266341,666.2402954101562,65604500
2025-10-24,670.9016937183009,672.8951271271609,670.0983517375236,671.6851806640625,74356500
2025-10-27,677.1201116013259,679.9070199177999,676.5151383891614,679.6094970703125,63339800
2025-10-28,681.4046232640447,683.2493254549719,679.2028936555786,681.41455078125,61738100
2025-10-29,683.0609104229828,684.0328991417463,677.2590027977353,681.7418823242188,85657100
2025-10-30,678.2805836148408,680.3037996369978,674.2440185546875,674.2440185546875,76335800
2025-10-31,679.4110606194914,679.4507706842933,673.65873085131,676.45556640625,87164100
2025-11-03,680.0359699637585,680.1649066224819,674.3530715971103,677.7251586914062,57315000
2025-11-04,670.5545580097922,674.3729598389511,669.0371611161902,669.6917114257812,78427000
2025-11-05,669.4337786331213,675.2654684624238,668.6304366940664,672.012451171875,74402400
2025-11-06,670.9115428502156,671.8140994484131,663.2252231578799,664.8021850585938,85035300
2025-11-07,662.4218719882706,665.5658682287408,655.7769731606511,665.4567260742188,100592400
2025-11-10,671.6751969912248,676.5746080726943,669.4833950163819,675.8406982421875,75842900
2025-11-11,674.3629519753922,677.9532020666294,673.1529450781785,677.3878784179688,58953400
2025-11-12,679.1632192686196,679.3318660026857,675.3548055474994,677.7648315429688,62312500
2025-11-13,674.9085136071693,675.265541055433,665.0105359672095,666.5180053710938,103457800
2025-11-14,659.9127066954921,670.1082064558575,657.8200586834998,666.4088745117188,96846700
2025-11-17,664.1972328051172,668.1742931923078,656.7290761218832,660.2003173828125,90456100
2025-11-18,656.6596108350068,659.6548153709225,650.4708935566339,654.65625,114467500
2025-11-19,655.3505280387882,661.856623370592,653.3371790986623,657.185302734375,94703000
2025-11-20,667.3808213360044,670.0090710879778,646.5335791707308,647.1683349609375,165293500
2025-11-21,649.667590792559,659.0895314498267,645.5020891320908,653.6149291992188,123956200
2025-11-24,657.2447591605586,664.5541959227929,656.1538219404428,663.235107421875,80437900
2025-11-25,663.1360016067486,670.6537351639657,659.0200771396823,669.4735107421875,81077100
2025-11-26,672.0620713400136,676.0986363282427,671.1595147067713,674.09521484375,71879600
2025-11-28,675.2654787466182,678.0523870500939,674.9084513312986,677.7747192382812,49212000
2025-12-01,673.232272756968,677.3779187836101,673.1628406770591,674.6802978515625,61201200
2025-12-02,676.316803165018,678.2012155152329,673.7481184984898,675.9300537109375,62953800
2025-12-03,674.9779023816353,679.2822075879724,674.105128319461,678.2706298828125,57238500
2025-12-04,679.6689755171525,679.7384076011712,675.7415530139849,678.7664794921875,61970300
2025-12-05,679.8375623637357,682.7336127271673,678.9549213715281,680.0557861328125,79241000
2025-12-08,680.9484564225444,680.9980334759979,675.9696853695019,678.0127563476562,55231500
2025-12-09,677.5366934232544,679.7582780276033,676.9812972721672,677.4275512695312,58310100
2025-12-10,676.9515664343469,683.3088703732143,675.711837383319,681.92041015625,85671300
2025-12-11,679.51034738166,683.5865617528303,676.5647198382891,683.5072021484375,86173700
2025-12-12,682.5154459360199,683.2196338188487,673.5893968987631,676.1581420898438,113160300
2025-12-15,680.1053789946951,680.1252340287925,673.6687159286942,675.1365356445312,90811000
2025-12-16,673.6488975485244,675.4837328267965,669.4338188610296,673.2918701171875,122030600
2025-12-17,674.3034691132465,674.8489377460819,665.6848710067972,665.8832397460938,110625200
2025-12-18,672.0322187932205,675.1464323222394,669.3544527925658,670.9114990234375,108650100
2025-12-19,673.0134542661981,677.4896664833268,672.8940327515619,676.9923095703125,103599500
2025-12-22,680.3245900087294,681.7370666700199,676.9923229108747,681.2098999023438,69556700
2025-12-23,680.3046207584179,684.562024812114,680.2548972126992,684.3233032226562,64840000
2025-12-24,684.313382495532,687.1781631452748,684.164151137988,686.7305297851562,39445600
2025-12-26,686.989161229118,688.0037280321676,685.6264081645946,686.660888671875,41613300
2025-12-29,683.9055083361335,685.5567672531378,682.4433081832867,684.2138671875,62559500
2025-12-30,683.8160334465714,684.9201512250444,682.9506372729019,683.3783569335938,47160700
2025-12-31,683.5076844111845,683.726492314561,678.1063955310838,678.3152465820312,74144800
2026-01-02,682.0852055985325,683.2390468658663,676.2263268834449,679.55859375,89377200
2026-01-05,682.910778712987,685.7855161168121,682.7516512212146,684.0845336914062,71927200
2026-01-06,684.2934596862484,688.6602678554459,684.1442890432024,688.1529541015625,69273800
2026-01-07,688.5309418430683,690.2916046822218,685.6761181181482,685.9347534179688,75588300
2026-01-08,685.1787573638412,686.9692300361542,683.8557710289468,685.8651123046875,64019200
2026-01-09,686.9791831428475,691.6344363504869,685.5368360184962,690.4010009765625,80125500
2026-01-12,687.0289310253164,692.410366767912,686.979207477028,691.4852294921875,63976000
2026-01-13,691.813478661017,692.4103433578374,687.6953490317495,690.1026000976562,78309700
2026-01-14,687.3472637531122,688.0634285762314,682.4134612479594,686.7106323242188,94676700
2026-01-15,690.8983886882239,691.7737417111902,687.5959315038539,688.5806884765625,77862000
2026-01-16,689.9931507530615,690.5800586110835,686.4519720383781,688.0037231445312,79289200
2026-01-20,677.8874730475171,681.1501633341576,672.9934983300664,673.9981689453125,111623300
2026-01-21,676.0572511802958,685.0991655259935,674.5452667925615,681.77685546875,127844500
2026-01-22,686.2033478813381,687.476610793547,683.2888434897402,685.3379516601562,77112200
2026-01-23,684.5123006998919,687.3074439470811,683.5274830754288,685.5865478515625,63059600
2026-01-26,686.8399050563427,690.4606777697717,686.272910918868,689.0680541992188,60473800
2026-01-27,690.5104039402848,692.8480177488461,689.9036431059924,691.8134765625,55506100
2026-01-28,693.3652237572153,694.1510864943795,690.271678492269,691.7438354492188,61172200
2026-01-29,692.7087686795362,693.375209936545,681.2098793986574,690.3711547851562,97486200
2026-01-30,688.1330315570439,690.5402826440542,683.487735152998,688.3120727539062,101835100
2026-02-02,685.9348095869553,693.2459322689688,685.7756213682558,691.7339477539062,79286500
2026-02-03,692.529690413304,693.2757257351432,680.4140840721383,685.885009765625,107904600
2026-02-04,686.7006659106327,687.7948875474046,678.1561081391175,682.5626831054688,105204600
2026-02-05,677.3404209861714,680.0758839506523,672.2176206040476,674.0379638671875,113610800
2026-02-06,677.8576866055596,688.6503070282812,677.2508650473027,686.96923828125,89127600
2026-02-09,685.7755944360715,692.1915108078678,684.7013472083629,690.2816772460938,73885200
2026-02-10,691.276360737094,692.8579216647231,688.0037135108784,688.4613037109375,65185700
2026-02-11,692.7087599208829,693.4547952732178,685.5368515439336,688.3021850585938,76353900
2026-02-12,690.5701102294341,691.6742279947084,676.7734344520502,677.668701171875,118829000
2026-02-13,678.0864377658819,682.6522007204912,673.9384983110481,678.1461181640625,96267500
2026-02-17,676.5446598627462,681.31927396984,672.2077222570326,679.2402954101562,81354700
2026-02-18,680.4041503420104,685.507036973797,679.2204384959671,682.662109375,73570300
2026-02-19,680.225062656192,682.5526587813481,677.9471293624403,680.8616333007812,58649400
2026-02-20,678.7131823752115,686.4122580979458,678.126274472082,685.7855834960938,100034000
2026-02-23,684.1940214696967,686.3525334522094,676.7734345413753,678.7827758789062,90558100
2026-02-24,678.295350173768,684.7112054782021,676.4053697086953,683.7164916992188,73798700
2026-02-25,686.53156929616,690.0130676270821,686.4519751919497,689.4859008789062,56369500
2026-02-26,689.615191050754,689.6350440416309,680.7323436648176,685.6561889648438,71671000
2026-02-27,679.4790749097389,683.2291046432514,678.0367277603054,682.3637084960938,83308900
2026-03-02,675.1123137702438,684.9798583327654,674.4359156260907,682.751708984375,87477200
2026-03-03,671.4915420947397,679.0016196644848,666.1200629162043,676.7337036132812,105003100
2026-03-04,678.026741603972,683.4579005621853,676.0273572426378,681.5082397460938,79182200
2026-03-05,678.474445192334,681.9062201445739,672.0386149612469,677.70849609375,106606500
2026-03-06,669.8502072585248,672.5359467168151,666.2195382406165,668.82568359375,100687000
2026-03-09,662.8673651303956,676.3258117079225,658.888509802078,674.6845703125,102667700
2026-03-10,674.1374043547928,679.7476047325034,671.1930903760745,673.6002807617188,81505300
2026-03-11,673.9982140650914,676.4849986405864,669.7806371390539,672.7548217773438,68441700
2026-03-12,667.6120785283837,668.0995392824933,662.3500644519811,662.5390625,108882200
2026-03-13,665.7321452917186,668.7859240392634,657.863924887251,658.7890014648438,97200200
2026-03-16,664.8468199428278,668.5173163233716,663.5934708305671,665.493408203125,82023100
2026-03-17,668.8355969918504,670.8747480492216,666.1598145596139,667.2440185546875,87128000
2026-03-18,664.8268919718373,666.1796881508768,657.6948111200146,657.9335327148438,82062600
2026-03-19,653.4971375917409,659.4753776238247,651.7066647804095,656.3121948242188,111272500
2026-03-20,654.8230422006715,655.0025723674255,643.063298812559,646.9034423828125,163617500
2026-03-23,656.3790129905765,660.9173090129275,652.2596206790361,653.6959228515625,134802700
2026-03-24,649.6463809650626,655.3417305137531,648.2100787416998,651.5015869140625,96457500
2026-03-25,656.9774239230809,659.1917509309695,652.5588148295345,655.1322021484375,90653800
2026-03-26,650.3844333840033,653.1672421520028,643.1630473705688,643.432373046875,96494400
2026-03-27,640.8489947137006,641.0085567819559,631.4831091918358,632.4606323242188,103649400
2026-03-30,638.4651675144013,638.7245091624994,627.6630399662237,630.3460693359375,99275900
2026-03-31,637.2981538716512,649.865752001465,636.3405988140365,648.6688842773438,152534100
2026-04-01,652.219751792706,656.8278752918841,651.3220400966815,653.5562744140625,97841500
2026-04-02,644.7589215344626,656.5086804928782,643.4522901873171,654.144775390625,68358700
2026-04-06,654.1746977251443,658.0247645183308,653.8356054757206,657.23681640625,39105800
2026-04-07,654.9626585699763,657.9150134208243,649.386996170508,657.5260009765625,69980400
2026-04-08,674.6519776493207,675.3402070755335,669.734652974974,674.27294921875,93606100
2026-04-09,673.1059235004034,679.4096297331154,672.0386657215836,678.162841796875,57134400
2026-04-10,679.5692561407437,680.2774536083281,676.7066358948267,677.7140502929688,42253500
2026-04-13,675.669302461078,684.536473353906,674.8414790590384,684.3369750976562,54185800
2026-04-14,685.9229138241225,692.7952238870419,685.8929616905456,692.675537109375,63480500
2026-04-15,693.4734516118131,698.480571570673,692.4161778504387,698.1414184570312,58240400
2026-04-16,699.2585607342904,700.9741726960574,696.7350934539525,699.8569946289062,49972400
2026-04-17,704.3255249385737,710.5594650064761,703.9464965121796,708.3152465820312,70661900
2026-04-20,706.9587079747221,708.0857482546458,704.3254772575062,706.8988037109375,43546800
2026-04-21,708.4548936431559,709.4523240430285,700.8345107773317,702.2708129882812,58941400
2026-04-22,707.3278031045794,709.6218808832724,706.4001392457644,709.3825073242188,42518500
2026-04-23,707.6768673789517,710.5295037064266,700.4754491270062,706.6295776367188,56174000
2026-04-24,708.9236633096505,712.6340752101273,707.1881441382454,712.10546875,45182000
2026-04-27,711.3374146094498,713.7911152864904,710.4696550399041,713.332275390625,33135900
2026-04-28,709.9908768700561,711.0481506026886,707.4274735730012,709.8612060546875,43117400
2026-04-29,709.1729992133655,710.3699278433978,706.5497524472755,709.7515258789062,41859200
2026-04-30,712.7936806635566,717.9403946619685,708.6244289610544,716.8132934570312,67240900
2026-05-01,719.3966516418469,723.0073446973263,718.6186267345964,718.7982177734375,43049800
2026-05-04,718.2196821209096,720.2644021704073,713.152718877996,716.1649780273438,51950600
2026-05-05,719.9153564929043,723.1769124909786,719.6360467603954,721.9102172851562,36933200
2026-05-06,726.288861980811,732.7023927493656,725.9497697512824,731.9443359375,53288900
2026-05-07,733.161188473549,734.238430329629,727.8748196364371,729.7001342773438,51724600
2026-05-08,733.0415191543954,736.1834492768152,732.6824588199246,735.724609375,47227100
2026-05-11,734.5576163199453,738.8864300819614,734.5576163199453,737.4002685546875,44024000
2026-05-12,734.9964788307154,736.9414802248905,729.9494836014034,736.2831420898438,54185300
2026-05-13,736.5723674930287,741.9983910774667,733.5800764180441,740.4025268554688,44200200
2026-05-14,741.7391534739264,747.6040491923611,741.649357949993,746.2474975585938,45307600
2026-05-15,739.8838927249178,741.5496453663399,736.0637780312098,737.2706298828125,60410800
2026-05-18,737.9289136337939,739.5147938000424,731.5054597381557,736.751953125,47843900
2026-05-19,732.8919551385734,735.7545755811656,729.650306265128,731.8446044921875,54255900
2026-05-20,733.8195334397973,739.9636778498481,732.0042028263388,739.3452758789062,45768000
2026-05-21,736.7419902854853,742.9559620700644,735.1361419849363,740.8114624023438,43332200
2026-05-22,744.3224328967863,747.015507083493,742.566945697205,743.7239990234375,41762000
2026-05-26,748.0827892360243,750.1973368284331,746.4469887578754,748.6613159179688,41123600
2026-05-27,748.9505199197505,749.4492351039673,746.2973210478585,748.5316162109375,42106300
2026-05-28,748.3221518516883,753.2095851254732,747.3047533704411,752.6609497070312,41562600
2026-05-29,753.9576670103595,756.1320579864754,752.7507543048832,754.5361328125,55075700
2026-06-01,753.4189990020213,758.3264003155792,752.7507376917755,756.5908203125,43634900
2026-06-02,755.0847737682097,758.4461093852723,754.805464031348,757.6182250976562,31581900
2026-06-03,756.2018667594974,756.8501599793441,751.6336185743088,752.3018798828125,51402500
2026-06-04,750.1673635570705,756.3614281257201,749.5389775481502,755.1445922851562,49923000
2026-06-05,750.3768677170906,750.8855669656407,733.6400171295905,735.65478515625,93989400
2026-06-08,741.4498108327123,743.4247643242134,736.2931129658897,737.3204345703125,49319100
2026-06-09,741.7191759970133,744.9807928982774,720.7332622187009,735.1560668945312,87683500
2026-06-10,731.5054857614351,736.4826536495077,723.4661992814284,723.56591796875,60341300
2026-06-11,726.8873842592473,738.0984921563339,722.5485255148498,735.8642578125,86330500
2026-06-12,738.8066884479139,742.5270843334097,733.1412911200548,739.843994140625,57079500
2026-06-15,749.9179969688896,754.7356026867302,749.8282623277308,752.890380859375,60176400
2026-06-16,752.6111046530555,753.4988323298886,747.9531216783239,748.4019775390625,67093100
2026-06-17,749.3594421826946,750.217278570044,737.3204502885575,739.0560302734375,85945200
2026-06-18,747.760009765625,748.22998046875,743.8599853515625,746.739990234375,80875700
2026-06-22,747.7000122070312,750.1799926757812,743.1300048828125,744.3900146484375,46628100
2026-06-23,733.8099975585938,739.6300048828125,732.2999877929688,733.5800170898438,66846800
2026-06-24,735.1699829101562,739.9500122070312,730.8400268554688,733.239990234375,57439500
2026-06-25,738.9099731445312,739.3699951171875,729.5999755859375,734.2999877929688,53934400
2026-06-26,728.9500122070312,736.530029296875,716.5800170898438,728.989990234375,71034000
2026-06-29,736.530029296875,741.5599975585938,732.0900268554688,741.0,58035200
2026-06-30,741.2899780273438,748.02001953125,740.8900146484375,746.77001953125,55626000
2026-07-01,745.0,749.4400024414062,742.3800048828125,745.760009765625,47100900
2026-07-02,747.4000244140625,751.3099975585938,740.030029296875,744.780029296875,57447800
2026-07-06,748.739990234375,752.4099731445312,747.4099731445312,751.280029296875,50673300
2026-07-07,750.219970703125,750.9600219726562,745.2100219726562,747.7100219726562,43721500
2026-07-08,743.1599731445312,746.1500244140625,739.510009765625,745.4000244140625,43767400
2026-07-09,747.3499755859375,751.969970703125,745.5900268554688,751.7100219726562,41441700
2026-07-10,752.0499877929688,755.4199829101562,748.0999755859375,754.9500122070312,42191300
2026-07-13,752.469970703125,753.9099731445312,748.0,749.1699829101562,44013600
2026-07-14,750.9099731445312,753.3400268554688,748.6599731445312,751.8300170898438,35143100
2026-07-15,754.239990234375,755.5800170898438,750.2000122070312,754.8099975585938,43844800
2026-07-16,752.760009765625,754.5700073242188,747.8800048828125,750.719970703125,46409800
2026-07-17,742.0800170898438,747.2899780273438,740.7999877929688,743.2899780273438,62651000
2026-07-20,747.0599975585938,748.72998046875,741.510009765625,742.0900268554688,50422300
2026-07-21,746.2899780273438,749.0399780273438,744.1799926757812,748.280029296875,34324300
2026-07-22,746.6199951171875,750.02001953125,746.3699951171875,747.4099731445312,32836200
2026-07-23,739.3699951171875,742.5599975585938,735.2100219726562,738.1799926757812,55437300
2026-07-24,738.510009765625,743.719970703125,737.2899780273438,738.9299926757812,44782000
2026-07-27,744.9099731445312,745.530029296875,735.8699951171875,739.0900268554688,41461200
2026-07-28,739.1900024414062,742.7899780273438,735.97998046875,740.8599853515625,47322200
2026-07-29,739.969970703125,742.6799926757812,729.0999755859375,729.4600219726562,70697200
2026-07-30,736.0499877929688,742.4500122070312,734.5900268554688,741.6900024414062,66811300
2026-07-31,744.6799926757812,748.9000244140625,737.6799926757812,747.030029296875,62445900
2026-08-03,749.4400024414062,758.5800170898438,748.7999877929688,757.6699829101562,59927500
2026-08-04,760.6300048828125,773.4099731445312,760.52001953125,771.3300170898438,69154800
2026-08-05,775.8499755859375,776.8499755859375,769.510009765625,769.7899780273438,44689100
2026-08-06,770.2100219726562,771.8200073242188,767.4600219726562,768.5599975585938,38416900
2026-08-07,771.02001953125,773.9199829101562,769.6099853515625,773.260009765625,43586300
2026-08-10,772.5999755859375,775.0499877929688,771.6199951171875,773.030029296875,39249500
2026-08-11,774.530029296875,774.6099853515625,769.2000122070312,770.5599975585938,36740600
2026-08-12,774.7100219726562,774.9000244140625,771.280029296875,772.489990234375,33179100
2026-08-13,774.8699951171875,779.3699951171875,774.1099853515625,777.8800048828125,35634500
2026-08-14,778.5399780273438,778.7999877929688,775.4299926757812,776.3400268554688,31332500
2026-08-17,776.1799926757812,776.7750244140625,775.0,775.4420166015625,5138574
